所属模块,用例标题,前置条件,步骤,预期,关键词,优先级,用例类型,适用阶段
/工作台（林禹成） - 数据统计 - 管理员展示所有数据 - 总任务数/,工作台（林禹成） - 数据统计 - 管理员展示所有数据 - 总任务数 - 该用户的总任务数/管理员所有任务总数,系统已启动，用户已登录,"1. 打开工作台页面
2. 选择数据统计功能
3. 点击查看总任务数按钮","1. 成功打开工作台页面
2. 数据统计功能成功加载
3. 系统展示该用户的总任务数和管理员所有任务总数",1,1,功能测试,功能测试阶段
/工作台（林禹成） - 数据统计 - 管理员展示所有数据 - 待采集/,工作台（林禹成） - 数据统计 - 管理员展示所有数据 - 待采集 - 状态为“已创建”，还未采集完成的任务,系统已启动，用户已登录,"1. 打开数据统计功能页面
2. 选择待采集状态
3. 点击展示所有数据按钮","1. 成功打开数据统计页面
2. 状态为“已创建”的任务被正确筛选
3. 系统成功展示所有未采集完成的任务",1,4,功能测试,功能测试阶段
/工作台（林禹成） - 数据统计 - 管理员展示所有数据 - 待标注/,工作台（林禹成） - 数据统计 - 管理员展示所有数据 - 待标注 - 状态为“已采集”，还未提交标注的任务,系统已启动，用户已登录,"1. 打开工作台功能页面
2. 选择数据统计模块
3. 过滤状态为“已采集”的任务
4. 查看待标注的任务列表","1. 成功打开工作台页面
2. 成功进入数据统计模块
3. 系统正确过滤出状态为“已采集”的任务
4. 显示待标注的任务列表",1,4,功能测试,功能测试阶段
/工作台（林禹成） - 数据统计 - 管理员展示所有数据 - 待质检/,工作台（林禹成） - 数据统计 - 管理员展示所有数据 - 待质检 - 状态为“已标注”，还未完成质检的任务,系统已启动，用户已登录,"1. 打开工作台页面
2. 选择数据统计功能
3. 过滤状态为“已标注”的任务
4. 查看待质检的任务列表","1. 成功打开工作台页面
2. 数据统计功能正常显示
3. 成功过滤出状态为“已标注”的任务
4. 显示待质检的任务列表",1,1,功能测试,功能测试阶段
/工作台（林禹成） - 数据统计 - 管理员展示所有数据 - 已转换/,工作台（林禹成） - 数据统计 - 管理员展示所有数据 - 已转换 - 已完成数据转换的任务,系统已启动，用户已登录,"1. 打开工作台页面
2. 选择数据统计功能
3. 点击已转换选项
4. 查看已完成数据转换的任务","1. 成功打开工作台页面
2. 数据统计功能成功加载
3. 已转换选项成功显示
4. 系统展示所有已完成数据转换的任务",1,2,功能测试,功能测试阶段
/工作台（林禹成） - 数据统计 - 管理员展示所有数据 - 已导出/,工作台（林禹成） - 数据统计 - 管理员展示所有数据 - 已导出 - 已完成数据导出的任务,系统已启动，用户已登录,"1. 打开数据统计功能页面
2. 选择已导出的数据任务
3. 点击查看已完成数据的按钮","1. 成功打开数据统计页面
2. 正确显示已导出的数据任务
3. 系统成功展示已完成数据",1,3,功能测试,功能测试阶段
/工作台（林禹成） - 数据统计/,工作台（林禹成） - 数据统计 - 非管理员不展示此区域,系统已启动，用户已登录,"1. 打开工作台页面
2. 检查数据统计区域是否可见","1. 成功打开工作台页面
2. 数据统计区域对非管理员用户不可见",1,3,功能测试,功能测试阶段
/工作台（林禹成） - 我的任务/任务列表/,工作台（林禹成） - 我的任务/任务列表 - 展示当前用户所有的任务/管理员展示所有任务,系统已启动，用户已登录,"1. 打开工作台页面
2. 选择我的任务或任务列表选项
3. 查看当前用户的所有任务或管理员的所有任务","1. 成功打开工作台页面
2. 正确显示我的任务或任务列表选项
3. 系统成功展示当前用户的所有任务或管理员的所有任务",1,3,功能测试,功能测试阶段
/工作台（林禹成） - 我的任务/任务列表 - 可点击【详情】查看/,工作台（林禹成） - 我的任务/任务列表 - 可点击【详情】查看 - 与任务管理中【详情】内容一致,系统已启动，用户已登录,"1. 打开工作台页面
2. 进入我的任务/任务列表
3. 点击某个任务的【详情】按钮","1. 成功打开工作台页面
2. 成功显示我的任务/任务列表
3. 弹出任务详情窗口，内容与任务管理中的【详情】一致",1,3,功能测试,功能测试阶段
/任务管理（林禹成） - 展示：当前用户的数据/管理员展示所有数据 - 总任务数/,任务管理（林禹成） - 展示：当前用户的数据/管理员展示所有数据 - 总任务数 - 该用户的总任务数/管理员所有任务总数,系统已启动，用户已登录,"1. 打开任务管理页面
2. 根据用户角色选择展示当前用户的数据或管理员展示所有数据
3. 查看总任务数和该用户的总任务数/管理员所有任务总数","1. 成功打开任务管理页面
2. 数据根据用户角色正确展示
3. 总任务数和该用户的总任务数/管理员所有任务总数正确显示",1,3,功能测试,功能测试阶段
/任务管理（林禹成） - 展示：当前用户的数据/管理员展示所有数据 - 已创建/,任务管理（林禹成） - 展示：当前用户的数据/管理员展示所有数据 - 已创建 - 状态为“已创建”，还未采集完成的任务,系统已启动，用户已登录,"1. 打开任务管理页面
2. 选择当前用户的数据或管理员权限
3. 查看状态为“已创建”的任务","1. 成功打开任务管理页面
2. 正确显示当前用户的数据或所有数据
3. 列出状态为“已创建”的任务，且未采集完成",1,4,功能测试,功能测试阶段
/任务管理（林禹成） - 展示：当前用户的数据/管理员展示所有数据 - 已采集/,任务管理（林禹成） - 展示：当前用户的数据/管理员展示所有数据 - 已采集 - 状态为“已采集”，还未提交标注的任务,系统已启动，用户已登录,"1. 打开任务管理页面
2. 选择数据展示选项
3. 设置状态为“已采集”并过滤未提交标注的任务","1. 成功打开任务管理页面
2. 数据展示选项正确选择
3. 系统成功显示当前用户的已采集且未提交标注的任务",1,3,功能测试,功能测试阶段
/任务管理（林禹成） - 展示：当前用户的数据/管理员展示所有数据 - 已标注/,任务管理（林禹成） - 展示：当前用户的数据/管理员展示所有数据 - 已标注 - 状态为“已标注”，还未完成质检的任务,系统已启动，用户已登录,"1. 打开任务管理页面
2. 选择当前用户的数据或管理员展示所有数据
3. 过滤状态为“已标注”的任务
4. 查看未完成质检的任务","1. 成功打开任务管理页面
2. 数据正确展示
3. 状态为“已标注”的任务成功过滤
4. 显示未完成质检的任务列表",1,3,功能测试,功能测试阶段
/任务管理（林禹成） - 展示：当前用户的数据/管理员展示所有数据 - 已质检/,任务管理（林禹成） - 展示：当前用户的数据/管理员展示所有数据 - 已质检 - 状态为“已质检”，还未进行数据转换的任务,系统已启动，用户已登录,"1. 打开任务管理功能页面
2. 选择当前用户的数据或管理员权限
3. 设置过滤条件为状态为“已质检”且未进行数据转换
4. 点击查询按钮","1. 成功打开任务管理页面
2. 正确显示当前用户的数据或所有数据
3. 过滤条件应用成功
4. 系统成功展示符合条件的任务列表",1,1,功能测试,功能测试阶段
/任务管理（林禹成） - 展示：当前用户的数据/管理员展示所有数据 - 已转换/,任务管理（林禹成） - 展示：当前用户的数据/管理员展示所有数据 - 已转换 - 状态为“已转换”，还未进行数据导出的任务,系统已启动，用户已登录,"1. 打开任务管理功能页面
2. 选择当前用户的数据或管理员展示所有数据
3. 过滤状态为“已转换”的任务
4. 检查未进行数据导出的任务","1. 成功打开任务管理页面
2. 正确展示当前用户的数据或管理员展示所有数据
3. 成功过滤出状态为“已转换”的任务
4. 正确显示未进行数据导出的任务",1,2,功能测试,功能测试阶段
/任务管理（林禹成） - 展示：当前用户的数据/管理员展示所有数据 - 已导出/,任务管理（林禹成） - 展示：当前用户的数据/管理员展示所有数据 - 已导出 - 状态为“已导出”，已完成数据导出的任务,系统已启动，用户已登录,"1. 打开任务管理页面
2. 选择当前用户的数据或管理员权限
3. 设置状态为“已导出”
4. 点击查询按钮","1. 成功打开任务管理页面
2. 正确显示当前用户的数据或所有数据
3. 系统成功过滤出状态为“已导出”的任务
4. 显示已完成数据导出的任务列表",1,1,功能测试,功能测试阶段
/任务管理（林禹成） - 查询/,任务管理（林禹成） - 查询 - 任务名称/编号模糊查询,系统已启动，用户已登录,"1. 打开任务管理页面
2. 在查询框中输入任务名称或编号
3. 点击查询按钮","1. 成功打开任务管理页面
2. 查询框正确显示输入内容
3. 系统成功返回匹配的任务列表",1,3,功能测试,功能测试阶段
/任务管理（林禹成） - 查询 - 状态[下拉框]/,任务管理（林禹成） - 查询 - 状态[下拉框] - 已创建,系统已启动，用户已登录,"1. 打开任务管理页面
2. 在状态下拉框中选择'已创建'
3. 点击查询按钮","1. 成功打开任务管理页面
2. 状态下拉框正确显示'已创建'
3. 系统成功查询并显示已创建的任务列表",1,3,功能测试,功能测试阶段
/任务管理（林禹成） - 查询 - 状态[下拉框]/,任务管理（林禹成） - 查询 - 状态[下拉框] - 已采集,系统已启动，用户已登录,"1. 打开任务管理页面
2. 在状态下拉框中选择'已采集'
3. 点击查询按钮","1. 成功打开任务管理页面
2. 状态下拉框正确显示'已采集'
3. 系统成功查询并显示相关任务",1,2,功能测试,功能测试阶段
/任务管理（林禹成） - 查询 - 状态[下拉框]/,任务管理（林禹成） - 查询 - 状态[下拉框] - 已标注,系统已启动，用户已登录,"1. 打开任务管理页面
2. 在状态下拉框中选择'已标注'
3. 点击查询按钮","1. 成功打开任务管理页面
2. 状态下拉框正确显示'已标注'
3. 系统成功处理并显示查询结果",1,4,功能测试,功能测试阶段
/任务管理（林禹成） - 查询 - 状态[下拉框]/,任务管理（林禹成） - 查询 - 状态[下拉框] - 已质检,系统已启动，用户已登录,"1. 打开任务管理页面
2. 在状态下拉框中选择'已质检'
3. 点击查询按钮","1. 成功打开任务管理页面
2. 状态下拉框成功选择'已质检'
3. 系统成功显示已质检的任务列表",1,3,功能测试,功能测试阶段
/任务管理（林禹成） - 查询 - 状态[下拉框]/,任务管理（林禹成） - 查询 - 状态[下拉框] - 已转换,系统已启动，用户已登录,"1. 打开任务管理页面
2. 在状态下拉框中选择'已转换'
3. 点击查询按钮","1. 成功打开任务管理页面
2. 状态下拉框正确显示'已转换'
3. 系统成功查询并显示已转换的任务列表",1,2,功能测试,功能测试阶段
/任务管理（林禹成） - 查询 - 状态[下拉框]/,任务管理（林禹成） - 查询 - 状态[下拉框] - 已导出,系统已启动，用户已登录,"1. 打开任务管理页面
2. 在状态下拉框中选择'已导出'
3. 点击查询按钮","1. 成功打开任务管理页面
2. 状态下拉框正确显示'已导出'
3. 系统成功查询并显示相关任务",1,4,功能测试,功能测试阶段
/任务管理（林禹成） - 查询 - 【查询】/,任务管理（林禹成） - 查询 - 【查询】 - 查询显示符合筛选条件的数据,系统已启动，用户已登录,"1. 打开任务管理页面
2. 输入筛选条件
3. 点击查询按钮","1. 成功打开任务管理页面
2. 筛选条件正确输入
3. 系统成功显示符合筛选条件的数据",1,4,功能测试,功能测试阶段
/任务管理（林禹成） - 查询 - 【查询】/,任务管理（林禹成） - 查询 - 【查询】 - 翻页后查询数据正常,系统已启动，用户已登录,"1. 打开任务管理页面
2. 输入查询条件
3. 点击查询按钮
4. 翻页查看查询结果","1. 成功打开任务管理页面
2. 查询条件正确输入
3. 系统成功处理并显示查询结果
4. 翻页后查询结果正常显示",1,2,功能测试,功能测试阶段
/任务管理（林禹成） - 查询 - 【重置】/,任务管理（林禹成） - 查询 - 【重置】 - 回到默认为空进行查询,系统已启动，用户已登录,"1. 打开任务管理页面
2. 输入查询条件
3. 点击重置按钮","1. 成功打开任务管理页面
2. 查询条件被清空
3. 系统返回到默认状态，准备进行新的查询",1,2,功能测试,功能测试阶段
/任务管理（林禹成） - 【创建任务】 - * 任务名称/,任务管理（林禹成） - 【创建任务】 - * 任务名称 - 必填项,系统已启动，用户已登录,"1. 打开任务管理页面
2. 输入任务名称
3. 点击创建任务按钮","1. 成功打开任务管理页面
2. 任务名称正确输入
3. 系统成功处理并提示任务创建成功",1,4,功能测试,功能测试阶段
/任务管理（林禹成） - 【创建任务】 - * 任务名称 - 限制/,任务管理（林禹成） - 【创建任务】 - * 任务名称 - 限制 - 长度<=32,系统已启动，用户已登录,"1. 打开任务管理页面
2. 输入任务名称，确保长度不超过32个字符
3. 点击创建任务按钮","1. 成功打开任务管理页面
2. 任务名称正确输入且长度符合要求
3. 系统成功处理并提示任务创建成功",1,3,功能测试,功能测试阶段
/任务管理（林禹成） - 【创建任务】 - * 任务名称 - 限制/,任务管理（林禹成） - 【创建任务】 - * 任务名称 - 限制 - 仅支持中英文字母、数字、_ 、,系统已启动，用户已登录,"1. 打开任务管理功能页面
2. 输入任务名称（仅支持中英文字母、数字、_）
3. 点击创建任务按钮","1. 成功打开任务管理页面
2. 任务名称正确输入且符合限制
3. 系统成功处理并提示任务创建成功",1,4,功能测试,功能测试阶段
/任务管理（林禹成） - 【创建任务】 - 任务描述 - 限制/,任务管理（林禹成） - 【创建任务】 - 任务描述 - 限制 - 长度<=255,系统已启动，用户已登录,"1. 打开任务管理页面
2. 输入任务描述，长度为256字符
3. 点击提交按钮","1. 成功打开页面
2. 系统提示任务描述长度超出限制
3. 不允许提交任务",1,2,功能测试,功能测试阶段
/任务管理（林禹成） - 【创建任务】 - 标注层级 - 【添加根节点】/,任务管理（林禹成） - 【创建任务】 - 标注层级 - 【添加根节点】 - 长度<=16,系统已启动，用户已登录,"1. 打开任务管理页面
2. 点击创建任务按钮
3. 输入根节点名称（长度<=16）
4. 点击添加根节点按钮","1. 成功打开任务管理页面
2. 创建任务窗口成功弹出
3. 根节点名称正确输入
4. 系统成功添加根节点并提示操作成功",1,1,功能测试,功能测试阶段
/任务管理（林禹成） - 【创建任务】 - 标注层级 - 鼠标移动到添加的根节点 - 【+同级】/,任务管理（林禹成） - 【创建任务】 - 标注层级 - 鼠标移动到添加的根节点 - 【+同级】 - 添加同级节点,系统已启动，用户已登录,"1. 打开任务管理功能页面
2. 鼠标移动到添加的根节点
3. 点击【+同级】按钮
4. 输入同级节点的名称
5. 点击提交按钮","1. 成功打开任务管理页面
2. 鼠标成功移动到根节点
3. 成功显示【+同级】选项
4. 同级节点名称正确输入
5. 系统成功处理并提示操作成功",1,4,功能测试,功能测试阶段
/任务管理（林禹成） - 【创建任务】 - 标注层级 - 鼠标移动到添加的根节点 - 【+子级】/,任务管理（林禹成） - 【创建任务】 - 标注层级 - 鼠标移动到添加的根节点 - 【+子级】 - 添加节点下的子节点,系统已启动，用户已登录,"1. 打开任务管理页面
2. 鼠标移动到添加的根节点
3. 点击【+子级】按钮
4. 输入子节点名称
5. 点击提交按钮","1. 成功打开任务管理页面
2. 鼠标成功悬停在根节点上
3. 子级添加选项成功显示
4. 子节点名称正确输入
5. 系统成功处理并提示操作成功",1,1,功能测试,功能测试阶段
/任务管理（林禹成） - 【创建任务】 - 标注层级 - 鼠标移动到添加的根节点 - 【编辑】/,任务管理（林禹成） - 【创建任务】 - 标注层级 - 鼠标移动到添加的根节点 - 【编辑】 - 可重新编辑节点名,系统已启动，用户已登录,"1. 打开任务管理功能页面
2. 创建一个新的任务并添加根节点
3. 鼠标移动到添加的根节点
4. 点击编辑按钮
5. 输入新的节点名","1. 成功打开任务管理页面
2. 新任务和根节点成功创建
3. 鼠标成功移动到根节点
4. 编辑按钮可点击
5. 节点名成功更新",1,1,功能测试,功能测试阶段
/任务管理（林禹成） - 【创建任务】 - 标注层级 - 鼠标移动到添加的根节点 - 【删除】 - 节点下无子节点 - 二次确认“确定删除该节点？”/,任务管理（林禹成） - 【创建任务】 - 标注层级 - 鼠标移动到添加的根节点 - 【删除】 - 节点下无子节点 - 二次确认“确定删除该节点？” - 删除该节点,系统已启动，用户已登录,"1. 打开任务管理页面
2. 鼠标移动到添加的根节点
3. 点击删除按钮
4. 确认弹出框中点击“确定”按钮","1. 成功打开任务管理页面
2. 鼠标成功移动到根节点
3. 弹出删除确认框
4. 节点成功删除",1,4,功能测试,功能测试阶段
/任务管理（林禹成） - 【创建任务】 - 标注层级 - 鼠标移动到添加的根节点 - 【删除】 - 节点下有子节点 - 二次确认“确定删除该节点及其下 X 个子节点？”/,任务管理（林禹成） - 【创建任务】 - 标注层级 - 鼠标移动到添加的根节点 - 【删除】 - 节点下有子节点 - 二次确认“确定删除该节点及其下 X 个子节点？” - 删除节点，节点下有子节点一并删除,系统已启动，用户已登录,"1. 打开任务管理页面
2. 鼠标移动到添加的根节点
3. 点击删除按钮
4. 确认弹出框中点击“确定”按钮","1. 成功打开任务管理页面
2. 鼠标成功移动到根节点
3. 弹出删除确认框
4. 节点及其下的子节点成功删除",1,2,功能测试,功能测试阶段
/任务管理（林禹成） - 【创建任务】 - 标注层级/,任务管理（林禹成） - 【创建任务】 - 标注层级 - 作用：根节点相当于标注的L1层，根节点下的子节点相当于标注的L2层，依此类推。标注新增时，“描述”下拉中会展示对应的节点名称，用于标注时的快速选择，无需自己再手动输入,系统已启动，用户已登录,"1. 打开任务管理功能页面
2. 选择创建任务选项
3. 在描述下拉中查看对应的节点名称","1. 成功打开任务管理页面
2. 成功进入创建任务界面
3. 描述下拉中展示对应的节点名称",1,4,功能测试,功能测试阶段
/任务管理（林禹成） - 【创建任务】 - * 数据分类/,任务管理（林禹成） - 【创建任务】 - * 数据分类 - 必填项，单选,系统已启动，用户已登录,"1. 打开任务管理页面
2. 选择数据分类
3. 点击创建任务按钮","1. 成功打开任务管理页面
2. 数据分类正确选择
3. 系统成功处理并提示任务创建成功",1,4,功能测试,功能测试阶段
/任务管理（林禹成） - 【创建任务】 - * 数据分类/,任务管理（林禹成） - 【创建任务】 - * 数据分类 - 下拉数据来源：数据分类管理,系统已启动，用户已登录,"1. 打开任务管理功能页面
2. 选择数据分类下拉框
3. 从下拉列表中选择数据来源：数据分类管理
4. 点击创建任务按钮","1. 成功打开任务管理页面
2. 数据分类下拉框成功显示
3. 数据来源：数据分类管理成功被选中
4. 系统成功处理并提示任务创建成功",1,1,功能测试,功能测试阶段
/任务管理（林禹成） - 【创建任务】 - * 数据分类 - 展示规则：分类编码/,任务管理（林禹成） - 【创建任务】 - * 数据分类 - 展示规则：分类编码 - 分类名称,系统已启动，用户已登录,"1. 打开任务管理页面
2. 点击创建任务按钮
3. 输入分类编码和分类名称
4. 点击提交按钮","1. 成功打开任务管理页面
2. 成功显示创建任务界面
3. 数据正确输入
4. 系统成功处理并提示任务创建成功",1,3,功能测试,功能测试阶段
/任务管理（林禹成） - 【创建任务】 - * 数据分类/,任务管理（林禹成） - 【创建任务】 - * 数据分类 - 创建时间倒序,系统已启动，用户已登录,"1. 打开任务管理页面
2. 选择数据分类
3. 设置创建时间为倒序
4. 点击创建任务按钮","1. 成功打开任务管理页面
2. 数据分类成功选择
3. 创建时间设置为倒序
4. 系统成功处理并提示任务创建成功",1,2,功能测试,功能测试阶段
/任务管理（林禹成） - 【创建任务】 - * 标签/,任务管理（林禹成） - 【创建任务】 - * 标签 - 必填项，可多选,系统已启动，用户已登录,"1. 打开任务管理页面
2. 点击创建任务按钮
3. 输入任务标题
4. 选择标签（可多选）
5. 点击提交按钮","1. 成功打开任务管理页面
2. 成功显示创建任务界面
3. 任务标题正确输入
4. 标签成功选择
5. 系统成功处理并提示任务创建成功",1,4,功能测试,功能测试阶段
/任务管理（林禹成） - 【创建任务】 - * 标签/,任务管理（林禹成） - 【创建任务】 - * 标签 - 下拉数据来源：标签管理,系统已启动，用户已登录,"1. 打开任务管理页面
2. 点击创建任务按钮
3. 在标签输入框中选择下拉数据来源：标签管理
4. 输入任务名称和描述
5. 点击提交按钮","1. 成功打开任务管理页面
2. 创建任务窗口成功弹出
3. 标签下拉框成功显示标签管理中的数据
4. 任务名称和描述正确输入
5. 系统成功处理并提示任务创建成功",1,3,功能测试,功能测试阶段
/任务管理（林禹成） - 【创建任务】 - * 标签/,任务管理（林禹成） - 【创建任务】 - * 标签 - 展示规则：标签名称,系统已启动，用户已登录,"1. 打开任务管理页面
2. 点击创建任务按钮
3. 输入任务名称和选择标签
4. 点击提交按钮","1. 成功打开任务管理页面
2. 创建任务窗口成功弹出
3. 标签名称正确显示
4. 系统成功处理并提示任务创建成功",1,4,功能测试,功能测试阶段
/任务管理（林禹成） - 【创建任务】 - * 标签/,任务管理（林禹成） - 【创建任务】 - * 标签 - 创建时间倒序,系统已启动，用户已登录,"1. 打开任务管理页面
2. 点击创建任务按钮
3. 输入任务标题和描述
4. 选择标签
5. 设置创建时间为倒序
6. 点击提交按钮","1. 成功打开任务管理页面
2. 成功弹出创建任务窗口
3. 任务标题和描述正确输入
4. 标签成功选择
5. 创建时间设置为倒序
6. 系统成功处理并提示任务创建成功",1,3,功能测试,功能测试阶段
/任务管理（林禹成） - 【创建任务】 - * 机器人构型/,任务管理（林禹成） - 【创建任务】 - * 机器人构型 - 必填项，单选,系统已启动，用户已登录,"1. 打开任务管理功能页面
2. 选择机器人构型
3. 填写必填项
4. 点击提交按钮","1. 成功打开任务管理页面
2. 成功选择机器人构型
3. 必填项正确填写
4. 系统成功处理并提示任务创建成功",1,2,功能测试,功能测试阶段
/任务管理（林禹成） - 【创建任务】 - * 机器人构型/,任务管理（林禹成） - 【创建任务】 - * 机器人构型 - 下拉数据来源：机器人构型管理,系统已启动，用户已登录,"1. 打开任务管理页面
2. 选择机器人构型作为数据来源
3. 输入任务名称和描述
4. 点击创建任务按钮","1. 成功打开任务管理页面
2. 数据来源成功选择为机器人构型
3. 任务名称和描述正确输入
4. 系统成功处理并提示任务创建成功",1,4,功能测试,功能测试阶段
/任务管理（林禹成） - 【创建任务】 - * 机器人构型/,任务管理（林禹成） - 【创建任务】 - * 机器人构型 - 展示规则：构型名称（机器人型号）,系统已启动，用户已登录,"1. 打开任务管理页面
2. 选择创建任务选项
3. 输入机器人构型名称
4. 点击提交按钮","1. 成功打开任务管理页面
2. 成功进入创建任务界面
3. 机器人构型名称正确输入
4. 系统成功处理并提示任务创建成功",1,1,功能测试,功能测试阶段
/任务管理（林禹成） - 【创建任务】 - * 机器人构型/,任务管理（林禹成） - 【创建任务】 - * 机器人构型 - 创建时间倒序,系统已启动，用户已登录,"1. 打开任务管理页面
2. 选择创建任务功能
3. 输入机器人构型和创建时间倒序的相关信息
4. 点击提交按钮","1. 成功打开任务管理页面
2. 成功进入创建任务功能
3. 输入信息正确显示
4. 系统成功处理并提示任务创建成功",1,2,功能测试,功能测试阶段
/任务管理（林禹成） - 【创建任务】 - 采集要求 - 限制/,任务管理（林禹成） - 【创建任务】 - 采集要求 - 限制 - 长度<=255,系统已启动，用户已登录,"1. 打开任务管理页面
2. 输入任务名称，长度超过255个字符
3. 点击提交按钮","1. 成功打开页面
2. 系统提示任务名称长度超过限制
3. 不允许提交任务",1,4,功能测试,功能测试阶段
/任务管理（林禹成） - 【创建任务】 - * 目标数量/,任务管理（林禹成） - 【创建任务】 - * 目标数量 - 默认：100,系统已启动，用户已登录,"1. 打开任务管理功能页面
2. 输入目标数量为默认值100
3. 点击创建任务按钮","1. 成功打开任务管理页面
2. 目标数量正确显示为100
3. 系统成功处理并提示任务创建成功",1,2,功能测试,功能测试阶段
/任务管理（林禹成） - 【创建任务】 - * 目标数量/,"任务管理（林禹成） - 【创建任务】 - * 目标数量 - 可输入范围 [1,10000]",系统已启动，用户已登录,"1. 打开任务管理页面
2. 输入目标数量（范围1到10000）
3. 点击创建任务按钮","1. 成功打开任务管理页面
2. 目标数量正确输入
3. 系统成功处理并提示任务创建成功",1,2,功能测试,功能测试阶段
/任务管理（林禹成） - 【创建任务】 - 优先级/,任务管理（林禹成） - 【创建任务】 - 优先级 - 低,系统已启动，用户已登录,"1. 打开任务管理页面
2. 点击创建任务按钮
3. 输入任务名称和描述
4. 设置优先级为低
5. 点击提交按钮","1. 成功打开任务管理页面
2. 成功弹出创建任务窗口
3. 任务名称和描述正确输入
4. 优先级设置为低
5. 系统成功处理并提示任务创建成功",1,1,功能测试,功能测试阶段
/任务管理（林禹成） - 【创建任务】 - 优先级 - 中/,任务管理（林禹成） - 【创建任务】 - 优先级 - 中 - 默认,系统已启动，用户已登录,"1. 打开任务管理页面
2. 点击创建任务按钮
3. 输入任务名称和描述
4. 选择优先级为中
5. 点击提交按钮","1. 成功打开任务管理页面
2. 成功弹出创建任务窗口
3. 任务名称和描述正确输入
4. 优先级设置为中
5. 系统成功处理并提示任务创建成功",1,3,功能测试,功能测试阶段
/任务管理（林禹成） - 【创建任务】 - 优先级/,任务管理（林禹成） - 【创建任务】 - 优先级 - 高,系统已启动，用户已登录,"1. 打开任务管理页面
2. 点击创建任务按钮
3. 输入任务名称和描述
4. 选择优先级为高
5. 点击提交按钮","1. 成功打开任务管理页面
2. 成功显示创建任务界面
3. 输入的任务名称和描述正确显示
4. 选择的优先级为高
5. 系统成功处理并提示任务创建成功",1,2,功能测试,功能测试阶段
/任务管理（林禹成） - 【创建任务】 - 【取消】/,任务管理（林禹成） - 【创建任务】 - 【取消】 - 关闭弹框，不创建,系统已启动，用户已登录,"1. 打开任务管理页面
2. 点击创建任务按钮
3. 在弹框中点击取消按钮","1. 成功打开任务管理页面
2. 创建任务弹框成功显示
3. 弹框关闭，未创建任务",1,4,功能测试,功能测试阶段
/任务管理（林禹成） - 【创建任务】 - 【创建任务】 - 校验/,任务管理（林禹成） - 【创建任务】 - 【创建任务】 - 校验 - 必填项校验,系统已启动，用户已登录,"1. 打开任务管理页面
2. 点击创建任务按钮
3. 不输入必填项数据
4. 点击提交按钮","1. 成功打开任务管理页面
2. 弹出创建任务窗口
3. 系统提示必填项不能为空
4. 提交操作未成功",1,4,功能测试,功能测试阶段
/任务管理（林禹成） - 【创建任务】 - 【创建任务】 - 校验 - 幂等测试/,任务管理（林禹成） - 【创建任务】 - 【创建任务】 - 校验 - 幂等测试 - 任务名称唯一性校验,系统已启动，用户已登录,"1. 打开任务管理页面
2. 输入任务名称
3. 点击创建任务按钮","1. 成功打开任务管理页面
2. 任务名称正确输入
3. 系统提示任务名称已存在，创建失败",1,4,功能测试,功能测试阶段
/任务管理（林禹成） - 【创建任务】 - 【创建任务】 - 校验/,任务管理（林禹成） - 【创建任务】 - 【创建任务】 - 校验 - 所选“数据分类、标签、机器人构型”不存在,系统已启动，用户已登录,"1. 打开任务管理页面
2. 选择不存在的数据分类
3. 选择不存在的标签
4. 选择不存在的机器人构型
5. 点击创建任务按钮","1. 成功打开任务管理页面
2. 系统提示所选数据分类不存在
3. 系统提示所选标签不存在
4. 系统提示所选机器人构型不存在
5. 创建任务操作未成功",1,4,功能测试,功能测试阶段
/任务管理（林禹成） - 【创建任务】 - 【创建任务】/,任务管理（林禹成） - 【创建任务】 - 【创建任务】 - 创建成功后，列表页生成一条数据，状态为“已创建”，采集人、标注人、质检人展示“未指派”,系统已启动，用户已登录,"1. 打开任务管理页面
2. 输入任务名称和相关信息
3. 点击创建任务按钮","1. 成功打开任务管理页面
2. 任务名称和相关信息正确输入
3. 系统成功处理并提示任务创建成功，列表页生成一条数据，状态为“已创建”，采集人、标注人、质检人展示“未指派”",1,1,功能测试,功能测试阶段
/任务管理（林禹成） - 列表页 - 任务编号 - 自动生成，规则：TASK - 年/,任务管理（林禹成） - 列表页 - 任务编号 - 自动生成，规则：TASK - 年 - 001自增,系统已启动，用户已登录,"1. 打开任务管理列表页面
2. 创建新任务
3. 查看任务编号","1. 成功打开任务管理列表页面
2. 新任务成功创建
3. 任务编号自动生成，格式为TASK - 年 - 001自增",1,3,功能测试,功能测试阶段
/任务管理（林禹成） - 列表页 - 任务名称/,任务管理（林禹成） - 列表页 - 任务名称 - 与创建任务时填写的一致,系统已启动，用户已登录,"1. 打开任务管理列表页面
2. 查找并选择已创建的任务
3. 比对任务名称与创建时填写的名称","1. 成功打开任务管理列表页面
2. 成功找到已创建的任务
3. 任务名称与创建时填写的名称一致",1,4,功能测试,功能测试阶段
/任务管理（林禹成） - 列表页 - 分类 - 与创建任务时选择的数据分类一致/,任务管理（林禹成） - 列表页 - 分类 - 与创建任务时选择的数据分类一致 - 只展示分类名称,系统已启动，用户已登录,"1. 打开任务管理列表页面
2. 选择一个分类
3. 查看列表中展示的任务分类名称","1. 成功打开任务管理列表页面
2. 选择的分类正确显示
3. 列表中仅展示与创建任务时选择的分类名称一致的任务",1,2,功能测试,功能测试阶段
/任务管理（林禹成） - 列表页 - 状态/,任务管理（林禹成） - 列表页 - 状态 - 已创建,系统已启动，用户已登录,"1. 打开任务管理列表页面
2. 选择状态为'已创建'
3. 点击查询按钮","1. 成功打开任务管理列表页面
2. 状态筛选正确应用
3. 系统成功显示已创建状态的任务列表",1,4,功能测试,功能测试阶段
/任务管理（林禹成） - 列表页 - 状态/,任务管理（林禹成） - 列表页 - 状态 - 已采集,系统已启动，用户已登录,"1. 打开任务管理列表页面
2. 选择状态为'已采集'
3. 点击查询按钮","1. 成功打开任务管理列表页面
2. 状态筛选正确应用
3. 系统成功显示已采集的任务列表",1,2,功能测试,功能测试阶段
/任务管理（林禹成） - 列表页 - 状态/,任务管理（林禹成） - 列表页 - 状态 - 已标注,系统已启动，用户已登录,"1. 打开任务管理列表页面
2. 选择状态过滤为已标注
3. 点击应用过滤按钮","1. 成功打开任务管理列表页面
2. 状态过滤成功应用
3. 列表中仅显示已标注的任务",1,1,功能测试,功能测试阶段
/任务管理（林禹成） - 列表页 - 状态/,任务管理（林禹成） - 列表页 - 状态 - 已质检,系统已启动，用户已登录,"1. 打开任务管理列表页面
2. 选择状态为已质检
3. 点击刷新按钮","1. 成功打开任务管理列表页面
2. 列表中仅显示状态为已质检的任务
3. 系统成功刷新并展示最新数据",1,4,功能测试,功能测试阶段
/任务管理（林禹成） - 列表页 - 状态/,任务管理（林禹成） - 列表页 - 状态 - 已转换,系统已启动，用户已登录,"1. 打开任务管理列表页面
2. 选择状态过滤为'已转换'
3. 点击应用过滤按钮","1. 成功打开任务管理列表页面
2. 状态过滤成功应用
3. 列表中仅显示状态为'已转换'的任务",1,2,功能测试,功能测试阶段
/任务管理（林禹成） - 列表页 - 状态/,任务管理（林禹成） - 列表页 - 状态 - 已导出,系统已启动，用户已登录,"1. 打开任务管理列表页面
2. 选择状态为已导出的任务
3. 点击刷新按钮","1. 成功打开任务管理列表页面
2. 显示状态为已导出的任务
3. 列表成功更新并显示最新数据",1,4,功能测试,功能测试阶段
/任务管理（林禹成） - 列表页 - 采集人/,任务管理（林禹成） - 列表页 - 采集人 - 刚创建时展示“未指派”,系统已启动，用户已登录,"1. 打开任务管理列表页面
2. 创建一个新的任务
3. 查看新创建任务的状态","1. 成功打开任务管理列表页面
2. 新任务成功创建
3. 新任务状态显示为“未指派”",1,4,功能测试,功能测试阶段
/任务管理（林禹成） - 列表页 - 采集人 - 指派后展示用户姓名/,任务管理（林禹成） - 列表页 - 采集人 - 指派后展示用户姓名 - 修改用户姓名后对应变更,系统已启动，用户已登录,"1. 打开任务管理列表页面
2. 选择一个采集人并进行指派
3. 修改该采集人的用户姓名","1. 成功打开任务管理列表页面
2. 指派成功并展示用户姓名
3. 用户姓名成功变更并在列表中更新",1,2,功能测试,功能测试阶段
/任务管理（林禹成） - 列表页 - 标注人/,任务管理（林禹成） - 列表页 - 标注人 - 刚创建时展示“未指派”,系统已启动，用户已登录,"1. 打开任务管理列表页面
2. 创建一个新任务
3. 查看新任务的标注人状态","1. 成功打开任务管理列表页面
2. 新任务成功创建
3. 新任务的标注人状态显示为“未指派”",1,4,功能测试,功能测试阶段
/任务管理（林禹成） - 列表页 - 标注人 - 指派后展示用户姓名/,任务管理（林禹成） - 列表页 - 标注人 - 指派后展示用户姓名 - 修改用户姓名后对应变更,系统已启动，用户已登录,"1. 打开任务管理列表页面
2. 找到需要指派的任务
3. 指派用户并保存
4. 修改指派用户的姓名","1. 成功打开任务管理列表页面
2. 任务成功显示在列表中
3. 指派用户姓名正确显示
4. 修改后用户姓名在任务列表中正确更新",1,1,功能测试,功能测试阶段
/任务管理（林禹成） - 列表页 - 质检人/,任务管理（林禹成） - 列表页 - 质检人 - 刚创建时展示“未指派”,系统已启动，用户已登录,"1. 打开任务管理列表页面
2. 创建一个新任务
3. 刷新任务列表","1. 成功打开任务管理列表页面
2. 新任务成功创建
3. 新任务状态显示为“未指派”",1,1,功能测试,功能测试阶段
/任务管理（林禹成） - 列表页 - 质检人 - 指派后展示用户姓名/,任务管理（林禹成） - 列表页 - 质检人 - 指派后展示用户姓名 - 修改用户姓名后对应变更,系统已启动，用户已登录,"1. 打开任务管理列表页面
2. 指派质检人并保存
3. 修改质检人的姓名","1. 成功打开任务管理列表页面
2. 系统成功指派质检人并显示用户姓名
3. 系统成功更新并展示修改后的用户姓名",1,1,功能测试,功能测试阶段
/任务管理（林禹成） - 列表页 - 创建时间/,任务管理（林禹成） - 列表页 - 创建时间 - 展示：年月日，建议改为：年月日 时分秒,系统已启动，用户已登录,"1. 打开任务管理列表页面
2. 查看创建时间字段
3. 检查时间格式是否为：年月日 时分秒","1. 成功打开任务管理列表页面
2. 创建时间字段正常显示
3. 创建时间格式正确为：年月日 时分秒",1,4,功能测试,功能测试阶段
/任务管理（林禹成） - 列表页 - 创建时间/,任务管理（林禹成） - 列表页 - 创建时间 - 列表排序：创建时间倒序,系统已启动，用户已登录,"1. 打开任务管理列表页面
2. 点击创建时间列标题进行排序
3. 查看列表中任务的创建时间顺序","1. 成功打开任务管理列表页面
2. 创建时间列被成功点击并排序
3. 列表中的任务按照创建时间倒序排列",1,1,功能测试,功能测试阶段
/任务管理（林禹成） - 列表页 - 操作 - 【详情】 - 顶部信息/,任务管理（林禹成） - 列表页 - 操作 - 【详情】 - 顶部信息 - 任务名称,系统已启动，用户已登录,"1. 打开任务管理列表页面
2. 找到并点击某个任务的详情按钮
3. 查看顶部信息中的任务名称","1. 成功打开任务管理列表页面
2. 成功进入任务详情页面
3. 顶部信息中正确显示任务名称",1,3,功能测试,功能测试阶段
/任务管理（林禹成） - 列表页 - 操作 - 【详情】 - 顶部信息/,任务管理（林禹成） - 列表页 - 操作 - 【详情】 - 顶部信息 - 任务状态,系统已启动，用户已登录,"1. 打开任务管理列表页面
2. 找到并点击某个任务的详情按钮
3. 查看顶部信息中的任务状态","1. 成功打开任务管理列表页面
2. 成功进入任务详情页面
3. 正确显示任务的当前状态",1,4,功能测试,功能测试阶段
/任务管理（林禹成） - 列表页 - 操作 - 【详情】 - 顶部信息/,任务管理（林禹成） - 列表页 - 操作 - 【详情】 - 顶部信息 - 已创建 已采集 已标注 已质检 已转换 已导出 —— 完成的会高亮,系统已启动，用户已登录,"1. 打开任务管理列表页面
2. 查找已创建、已采集、已标注、已质检、已转换、已导出的任务
3. 查看完成的任务是否高亮显示","1. 成功打开任务管理列表页面
2. 所有任务状态正确显示
3. 完成的任务高亮显示",1,1,功能测试,功能测试阶段
/任务管理（林禹成） - 列表页 - 操作 - 【详情】 - 基本信息 - 任务编号/,任务管理（林禹成） - 列表页 - 操作 - 【详情】 - 基本信息 - 任务编号 - 与列表页一致,系统已启动，用户已登录,"1. 打开任务管理列表页面
2. 找到并点击某个任务的详情按钮
3. 检查任务编号是否与列表页一致","1. 成功打开任务管理列表页面
2. 成功进入任务详情页面
3. 任务编号与列表页显示一致",1,2,功能测试,功能测试阶段
/任务管理（林禹成） - 列表页 - 操作 - 【详情】 - 基本信息 - 创建人/,任务管理（林禹成） - 列表页 - 操作 - 【详情】 - 基本信息 - 创建人 - 创建该任务的用户姓名,系统已启动，用户已登录,"1. 打开任务管理列表页面
2. 找到并点击某个任务的详情按钮
3. 查看基本信息中的创建人字段","1. 成功打开任务管理列表页面
2. 成功进入该任务的详情页面
3. 创建人字段显示正确的用户姓名",1,2,功能测试,功能测试阶段
/任务管理（林禹成） - 列表页 - 操作 - 【详情】 - 基本信息 - 分类/,任务管理（林禹成） - 列表页 - 操作 - 【详情】 - 基本信息 - 分类 - 与列表页一致,系统已启动，用户已登录,"1. 打开任务管理列表页面
2. 找到并点击某个任务的详情按钮
3. 检查基本信息中的分类是否与列表页一致","1. 成功打开任务管理列表页面
2. 成功进入任务详情页面
3. 分类信息与列表页中的分类一致",1,2,功能测试,功能测试阶段
/任务管理（林禹成） - 列表页 - 操作 - 【详情】 - 基本信息 - 机器人构型/,任务管理（林禹成） - 列表页 - 操作 - 【详情】 - 基本信息 - 机器人构型 - 创建任务时选择的机器人构型,系统已启动，用户已登录,"1. 打开任务管理列表页面
2. 找到并点击某个任务的详情按钮
3. 查看基本信息中的机器人构型","1. 成功打开任务管理列表页面
2. 成功进入任务详情页面
3. 正确显示创建任务时选择的机器人构型",1,2,功能测试,功能测试阶段
/任务管理（林禹成） - 列表页 - 操作 - 【详情】 - 基本信息 - 机器人构型/,任务管理（林禹成） - 列表页 - 操作 - 【详情】 - 基本信息 - 机器人构型 - 展示规则：构型名称（机器人型号）,系统已启动，用户已登录,"1. 打开任务管理列表页面
2. 找到并点击某个任务的详情按钮
3. 查看基本信息中的机器人构型展示规则","1. 成功打开任务管理列表页面
2. 成功进入任务详情页面
3. 正确显示机器人构型名称及型号",1,1,功能测试,功能测试阶段
/任务管理（林禹成） - 列表页 - 操作 - 【详情】 - 基本信息 - 标签/,任务管理（林禹成） - 列表页 - 操作 - 【详情】 - 基本信息 - 标签 - 创建任务时选择的标签，逗号分隔,系统已启动，用户已登录,"1. 打开任务管理列表页面
2. 找到并点击某个任务的详情按钮
3. 查看基本信息中的标签字段","1. 成功打开任务管理列表页面
2. 成功进入任务详情页面
3. 标签字段显示创建任务时选择的标签，且标签之间用逗号分隔",1,1,功能测试,功能测试阶段
/任务管理（林禹成） - 列表页 - 操作 - 【详情】 - 基本信息 - 目标数量/,任务管理（林禹成） - 列表页 - 操作 - 【详情】 - 基本信息 - 目标数量 - 创建任务时输入的目标数量,系统已启动，用户已登录,"1. 打开任务管理列表页面
2. 找到并点击某个任务的详情按钮
3. 查看基本信息中的目标数量","1. 成功打开任务管理列表页面
2. 成功进入任务详情页面
3. 目标数量与创建任务时输入的目标数量一致",1,2,功能测试,功能测试阶段
/任务管理（林禹成） - 列表页 - 操作 - 【详情】 - 基本信息 - 优先级/,任务管理（林禹成） - 列表页 - 操作 - 【详情】 - 基本信息 - 优先级 - 创建任务时选择的优先级,系统已启动，用户已登录,"1. 打开任务管理列表页面
2. 选择一个任务并点击详情按钮
3. 查看基本信息中的优先级","1. 成功打开任务管理列表页面
2. 成功显示任务详情
3. 优先级显示为创建任务时选择的优先级",1,4,功能测试,功能测试阶段
/任务管理（林禹成） - 列表页 - 操作 - 【详情】 - 基本信息 - 退回次数/,任务管理（林禹成） - 列表页 - 操作 - 【详情】 - 基本信息 - 退回次数 - 建议删除,系统已启动，用户已登录,"1. 打开任务管理列表页面
2. 找到目标任务并点击详情按钮
3. 查看基本信息中的退回次数
4. 点击建议删除按钮","1. 成功打开任务管理列表页面
2. 成功显示目标任务的详情信息
3. 正确显示退回次数
4. 系统成功处理并提示删除建议已提交",1,3,功能测试,功能测试阶段
/任务管理（林禹成） - 列表页 - 操作 - 【详情】 - 基本信息 - 采集要求/,任务管理（林禹成） - 列表页 - 操作 - 【详情】 - 基本信息 - 采集要求 - 创建任务时输入的采集要求,系统已启动，用户已登录,"1. 打开任务管理列表页面
2. 选择一个任务并点击详情按钮
3. 查看基本信息中的采集要求","1. 成功打开任务管理列表页面
2. 成功显示任务的基本信息
3. 正确显示任务的采集要求",1,2,功能测试,功能测试阶段
/任务管理（林禹成） - 列表页 - 操作 - 【详情】 - 基本信息 - 任务描述/,任务管理（林禹成） - 列表页 - 操作 - 【详情】 - 基本信息 - 任务描述 - 创建任务时输入的任务描述,系统已启动，用户已登录,"1. 打开任务管理列表页面
2. 点击某个任务的详情按钮
3. 查看基本信息中的任务描述","1. 成功打开任务管理列表页面
2. 成功进入任务详情页面
3. 任务描述正确显示为创建任务时输入的内容",1,2,功能测试,功能测试阶段
/任务管理（林禹成） - 列表页 - 操作 - 【详情】 - 基本信息 - 标注层级/,任务管理（林禹成） - 列表页 - 操作 - 【详情】 - 基本信息 - 标注层级 - 创建任务时输入的标注层级,系统已启动，用户已登录,"1. 打开任务管理列表页面
2. 找到并点击某个任务的详情按钮
3. 查看基本信息中的标注层级","1. 成功打开任务管理列表页面
2. 成功进入任务详情页面
3. 正确显示创建任务时输入的标注层级",1,1,功能测试,功能测试阶段
/任务管理（林禹成） - 列表页 - 操作 - 【详情】 - 基本信息 - S3 根目录/,任务管理（林禹成） - 列表页 - 操作 - 【详情】 - 基本信息 - S3 根目录 - 刚创建任务时，显示：,系统已启动，用户已登录,"1. 打开任务管理列表页面
2. 找到刚创建的任务
3. 点击任务的详情按钮","1. 成功打开任务管理列表页面
2. 正确显示刚创建的任务
3. 系统成功展示任务的基本信息",1,2,功能测试,功能测试阶段
/任务管理（林禹成） - 列表页 - 操作 - 【详情】 - 基本信息 - S3 根目录 - 已采集之后显示：s3://vla - label - studio/[任务编号]/original/,任务管理（林禹成） - 列表页 - 操作 - 【详情】 - 基本信息 - S3 根目录 - 已采集之后显示：s3://vla - label - studio/[任务编号]/original - data/,系统已启动，用户已登录,"1. 打开任务管理列表页面
2. 找到并点击某个任务的详情按钮
3. 查看基本信息中的S3根目录","1. 成功打开任务管理列表页面
2. 成功进入任务详情页面
3. S3根目录显示为s3://vla - label - studio/[任务编号]/original - data/",1,4,功能测试,功能测试阶段
/任务管理（林禹成） - 列表页 - 操作 - 【详情】 - 人员分配 - 未分配时/,任务管理（林禹成） - 列表页 - 操作 - 【详情】 - 人员分配 - 未分配时 - 采集人员：,系统已启动，用户已登录,"1. 打开任务管理列表页面
2. 找到未分配的任务
3. 点击该任务的详情按钮
4. 进入人员分配页面
5. 查看采集人员信息","1. 成功打开任务管理列表页面
2. 正确显示未分配的任务
3. 成功进入任务详情页面
4. 成功进入人员分配页面
5. 显示采集人员信息为空",1,1,功能测试,功能测试阶段
/任务管理（林禹成） - 列表页 - 操作 - 【详情】 - 人员分配 - 未分配时/,任务管理（林禹成） - 列表页 - 操作 - 【详情】 - 人员分配 - 未分配时 - 标注人员：,系统已启动，用户已登录,"1. 打开任务管理列表页面
2. 找到未分配的任务
3. 点击任务详情按钮
4. 在人员分配区域选择标注人员","1. 成功打开任务管理列表页面
2. 未分配的任务正确显示
3. 成功打开任务详情页面
4. 标注人员选择成功，系统提示人员分配完成",1,1,功能测试,功能测试阶段
/任务管理（林禹成） - 列表页 - 操作 - 【详情】 - 人员分配 - 未分配时/,任务管理（林禹成） - 列表页 - 操作 - 【详情】 - 人员分配 - 未分配时 - 质检人员：,系统已启动，用户已登录,"1. 打开任务管理列表页面
2. 找到未分配的任务
3. 点击该任务的详情按钮
4. 查看质检人员分配状态","1. 成功打开任务管理列表页面
2. 未分配的任务正确显示
3. 成功打开任务详情页面
4. 质检人员分配状态显示为未分配",1,1,功能测试,功能测试阶段
/任务管理（林禹成） - 列表页 - 操作 - 【详情】 - 人员分配 - 分配后/,任务管理（林禹成） - 列表页 - 操作 - 【详情】 - 人员分配 - 分配后 - 采集人员：分配的人员姓名,系统已启动，用户已登录,"1. 打开任务管理列表页面
2. 找到并点击某个任务的详情按钮
3. 在人员分配区域选择要分配的人员
4. 点击确认分配按钮","1. 成功打开任务管理列表页面
2. 成功显示任务详情
3. 选定的人员成功显示在人员分配区域
4. 系统成功处理并提示人员分配成功",1,2,功能测试,功能测试阶段
/任务管理（林禹成） - 列表页 - 操作 - 【详情】 - 人员分配 - 分配后/,任务管理（林禹成） - 列表页 - 操作 - 【详情】 - 人员分配 - 分配后 - 标注人员：分配的人员姓名,系统已启动，用户已登录,"1. 打开任务管理列表页面
2. 找到需要操作的任务并点击详情按钮
3. 进入人员分配界面
4. 选择要分配的人员
5. 点击确认分配按钮","1. 成功打开任务管理列表页面
2. 成功显示任务详情
3. 成功进入人员分配界面
4. 成功选择分配的人员
5. 系统成功处理并提示人员分配成功",1,3,功能测试,功能测试阶段
/任务管理（林禹成） - 列表页 - 操作 - 【详情】 - 人员分配 - 分配后/,任务管理（林禹成） - 列表页 - 操作 - 【详情】 - 人员分配 - 分配后 - 质检人员：分配的人员姓名,系统已启动，用户已登录,"1. 打开任务管理列表页面
2. 找到需要查看详情的任务并点击详情按钮
3. 在人员分配区域选择质检人员并分配
4. 提交人员分配","1. 成功打开任务管理列表页面
2. 成功显示任务详情
3. 质检人员成功分配
4. 系统提示人员分配成功",1,3,功能测试,功能测试阶段
/任务管理（林禹成） - 列表页 - 操作 - 【详情】 - 文件列表/,任务管理（林禹成） - 列表页 - 操作 - 【详情】 - 文件列表 - 刚创建任务时，显示为空,系统已启动，用户已登录,"1. 打开任务管理列表页面
2. 创建一个新任务
3. 点击新任务的详情按钮","1. 成功打开任务管理列表页面
2. 新任务成功创建
3. 文件列表显示为空",1,3,功能测试,功能测试阶段
/任务管理（林禹成） - 列表页 - 操作 - 【详情】 - 文件列表/,任务管理（林禹成） - 列表页 - 操作 - 【详情】 - 文件列表 - 采集之后显示：相对路径、文件名、类型、大小、S3路径,系统已启动，用户已登录,"1. 打开任务管理列表页面
2. 选择一个任务并点击详情按钮
3. 查看文件列表信息","1. 成功打开任务管理列表页面
2. 成功显示任务详情
3. 文件列表中显示相对路径、文件名、类型、大小、S3路径",1,3,功能测试,功能测试阶段
/任务管理（林禹成） - 列表页 - 操作 - 【详情】 - 操作日志 - 1/,任务管理（林禹成） - 列表页 - 操作 - 【详情】 - 操作日志 - 1 - 时间：年月日 时分,系统已启动，用户已登录,"1. 打开任务管理列表页面
2. 找到并点击某个任务的详情按钮
3. 查看操作日志中的时间信息","1. 成功打开任务管理列表页面
2. 成功进入任务详情页面
3. 操作日志中显示正确的时间格式",1,2,功能测试,功能测试阶段
/任务管理（林禹成） - 列表页 - 操作 - 【详情】 - 操作日志 - 1 - 创建任务 - [用户姓名]/,任务管理（林禹成） - 列表页 - 操作 - 【详情】 - 操作日志 - 1 - 创建任务 - [用户姓名] - 谁创建了任务,系统已启动，用户已登录,"1. 打开任务管理列表页面
2. 找到并点击某个任务的详情按钮
3. 查看操作日志，确认任务创建者","1. 成功打开任务管理列表页面
2. 成功显示任务详情
3. 正确显示任务创建者信息",1,2,功能测试,功能测试阶段
/任务管理（林禹成） - 列表页 - 操作 - 【详情】 - 操作日志 - 1/,任务管理（林禹成） - 列表页 - 操作 - 【详情】 - 操作日志 - 1 - 创建任务 [任务编号],系统已启动，用户已登录,"1. 打开任务管理列表页面
2. 找到并点击任务编号对应的详情按钮
3. 查看操作日志","1. 成功打开任务管理列表页面
2. 成功进入任务详情页面
3. 正确显示该任务的操作日志",1,1,功能测试,功能测试阶段
/任务管理（林禹成） - 列表页 - 操作 - 【详情】 - 操作日志 - 2/,任务管理（林禹成） - 列表页 - 操作 - 【详情】 - 操作日志 - 2 - 时间：年月日 时分,系统已启动，用户已登录,"1. 打开任务管理列表页面
2. 找到并点击某个任务的详情按钮
3. 在详情页面中查看操作日志
4. 检查日志中是否包含指定的时间信息","1. 成功打开任务管理列表页面
2. 成功进入任务详情页面
3. 操作日志成功显示
4. 日志中包含指定的时间信息",1,4,功能测试,功能测试阶段
/任务管理（林禹成） - 列表页 - 操作 - 【详情】 - 操作日志 - 2 - 指派采集 - [用户姓名]/,任务管理（林禹成） - 列表页 - 操作 - 【详情】 - 操作日志 - 2 - 指派采集 - [用户姓名] - 谁操作的指派,系统已启动，用户已登录,"1. 打开任务管理列表页面
2. 找到并点击某个任务的详情按钮
3. 进入操作日志页面
4. 点击指派采集按钮
5. 输入用户姓名
6. 提交指派操作","1. 成功打开任务管理列表页面
2. 成功进入任务详情页面
3. 成功打开操作日志页面
4. 成功显示指派采集按钮
5. 用户姓名正确输入
6. 系统成功处理并提示指派操作成功",1,2,功能测试,功能测试阶段
/任务管理（林禹成） - 列表页 - 操作 - 【详情】 - 操作日志 - 2 - 分配给[用户姓名]/,任务管理（林禹成） - 列表页 - 操作 - 【详情】 - 操作日志 - 2 - 分配给[用户姓名] - 指派给了谁,系统已启动，用户已登录,"1. 打开任务管理列表页面
2. 找到并点击某个任务的详情按钮
3. 进入操作日志页面
4. 点击分配给[用户姓名]按钮
5. 确认指派给的用户","1. 成功打开任务管理列表页面
2. 成功进入任务详情页面
3. 成功进入操作日志页面
4. 系统成功处理分配请求
5. 系统提示指派成功",1,2,功能测试,功能测试阶段
/任务管理（林禹成） - 列表页 - 操作 - 【详情】 - 操作日志 - 3/,任务管理（林禹成） - 列表页 - 操作 - 【详情】 - 操作日志 - 3 - 时间：年月日 时分,系统已启动，用户已登录,"1. 打开任务管理列表页面
2. 找到并点击某个任务的详情按钮
3. 查看操作日志并确认时间格式","1. 成功打开任务管理列表页面
2. 成功显示任务详情
3. 操作日志中的时间格式为年月日 时分",1,2,功能测试,功能测试阶段
/任务管理（林禹成） - 列表页 - 操作 - 【详情】 - 操作日志 - 3 - 指派标注 - [用户姓名]/,任务管理（林禹成） - 列表页 - 操作 - 【详情】 - 操作日志 - 3 - 指派标注 - [用户姓名] - 谁操作的指派,系统已启动，用户已登录,"1. 打开任务管理列表页面
2. 找到并点击某个任务的详情按钮
3. 进入操作日志页面
4. 查看指派标注信息","1. 成功打开任务管理列表页面
2. 成功进入任务详情页面
3. 成功加载操作日志页面
4. 显示正确的指派标注信息和操作用户姓名",1,4,功能测试,功能测试阶段
/任务管理（林禹成） - 列表页 - 操作 - 【详情】 - 操作日志 - 3 - 分配给[用户姓名]/,任务管理（林禹成） - 列表页 - 操作 - 【详情】 - 操作日志 - 3 - 分配给[用户姓名] - 指派给了谁,系统已启动，用户已登录,"1. 打开任务管理列表页面
2. 找到并点击某个任务的详情按钮
3. 进入操作日志页面
4. 点击分配给[用户姓名]按钮","1. 成功打开任务管理列表页面
2. 成功显示任务详情
3. 成功进入操作日志页面
4. 系统成功处理并提示指派给了谁",1,1,功能测试,功能测试阶段
/任务管理（林禹成） - 列表页 - 操作 - 【详情】 - 操作日志 - 4/,任务管理（林禹成） - 列表页 - 操作 - 【详情】 - 操作日志 - 4 - 时间：年月日 时分,系统已启动，用户已登录,"1. 打开任务管理列表页面
2. 找到并点击某个任务的详情按钮
3. 查看操作日志中的时间信息","1. 成功打开任务管理列表页面
2. 成功显示任务详情
3. 操作日志中正确显示时间：年月日 时分",1,1,功能测试,功能测试阶段
/任务管理（林禹成） - 列表页 - 操作 - 【详情】 - 操作日志 - 4 - 指派质检 - [用户姓名]/,任务管理（林禹成） - 列表页 - 操作 - 【详情】 - 操作日志 - 4 - 指派质检 - [用户姓名] - 谁操作的指派,系统已启动，用户已登录,"1. 打开任务管理列表页面
2. 找到并点击某个任务的详情按钮
3. 进入操作日志页面
4. 点击指派质检按钮
5. 输入用户姓名
6. 提交指派操作","1. 成功打开任务管理列表页面
2. 成功进入任务详情页面
3. 成功加载操作日志
4. 成功显示指派质检按钮
5. 用户姓名正确输入
6. 系统成功处理并提示指派操作成功",1,3,功能测试,功能测试阶段
/任务管理（林禹成） - 列表页 - 操作 - 【详情】 - 操作日志 - 4 - 分配给[用户姓名]/,任务管理（林禹成） - 列表页 - 操作 - 【详情】 - 操作日志 - 4 - 分配给[用户姓名] - 指派给了谁,系统已启动，用户已登录,"1. 打开任务管理列表页面
2. 找到需要查看的任务并点击详情
3. 进入操作日志页面
4. 点击分配给[用户姓名]按钮","1. 成功打开任务管理列表页面
2. 成功显示任务详情
3. 成功进入操作日志页面
4. 系统成功处理并提示指派给了谁",1,1,功能测试,功能测试阶段
/任务管理（林禹成） - 列表页 - 操作 - 【修改】 - * 任务名称/,任务管理（林禹成） - 列表页 - 操作 - 【修改】 - * 任务名称 - 回显置灰，不允许修改,系统已启动，用户已登录,"1. 打开任务管理列表页面
2. 找到需要修改的任务
3. 点击修改按钮","1. 成功打开任务管理列表页面
2. 正确找到需要修改的任务
3. 任务名称回显置灰，不允许修改",1,3,功能测试,功能测试阶段
/任务管理（林禹成） - 列表页 - 操作 - 【修改】 - 任务描述/,任务管理（林禹成） - 列表页 - 操作 - 【修改】 - 任务描述 - 回显，可修改,系统已启动，用户已登录,"1. 打开任务管理列表页面
2. 选择一个任务并点击修改按钮
3. 查看任务描述是否可编辑","1. 成功打开任务管理列表页面
2. 任务信息正确显示
3. 任务描述可被修改",1,4,功能测试,功能测试阶段
/任务管理（林禹成） - 列表页 - 操作 - 【修改】 - 任务描述 - 限制/,任务管理（林禹成） - 列表页 - 操作 - 【修改】 - 任务描述 - 限制 - 长度<=255,系统已启动，用户已登录,"1. 打开任务管理列表页面
2. 选择一个任务并点击修改按钮
3. 在任务描述输入框中输入超过255个字符的描述
4. 点击提交按钮","1. 成功打开任务管理列表页面
2. 成功进入修改任务页面
3. 系统提示任务描述长度超过限制
4. 系统不处理提交请求",1,2,功能测试,功能测试阶段
/任务管理（林禹成） - 列表页 - 操作 - 【修改】 - 标注层级/,任务管理（林禹成） - 列表页 - 操作 - 【修改】 - 标注层级 - 回显，可修改,系统已启动，用户已登录,"1. 打开任务管理列表页面
2. 找到需要修改的任务并点击修改按钮
3. 在标注层级输入框中输入新的层级值
4. 点击保存按钮","1. 成功打开任务管理列表页面
2. 成功进入修改界面
3. 新的层级值正确显示在输入框中
4. 系统成功处理并提示修改成功",1,1,功能测试,功能测试阶段
/任务管理（林禹成） - 列表页 - 操作 - 【修改】 - * 数据分类/,任务管理（林禹成） - 列表页 - 操作 - 【修改】 - * 数据分类 - 回显置灰，不允许修改,系统已启动，用户已登录,"1. 打开任务管理列表页面
2. 选择一个任务进行修改
3. 查看数据分类字段","1. 成功打开任务管理列表页面
2. 成功选择任务进行修改
3. 数据分类字段回显置灰，不允许修改",1,4,功能测试,功能测试阶段
/任务管理（林禹成） - 列表页 - 操作 - 【修改】 - * 标签/,任务管理（林禹成） - 列表页 - 操作 - 【修改】 - * 标签 - 回显置灰，不允许删除，可继续新增标签,系统已启动，用户已登录,"1. 打开任务管理列表页面
2. 找到需要修改的标签
3. 点击修改按钮","1. 成功打开任务管理列表页面
2. 标签信息正确显示
3. 标签回显置灰，不允许删除，新增标签功能可用",1,4,功能测试,功能测试阶段
/任务管理（林禹成） - 列表页 - 操作 - 【修改】 - * 机器人构型/,任务管理（林禹成） - 列表页 - 操作 - 【修改】 - * 机器人构型 - 回显置灰，不允许修改,系统已启动，用户已登录,"1. 打开任务管理列表页面
2. 选择一个任务并点击修改按钮
3. 查看机器人构型字段","1. 成功打开任务管理列表页面
2. 成功进入修改任务页面
3. 机器人构型字段显示为置灰状态，不允许修改",1,2,功能测试,功能测试阶段
/任务管理（林禹成） - 列表页 - 操作 - 【修改】 - 采集要求/,任务管理（林禹成） - 列表页 - 操作 - 【修改】 - 采集要求 - 回显，可修改,系统已启动，用户已登录,"1. 打开任务管理列表页面
2. 找到需要修改的采集要求
3. 点击修改按钮
4. 修改采集要求内容
5. 点击保存按钮","1. 成功打开任务管理列表页面
2. 正确找到需要修改的采集要求
3. 系统成功响应并进入修改界面
4. 修改内容正确显示
5. 系统成功处理并提示修改成功",1,2,功能测试,功能测试阶段
/任务管理（林禹成） - 列表页 - 操作 - 【修改】 - 采集要求 - 限制/,任务管理（林禹成） - 列表页 - 操作 - 【修改】 - 采集要求 - 限制 - 长度<=255,系统已启动，用户已登录,"1. 打开任务管理列表页面
2. 选择一个任务并点击修改按钮
3. 在采集要求输入框中输入长度小于等于255的文本
4. 点击提交按钮","1. 成功打开任务管理列表页面
2. 成功进入修改页面
3. 采集要求正确输入
4. 系统成功处理并提示操作成功",1,3,功能测试,功能测试阶段
/任务管理（林禹成） - 列表页 - 操作 - 【修改】 - * 目标数量/,任务管理（林禹成） - 列表页 - 操作 - 【修改】 - * 目标数量 - 回显，可修改,系统已启动，用户已登录,"1. 打开任务管理列表页面
2. 找到目标数量的修改选项
3. 输入新的目标数量
4. 点击保存按钮","1. 成功打开任务管理列表页面
2. 目标数量的修改选项正确显示
3. 新的目标数量成功输入
4. 系统成功处理并提示修改成功",1,3,功能测试,功能测试阶段
/任务管理（林禹成） - 列表页 - 操作 - 【修改】 - * 目标数量/,"任务管理（林禹成） - 列表页 - 操作 - 【修改】 - * 目标数量 - 可输入范围 [1,10000]",系统已启动，用户已登录,"1. 打开任务管理列表页面
2. 找到需要修改的任务
3. 点击修改按钮
4. 在目标数量输入框中输入测试数据（范围[1,10000]）
5. 点击提交按钮","1. 成功打开任务管理列表页面
2. 找到并显示需要修改的任务
3. 成功弹出修改窗口
4. 目标数量正确输入
5. 系统成功处理并提示操作成功",1,1,功能测试,功能测试阶段
/任务管理（林禹成） - 列表页 - 操作 - 【修改】 - 优先级/,任务管理（林禹成） - 列表页 - 操作 - 【修改】 - 优先级 - 回显，可修改,系统已启动，用户已登录,"1. 打开任务管理列表页面
2. 选择一个任务进行修改
3. 修改优先级字段
4. 点击保存按钮","1. 成功打开任务管理列表页面
2. 选中的任务信息正确显示
3. 优先级字段成功修改
4. 系统成功处理并提示操作成功",1,4,功能测试,功能测试阶段
/任务管理（林禹成） - 列表页 - 操作 - 【修改】 - 【取消】/,任务管理（林禹成） - 列表页 - 操作 - 【修改】 - 【取消】 - 关闭弹框，不修改,系统已启动，用户已登录,"1. 打开任务管理列表页面
2. 选择一个任务并点击修改按钮
3. 在弹出的修改框中点击取消按钮","1. 成功打开任务管理列表页面
2. 弹出修改框
3. 修改框成功关闭，未对任务进行任何修改",1,2,功能测试,功能测试阶段
/任务管理（林禹成） - 列表页 - 操作 - 【修改】 - 【保存修改】 - 校验/,任务管理（林禹成） - 列表页 - 操作 - 【修改】 - 【保存修改】 - 校验 - 必填项校验,系统已启动，用户已登录,"1. 打开任务管理列表页面
2. 选择一个任务进行修改
3. 在修改页面中不填写必填项
4. 点击保存修改按钮","1. 成功打开任务管理列表页面
2. 成功选择任务进行修改
3. 系统提示必填项未填写
4. 修改未成功保存",1,4,功能测试,功能测试阶段
/任务管理（林禹成） - 列表页 - 操作 - 【修改】 - 【保存修改】/,任务管理（林禹成） - 列表页 - 操作 - 【修改】 - 【保存修改】 - 保存成功后，对应展示位置相应变更,系统已启动，用户已登录,"1. 打开任务管理列表页面
2. 选择要修改的任务
3. 修改任务信息
4. 点击保存按钮","1. 成功打开任务管理列表页面
2. 成功选择要修改的任务
3. 任务信息正确修改
4. 系统成功处理并提示保存成功，展示位置相应变更",1,3,功能测试,功能测试阶段
/任务管理（林禹成） - 列表页 - 操作 - 【指派】 - 弹出“任务人员指派”弹框 - 展示/,任务管理（林禹成） - 列表页 - 操作 - 【指派】 - 弹出“任务人员指派”弹框 - 展示 - 任务编号,系统已启动，用户已登录,"1. 打开任务管理列表页面
2. 找到并点击指派操作按钮
3. 弹出“任务人员指派”弹框","1. 成功打开任务管理列表页面
2. 指派操作按钮被成功点击
3. 弹出“任务人员指派”弹框并显示任务编号",1,2,功能测试,功能测试阶段
/任务管理（林禹成） - 列表页 - 操作 - 【指派】 - 弹出“任务人员指派”弹框 - 展示/,任务管理（林禹成） - 列表页 - 操作 - 【指派】 - 弹出“任务人员指派”弹框 - 展示 - 任务名称,系统已启动，用户已登录,"1. 打开任务管理列表页面
2. 找到并点击指派按钮
3. 弹出“任务人员指派”弹框","1. 成功打开任务管理列表页面
2. 成功显示“任务人员指派”弹框
3. 弹框中正确展示任务名称",1,2,功能测试,功能测试阶段
/任务管理（林禹成） - 列表页 - 操作 - 【指派】 - 弹出“任务人员指派”弹框 - 展示 - 当前：采集 - [人员] | 标注 - [人员] | 质检/,任务管理（林禹成） - 列表页 - 操作 - 【指派】 - 弹出“任务人员指派”弹框 - 展示 - 当前：采集 - [人员] | 标注 - [人员] | 质检 - [人员],系统已启动，用户已登录,"1. 打开任务管理列表页面
2. 点击指派按钮
3. 验证弹出“任务人员指派”弹框是否展示","1. 成功打开任务管理列表页面
2. 弹出“任务人员指派”弹框
3. 弹框中展示当前：采集 - [人员] | 标注 - [人员] | 质检 - [人员]",1,2,功能测试,功能测试阶段
/任务管理（林禹成） - 列表页 - 操作 - 【指派】 - 弹出“任务人员指派”弹框 - 采集人员/,任务管理（林禹成） - 列表页 - 操作 - 【指派】 - 弹出“任务人员指派”弹框 - 采集人员 - 若之前指派过，回显指派的人员,系统已启动，用户已登录,"1. 打开任务管理列表页面
2. 点击指派按钮
3. 查看弹出的任务人员指派弹框","1. 成功打开任务管理列表页面
2. 成功弹出任务人员指派弹框
3. 如果之前指派过，系统应回显指派的人员",1,3,功能测试,功能测试阶段
/任务管理（林禹成） - 列表页 - 操作 - 【指派】 - 弹出“任务人员指派”弹框 - 采集人员 - 下拉数据：具有“采集工程师”角色且状态启用的用户/,任务管理（林禹成） - 列表页 - 操作 - 【指派】 - 弹出“任务人员指派”弹框 - 采集人员 - 下拉数据：具有“采集工程师”角色且状态启用的用户 - 单选，展示格式：姓名（账号）,系统已启动，用户已登录,"1. 打开任务管理列表页面
2. 点击指派按钮
3. 在弹出框中查看采集人员下拉列表","1. 成功打开任务管理列表页面
2. 弹出“任务人员指派”弹框
3. 下拉列表展示具有“采集工程师”角色且状态启用的用户，格式为：姓名（账号）",1,4,功能测试,功能测试阶段
/任务管理（林禹成） - 列表页 - 操作 - 【指派】 - 弹出“任务人员指派”弹框 - 标注人员/,任务管理（林禹成） - 列表页 - 操作 - 【指派】 - 弹出“任务人员指派”弹框 - 标注人员 - 若之前指派过，回显指派的人员,系统已启动，用户已登录,"1. 打开任务管理列表页面
2. 点击指派按钮
3. 查看弹出的任务人员指派弹框","1. 成功打开任务管理列表页面
2. 弹出任务人员指派弹框
3. 若之前指派过，回显指派的人员",1,3,功能测试,功能测试阶段
/任务管理（林禹成） - 列表页 - 操作 - 【指派】 - 弹出“任务人员指派”弹框 - 标注人员 - 下拉数据：具有“标注工程师”角色且状态启用的用户/,任务管理（林禹成） - 列表页 - 操作 - 【指派】 - 弹出“任务人员指派”弹框 - 标注人员 - 下拉数据：具有“标注工程师”角色且状态启用的用户 - 单选，展示格式：姓名（账号）,系统已启动，用户已登录,"1. 打开任务管理列表页面
2. 点击指派按钮
3. 在弹出的“任务人员指派”弹框中查看下拉数据","1. 成功打开任务管理列表页面
2. 弹出“任务人员指派”弹框
3. 下拉数据展示具有“标注工程师”角色且状态启用的用户，格式为：姓名（账号）",1,2,功能测试,功能测试阶段
/任务管理（林禹成） - 列表页 - 操作 - 【指派】 - 弹出“任务人员指派”弹框 - 质检人员/,任务管理（林禹成） - 列表页 - 操作 - 【指派】 - 弹出“任务人员指派”弹框 - 质检人员 - 若之前指派过，回显指派的人员,系统已启动，用户已登录,"1. 打开任务管理列表页面
2. 点击指派按钮
3. 查看弹出的任务人员指派弹框","1. 成功打开任务管理列表页面
2. 成功弹出任务人员指派弹框
3. 如果之前有指派过人员，则回显指派的人员信息",1,1,功能测试,功能测试阶段
/任务管理（林禹成） - 列表页 - 操作 - 【指派】 - 弹出“任务人员指派”弹框 - 质检人员 - 下拉数据：具有“质检工程师”角色且状态启用的用户/,任务管理（林禹成） - 列表页 - 操作 - 【指派】 - 弹出“任务人员指派”弹框 - 质检人员 - 下拉数据：具有“质检工程师”角色且状态启用的用户 - 单选，展示格式：姓名（账号）,系统已启动，用户已登录,"1. 打开任务管理列表页面
2. 点击指派按钮
3. 在弹出框中查看质检人员下拉列表","1. 成功打开任务管理列表页面
2. 成功弹出“任务人员指派”弹框
3. 下拉列表展示具有“质检工程师”角色且状态启用的用户，格式为：姓名（账号）",1,2,功能测试,功能测试阶段
/任务管理（林禹成） - 列表页 - 操作 - 【指派】/,任务管理（林禹成） - 列表页 - 操作 - 【指派】 - 更换指派人员，任务数据会相应转移,系统已启动，用户已登录,"1. 打开任务管理列表页面
2. 选择需要更换指派人员的任务
3. 点击指派按钮
4. 选择新的指派人员
5. 点击确认按钮","1. 成功打开任务管理列表页面
2. 任务被成功选中
3. 系统弹出指派人员选择框
4. 新的指派人员被成功选择
5. 系统成功处理并提示指派更换成功",1,1,功能测试,功能测试阶段
/任务管理（林禹成） - 列表页 - 操作/,任务管理（林禹成） - 列表页 - 操作 - 无删除按钮，后续考虑加,系统已启动，用户已登录,"1. 打开任务管理列表页面
2. 检查页面上是否存在删除按钮
3. 记录当前页面的操作选项","1. 成功打开任务管理列表页面
2. 页面上不应存在删除按钮
3. 操作选项应正常显示",1,1,功能测试,功能测试阶段
/我的采集（封伟） - 列表页 - 数据来源：/,我的采集（封伟） - 列表页 - 数据来源： - 创建的任务。状态为：已创建,系统已启动，用户已登录,"1. 打开我的采集列表页面
2. 选择数据来源为创建的任务
3. 查看状态为已创建的任务","1. 成功打开我的采集列表页面
2. 数据来源正确显示为创建的任务
3. 状态为已创建的任务成功显示在列表中",1,4,功能测试,功能测试阶段
/我的采集（封伟） - 列表页 - 数据来源： - 符合账号权限/,我的采集（封伟） - 列表页 - 数据来源： - 符合账号权限 - 管理员或者被指派才能看到属于自己的采集任务,系统已启动，用户已登录,"1. 打开我的采集列表页面
2. 检查当前用户的账号权限
3. 查看属于当前用户的采集任务","1. 成功打开列表页面
2. 正确显示当前用户的账号权限
3. 仅显示当前用户被指派的采集任务",1,3,功能测试,功能测试阶段
/我的采集（封伟） - 列表页/,我的采集（封伟） - 列表页 - 排序规则按照创建时间+优先级高中低两个字段进行排序,系统已启动，用户已登录,"1. 打开我的采集列表页面
2. 选择排序规则为创建时间
3. 选择优先级排序为高中低","1. 成功打开我的采集列表页面
2. 列表按照创建时间正确排序
3. 列表按照优先级高中低正确排序",1,2,功能测试,功能测试阶段
/我的采集（封伟） - 列表页 - 任务编号/,我的采集（封伟） - 列表页 - 任务编号 - 回显创建时的任务编号,系统已启动，用户已登录,"1. 打开我的采集列表页面
2. 查找并选择某个任务
3. 查看任务编号的回显","1. 成功打开我的采集列表页面
2. 任务成功被选中
3. 显示的任务编号与创建时一致",1,1,功能测试,功能测试阶段
/我的采集（封伟） - 列表页 - 任务编号/,我的采集（封伟） - 列表页 - 任务编号 - 全局唯一,系统已启动，用户已登录,"1. 打开我的采集列表页面
2. 查找任务编号
3. 验证任务编号是否全局唯一","1. 成功打开我的采集列表页面
2. 任务编号正确显示
3. 系统提示任务编号全局唯一",1,2,功能测试,功能测试阶段
/我的采集（封伟） - 列表页 - 任务名称/,我的采集（封伟） - 列表页 - 任务名称 - 回显创建任务时名称,系统已启动，用户已登录,"1. 打开我的采集列表页面
2. 创建一个新任务并输入任务名称
3. 提交任务并返回列表页","1. 成功打开我的采集列表页面
2. 新任务成功创建并显示在列表中
3. 列表中任务名称与创建时输入的名称一致",1,1,功能测试,功能测试阶段
/我的采集（封伟） - 列表页 - 分类/,我的采集（封伟） - 列表页 - 分类 - 回显创建任务时分类,系统已启动，用户已登录,"1. 打开我的采集列表页面
2. 创建一个新任务并选择分类
3. 返回列表页面查看任务分类回显","1. 成功打开我的采集列表页面
2. 新任务成功创建并选择的分类正确显示
3. 列表页面成功回显创建任务时选择的分类",1,3,功能测试,功能测试阶段
/我的采集（封伟） - 列表页 - 状态/,我的采集（封伟） - 列表页 - 状态 - 已创建,系统已启动，用户已登录,"1. 打开我的采集列表页面
2. 选择状态为已创建
3. 点击查询按钮","1. 成功打开我的采集列表页面
2. 状态筛选为已创建
3. 系统成功显示已创建状态的采集记录",1,4,功能测试,功能测试阶段
/我的采集（封伟） - 列表页 - 采集要求/,我的采集（封伟） - 列表页 - 采集要求 - 回显创建任务时采集要求,系统已启动，用户已登录,"1. 打开我的采集列表页面
2. 选择创建任务
3. 查看采集要求回显","1. 成功打开我的采集列表页面
2. 创建任务界面成功显示
3. 采集要求正确回显",1,4,功能测试,功能测试阶段
/我的采集（封伟） - 列表页 - 目标数量/,我的采集（封伟） - 列表页 - 目标数量 - 回显创建任务时目标数量,系统已启动，用户已登录,"1. 打开我的采集列表页面
2. 创建一个新任务并输入目标数量
3. 提交任务并返回列表页","1. 成功打开我的采集列表页面
2. 新任务的目标数量正确显示
3. 系统成功处理并提示操作成功",1,2,功能测试,功能测试阶段
/我的采集（封伟） - 列表页 - 创建时间/,我的采集（封伟） - 列表页 - 创建时间 - 回显创建任务时的时间，格式统一,系统正常运行,"1. 进入功能页面
2. 执行核心操作
3. 验证结果正确性","1. 成功进入页面
2. 操作成功执行
3. 结果符合业务逻辑",1,4,功能测试,功能测试阶段
/我的采集（封伟） - 列表页 - 操作/,我的采集（封伟） - 列表页 - 操作 - “进入采集”按钮,系统正常运行,"1. 进入功能页面
2. 执行核心操作
3. 验证结果正确性","1. 成功进入页面
2. 操作成功执行
3. 结果符合业务逻辑",1,2,功能测试,功能测试阶段
/我的采集（封伟） - 列表页/,我的采集（封伟） - 列表页 - 分页系统一致,系统正常运行,"1. 进入功能页面
2. 执行核心操作
3. 验证结果正确性","1. 成功进入页面
2. 操作成功执行
3. 结果符合业务逻辑",1,3,功能测试,功能测试阶段
/我的采集（封伟） - 列表页/,我的采集（封伟） - 列表页 - 创建时可选择输入任务描述字段和优先级，所以建议列表页也有该字段去回显描述,系统正常运行,"1. 进入功能页面
2. 执行核心操作
3. 验证结果正确性","1. 成功进入页面
2. 操作成功执行
3. 结果符合业务逻辑",1,2,功能测试,功能测试阶段
/我的采集（封伟） - 采集任务详情 - 由列表页“进入采集”点击进入 - 任务名称/,我的采集（封伟） - 采集任务详情 - 由列表页“进入采集”点击进入 - 任务名称 - 回显创建任务时的名称,系统正常运行,"1. 进入功能页面
2. 执行核心操作
3. 验证结果正确性","1. 成功进入页面
2. 操作成功执行
3. 结果符合业务逻辑",1,2,功能测试,功能测试阶段
/我的采集（封伟） - 采集任务详情 - 由列表页“进入采集”点击进入 - 任务名称/,我的采集（封伟） - 采集任务详情 - 由列表页“进入采集”点击进入 - 任务名称 - 不能编辑,系统正常运行,"1. 进入功能页面
2. 执行核心操作
3. 验证结果正确性","1. 成功进入页面
2. 操作成功执行
3. 结果符合业务逻辑",1,4,功能测试,功能测试阶段
/我的采集（封伟） - 采集任务详情 - 由列表页“进入采集”点击进入 - 采集要求/,我的采集（封伟） - 采集任务详情 - 由列表页“进入采集”点击进入 - 采集要求 - 回显创建任务时的采集要求,系统正常运行,"1. 进入功能页面
2. 执行核心操作
3. 验证结果正确性","1. 成功进入页面
2. 操作成功执行
3. 结果符合业务逻辑",1,1,功能测试,功能测试阶段
/我的采集（封伟） - 采集任务详情 - 由列表页“进入采集”点击进入 - 采集要求/,我的采集（封伟） - 采集任务详情 - 由列表页“进入采集”点击进入 - 采集要求 - 不能编辑,系统正常运行,"1. 进入功能页面
2. 执行核心操作
3. 验证结果正确性","1. 成功进入页面
2. 操作成功执行
3. 结果符合业务逻辑",1,1,功能测试,功能测试阶段
/我的采集（封伟） - 采集任务详情 - 由列表页“进入采集”点击进入 - 目标数量/,我的采集（封伟） - 采集任务详情 - 由列表页“进入采集”点击进入 - 目标数量 - 回显创建任务时的目标数量,系统正常运行,"1. 进入功能页面
2. 执行核心操作
3. 验证结果正确性","1. 成功进入页面
2. 操作成功执行
3. 结果符合业务逻辑",1,4,功能测试,功能测试阶段
/我的采集（封伟） - 采集任务详情 - 由列表页“进入采集”点击进入 - 目标数量/,我的采集（封伟） - 采集任务详情 - 由列表页“进入采集”点击进入 - 目标数量 - 不能编辑,系统正常运行,"1. 进入功能页面
2. 执行核心操作
3. 验证结果正确性","1. 成功进入页面
2. 操作成功执行
3. 结果符合业务逻辑",1,2,功能测试,功能测试阶段
/我的采集（封伟） - 采集任务详情 - 由列表页“进入采集”点击进入 - 上传区域 - “选择文件夹”/,我的采集（封伟） - 采集任务详情 - 由列表页“进入采集”点击进入 - 上传区域 - “选择文件夹” - 可以选择文件夹或者文件进行拖动或者选择上传,系统正常运行,"1. 进入功能页面
2. 执行核心操作
3. 验证结果正确性","1. 成功进入页面
2. 操作成功执行
3. 结果符合业务逻辑",1,1,功能测试,功能测试阶段
/我的采集（封伟） - 采集任务详情 - 由列表页“进入采集”点击进入 - 上传区域 - “选择文件夹”/,我的采集（封伟） - 采集任务详情 - 由列表页“进入采集”点击进入 - 上传区域 - “选择文件夹” - 格式要求：MCAP,系统正常运行,"1. 进入功能页面
2. 执行核心操作
3. 验证结果正确性","1. 成功进入页面
2. 操作成功执行
3. 结果符合业务逻辑",1,2,功能测试,功能测试阶段
/我的采集（封伟） - 采集任务详情 - 由列表页“进入采集”点击进入 - 上传区域 - “选择文件夹”/,我的采集（封伟） - 采集任务详情 - 由列表页“进入采集”点击进入 - 上传区域 - “选择文件夹” - 相同数据过滤,系统正常运行,"1. 进入功能页面
2. 执行核心操作
3. 验证结果正确性","1. 成功进入页面
2. 操作成功执行
3. 结果符合业务逻辑",1,3,功能测试,功能测试阶段
/我的采集（封伟） - 采集任务详情 - 由列表页“进入采集”点击进入 - 上传区域 - 数量统计 - 总文件数/,我的采集（封伟） - 采集任务详情 - 由列表页“进入采集”点击进入 - 上传区域 - 数量统计 - 总文件数 - 正在上传+已经上传,系统正常运行,"1. 进入功能页面
2. 执行核心操作
3. 验证结果正确性","1. 成功进入页面
2. 操作成功执行
3. 结果符合业务逻辑",1,4,功能测试,功能测试阶段
/我的采集（封伟） - 采集任务详情 - 由列表页“进入采集”点击进入 - 上传区域 - 数量统计 - 待上传/,我的采集（封伟） - 采集任务详情 - 由列表页“进入采集”点击进入 - 上传区域 - 数量统计 - 待上传 - 正在上传列表中的数量（未点击开始上传）,系统正常运行,"1. 进入功能页面
2. 执行核心操作
3. 验证结果正确性","1. 成功进入页面
2. 操作成功执行
3. 结果符合业务逻辑",1,2,功能测试,功能测试阶段
/我的采集（封伟） - 采集任务详情 - 由列表页“进入采集”点击进入 - 上传区域 - 数量统计 - 上传中/,我的采集（封伟） - 采集任务详情 - 由列表页“进入采集”点击进入 - 上传区域 - 数量统计 - 上传中 - 正在上传列表中的数量（已点击开始上传）,系统正常运行,"1. 进入功能页面
2. 执行核心操作
3. 验证结果正确性","1. 成功进入页面
2. 操作成功执行
3. 结果符合业务逻辑",1,2,功能测试,功能测试阶段
/我的采集（封伟） - 采集任务详情 - 由列表页“进入采集”点击进入 - 上传区域 - 数量统计 - 成功/,我的采集（封伟） - 采集任务详情 - 由列表页“进入采集”点击进入 - 上传区域 - 数量统计 - 成功 - 完成云服务和S3的上传,系统正常运行,"1. 进入功能页面
2. 执行核心操作
3. 验证结果正确性","1. 成功进入页面
2. 操作成功执行
3. 结果符合业务逻辑",1,3,功能测试,功能测试阶段
/我的采集（封伟） - 采集任务详情 - 由列表页“进入采集”点击进入 - 上传区域 - 数量统计 - 成功/,我的采集（封伟） - 采集任务详情 - 由列表页“进入采集”点击进入 - 上传区域 - 数量统计 - 成功 - 可以整成绿色对应一下,,"1.
2.
3.
",,1,2,功能测试,功能测试阶段
/我的采集（封伟） - 采集任务详情 - 由列表页“进入采集”点击进入 - 上传区域 - 数量统计 - 失败/,我的采集（封伟） - 采集任务详情 - 由列表页“进入采集”点击进入 - 上传区域 - 数量统计 - 失败 - 上传云服务或者上传S3时失败的数量   同一文件只记一次,系统正常运行,"1. 进入功能页面
2. 执行核心操作
3. 验证结果正确性","1. 成功进入页面
2. 操作成功执行
3. 结果符合业务逻辑",1,2,功能测试,功能测试阶段
/我的采集（封伟） - 采集任务详情 - 由列表页“进入采集”点击进入 - 上传区域 - 数量统计 - 失败/,我的采集（封伟） - 采集任务详情 - 由列表页“进入采集”点击进入 - 上传区域 - 数量统计 - 失败 - 红色,,"1.
2.
3.
",,1,2,功能测试,功能测试阶段
/我的采集（封伟） - 采集任务详情 - 由列表页“进入采集”点击进入 - 上传区域 - 数量统计 - 总进度/,我的采集（封伟） - 采集任务详情 - 由列表页“进入采集”点击进入 - 上传区域 - 数量统计 - 总进度 - 上传成功的占比,系统已启动，用户已登录，已通过列表页点击'进入采集'进入采集任务详情页,"1. 打开采集任务详情页
2. 查看上传区域的数量统计模块
3. 观察总进度中上传成功的占比","1. 成功进入采集任务详情页
2. 显示上传区域的数量统计信息
3. 总进度中正确显示上传成功的占比（例如百分比或分数）",1,4,功能测试,功能测试阶段
/我的采集（封伟） - 采集任务详情 - 由列表页“进入采集”点击进入 - “正在上传”区域/,我的采集（封伟） - 采集任务详情 - 由列表页“进入采集”点击进入 - “正在上传”区域 - 数据来源：所选文件夹或者文件过滤后的待上传数据清单,,"1.
2.
3.
",,1,4,功能测试,功能测试阶段
/我的采集（封伟） - 采集任务详情 - 由列表页“进入采集”点击进入 - “正在上传”区域/,我的采集（封伟） - 采集任务详情 - 由列表页“进入采集”点击进入 - “正在上传”区域 - 回显   待上传/文件总数,系统已启动，用户已登录,"1. 打开我的采集列表页
2. 点击“进入采集”进入任务详情
3. 查看“正在上传”区域","1. 成功打开列表页
2. 成功进入任务详情页
3. 区域中正确回显待上传/文件总数",1,4,功能测试,功能测试阶段
/我的采集（封伟） - 采集任务详情 - 由列表页“进入采集”点击进入 - “正在上传”区域 - 列表 - 上传清单/,我的采集（封伟） - 采集任务详情 - 由列表页“进入采集”点击进入 - “正在上传”区域 - 列表 - 上传清单 - 待上传的数据,系统已启动，用户已登录，存在一个正在上传的采集任务（封伟），用户从列表页点击“进入采集”可进入任务详情页,1. 打开我的采集页面，点击“进入采集”进入采集任务详情\n2. 在“正在上传”区域，查看列表中的上传清单\n3. 点击“待上传的数据”选项卡或区域,1. ,1,1,功能测试,功能测试阶段
/我的采集（封伟） - 采集任务详情 - 由列表页“进入采集”点击进入 - “正在上传”区域 - 列表 - 上传清单 - 未上传到本地云服务的数据，离开页面或者刷新页面之后不保留/,我的采集（封伟） - 采集任务详情 - 由列表页“进入采集”点击进入 - “正在上传”区域 - 列表 - 上传清单 - 未上传到本地云服务的数据，离开页面或者刷新页面之后不保留 - 如果已经上传到本地云服务了 则保存,系统正常运行,"1. 进入功能页面
2. 执行核心操作
3. 验证结果正确性","1. 成功进入页面
2. 操作成功执行
3. 结果符合业务逻辑",1,3,功能测试,功能测试阶段
/我的采集（封伟） - 采集任务详情 - 由列表页“进入采集”点击进入 - “正在上传”区域 - 列表 - 字段/,我的采集（封伟） - 采集任务详情 - 由列表页“进入采集”点击进入 - “正在上传”区域 - 列表 - 字段 - 文件名,用户已登录，存在至少一个采集任务且处于“正在上传”状态,1. 进入“我的采集”页面\n2. 点击某个采集任务的“进入采集”按钮\n3. 在采集任务详情页，查看“正在上传”区域的列表中的“文件名”字段,1. ,1,3,功能测试,功能测试阶段
/我的采集（封伟） - 采集任务详情 - 由列表页“进入采集”点击进入 - “正在上传”区域 - 列表 - 字段 - 大小/,我的采集（封伟） - 采集任务详情 - 由列表页“进入采集”点击进入 - “正在上传”区域 - 列表 - 字段 - 大小 - 文件大小,系统已启动，用户封伟已登录,"1. 打开我的采集列表页
2. 点击“进入采集”按钮
3. 查看“正在上传”区域的列表，检查“大小”字段","1. 列表页显示正常
2. 成功进入采集任务详情页
3. “大小”字段显示正确的文件大小",1,3,功能测试,功能测试阶段
/我的采集（封伟） - 采集任务详情 - 由列表页“进入采集”点击进入 - “正在上传”区域 - 列表 - 字段 - 大小/,我的采集（封伟） - 采集任务详情 - 由列表页“进入采集”点击进入 - “正在上传”区域 - 列表 - 字段 - 大小 - GB单位,用户已登录，存在采集任务，且任务中有文件大小以GB为单位的数据,"1. 进入我的采集页面
2. 点击“进入采集”进入任务详情
3. 在“正在上传”区域查看列表的“大小”字段","1. 成功打开我的采集页面
2. 成功进入任务详情页面
3. 大小字段以GB为单位显示，数值正确且格式为数字+“GB”",1,3,功能测试,功能测试阶段
/我的采集（封伟） - 采集任务详情 - 由列表页“进入采集”点击进入 - “正在上传”区域 - 列表 - 字段 - 上传进度/,我的采集（封伟） - 采集任务详情 - 由列表页“进入采集”点击进入 - “正在上传”区域 - 列表 - 字段 - 上传进度 - 进度1：本地上传到云服务,系统已启动，用户已登录，有正在上传的采集任务,"1. 打开采集列表页
2. 点击“进入采集”按钮
3. 查看“正在上传”区域的列表字段“上传进度”","1. 成功打开列表页
2. 成功进入采集任务详情页
3. 列表字段显示上传进度为“本地上传到云服务”",1,4,功能测试,功能测试阶段
/我的采集（封伟） - 采集任务详情 - 由列表页“进入采集”点击进入 - “正在上传”区域 - 列表 - 字段 - 上传进度/,我的采集（封伟） - 采集任务详情 - 由列表页“进入采集”点击进入 - “正在上传”区域 - 列表 - 字段 - 上传进度 - 进度2：云服务上传到S3,系统已启动，用户已登录,"1. 从列表页点击“进入采集”进入采集任务详情页面
2. 定位到“正在上传”区域，查看列表中的上传进度字段
3. 确认上传进度显示为“云服务上传到S3”状态，对应进度2","1. 成功进入采集任务详情页面
2. 显示“正在上传”区域及其列表
3. 上传进度字段显示为“云服务上传到S3”，进度值为2",1,3,功能测试,功能测试阶段
/我的采集（封伟） - 采集任务详情 - 由列表页“进入采集”点击进入 - “正在上传”区域 - 列表 - 字段 - 上传进度/,我的采集（封伟） - 采集任务详情 - 由列表页“进入采集”点击进入 - “正在上传”区域 - 列表 - 字段 - 上传进度 - 实时回显百分比进度,用户已登录，存在正在上传的采集任务，从列表页点击“进入采集”进入任务详情,"1. 打开我的采集列表页
2. 点击“进入采集”按钮进入任务详情
3. 在“正在上传”区域查看上传进度字段","1. 成功显示列表页
2. 成功进入任务详情页
3. 上传进度实时回显百分比进度",1,1,功能测试,功能测试阶段
/我的采集（封伟） - 采集任务详情 - 由列表页“进入采集”点击进入 - “正在上传”区域 - 列表 - 字段 - 上传进度/,我的采集（封伟） - 采集任务详情 - 由列表页“进入采集”点击进入 - “正在上传”区域 - 列表 - 字段 - 上传进度 - 上传中：蓝色,系统已启动，用户已登录，存在一个采集任务且包含正在上传的文件,"1. 点击列表页中的“进入采集”按钮
2. 在采集任务详情页，查看“正在上传”区域
3. 观察列表中上传进度字段的颜色","1. 成功进入采集任务详情页
2. 显示“正在上传”区域及其列表
3. 上传进度字段显示为蓝色",1,3,功能测试,功能测试阶段
/我的采集（封伟） - 采集任务详情 - 由列表页“进入采集”点击进入 - “正在上传”区域 - 列表 - 字段 - 上传进度/,我的采集（封伟） - 采集任务详情 - 由列表页“进入采集”点击进入 - “正在上传”区域 - 列表 - 字段 - 上传进度 - 完成：绿色,系统已启动，用户已登录,"1. 从列表页点击“进入采集”进入采集任务详情
2. 定位到“正在上传”区域列表
3. 查看列表中已完成任务的上传进度颜色","1. 成功进入采集任务详情页
2. 列表正确显示上传进度字段
3. 完成的任务显示绿色",1,2,功能测试,功能测试阶段
/我的采集（封伟） - 采集任务详情 - 由列表页“进入采集”点击进入 - “正在上传”区域 - 列表 - 字段 - 上传进度/,我的采集（封伟） - 采集任务详情 - 由列表页“进入采集”点击进入 - “正在上传”区域 - 列表 - 字段 - 上传进度 - 失败：红色,系统已启动，用户已登录，已进入采集任务详情页，且存在正在上传的任务（有失败项）,"1. 打开采集任务详情页的“正在上传”区域
2. 查看列表中的上传进度字段
3. 观察失败任务的上传进度显示","1. 成功显示“正在上传”区域
2. 列表显示上传进度字段
3. 失败任务的上传进度显示为红色",1,2,功能测试,功能测试阶段
/我的采集（封伟） - 采集任务详情 - 由列表页“进入采集”点击进入 - “正在上传”区域 - 列表 - 字段 - 状态/,我的采集（封伟） - 采集任务详情 - 由列表页“进入采集”点击进入 - “正在上传”区域 - 列表 - 字段 - 状态 - 待上传,系统已启动，用户已登录，存在采集任务且状态为“正在上传”列表中有待上传的采集项,"1. 从列表页点击“进入采集”按钮，进入采集任务详情页
2. 查看“正在上传”区域的列表
3. 查看列表中“状态”字段","1. 成功进入采集任务详情页
2. “正在上传”区域显示列表数据
3. 状态字段显示为“待上传”",1,3,功能测试,功能测试阶段
/我的采集（封伟） - 采集任务详情 - 由列表页“进入采集”点击进入 - “正在上传”区域 - 列表 - 字段 - 状态/,我的采集（封伟） - 采集任务详情 - 由列表页“进入采集”点击进入 - “正在上传”区域 - 列表 - 字段 - 状态 - 上传本地中,用户已登录，有采集任务正在上传到本地,"1. 点击“进入采集”进入任务详情页
2. 查看“正在上传”区域列表
3. 查看状态字段","1. 成功进入任务详情页
2. 列表显示正在上传的任务
3. 状态字段显示“上传本地中”",1,2,功能测试,功能测试阶段
/我的采集（封伟） - 采集任务详情 - 由列表页“进入采集”点击进入 - “正在上传”区域 - 列表 - 字段 - 状态/,我的采集（封伟） - 采集任务详情 - 由列表页“进入采集”点击进入 - “正在上传”区域 - 列表 - 字段 - 状态 - 本地上传成功,用户已登录，存在采集任务，且任务中有文件处于“本地上传成功”状态,"1. 从列表页点击“进入采集”按钮
2. 进入采集任务详情页面
3. 查看“正在上传”区域的列表，找到状态字段","1. 成功打开采集任务详情页面
2. 页面显示“正在上传”区域
3. 列表中状态字段显示“本地上传成功”",1,2,功能测试,功能测试阶段
/我的采集（封伟） - 采集任务详情 - 由列表页“进入采集”点击进入 - “正在上传”区域 - 列表 - 字段 - 状态/,我的采集（封伟） - 采集任务详情 - 由列表页“进入采集”点击进入 - “正在上传”区域 - 列表 - 字段 - 状态 - 上传S3中,系统已启动，用户已登录，且存在正在上传S3的采集任务,"1. 在采集列表页点击任务对应的“进入采集”按钮
2. 在任务详情页查看“正在上传”区域的列表
3. 查看列表中的状态字段","1. 进入任务详情页
2. 列表显示正在上传的任务项
3. 状态字段显示“上传S3中”",1,4,功能测试,功能测试阶段
/我的采集（封伟） - 采集任务详情 - 由列表页“进入采集”点击进入 - “正在上传”区域 - 列表 - 字段 - 状态/,我的采集（封伟） - 采集任务详情 - 由列表页“进入采集”点击进入 - “正在上传”区域 - 列表 - 字段 - 状态 - 上传失败,系统已启动，用户已登录,"1. 进入我的采集页面
2. 点击“进入采集”按钮进入任务详情
3. 查看“正在上传”区域的状态字段","1. 页面正常显示列表
2. 成功进入采集任务详情页
3. 状态字段显示“上传失败”",1,1,功能测试,功能测试阶段
/我的采集（封伟） - 采集任务详情 - 由列表页“进入采集”点击进入 - “正在上传”区域 - 列表 - 字段 - 状态/,我的采集（封伟） - 采集任务详情 - 由列表页“进入采集”点击进入 - “正在上传”区域 - 列表 - 字段 - 状态 - 正在转MP4,系统已启动，用户已登录，且存在状态为“正在转MP4”的采集任务,"1. 打开采集任务详情页（从列表页点击“进入采集”）
2. 查看“正在上传”区域的列表
3. 观察列表中某任务的状态字段","1. 成功进入采集任务详情页
2. 显示“正在上传”区域列表
3. 状态字段显示为“正在转MP4”",1,3,功能测试,功能测试阶段
/我的采集（封伟） - 采集任务详情 - 由列表页“进入采集”点击进入 - “正在上传”区域 - 列表 - 字段 - 状态/,我的采集（封伟） - 采集任务详情 - 由列表页“进入采集”点击进入 - “正在上传”区域 - 列表 - 字段 - 状态 - 上传成功,系统已启动，用户已登录，存在采集任务且有文件上传成功,"1. 进入采集任务列表页面
2. 点击“进入采集”按钮
3. 查看“正在上传”区域列表中状态字段","1. 成功进入任务详情页面
2. 显示“正在上传”区域
3. 状态字段显示“上传成功”",1,2,功能测试,功能测试阶段
/我的采集（封伟） - 采集任务详情 - 由列表页“进入采集”点击进入 - “正在上传”区域 - 列表 - 字段 - 提示/,我的采集（封伟） - 采集任务详情 - 由列表页“进入采集”点击进入 - “正在上传”区域 - 列表 - 字段 - 提示 - 建议取消，因为状态已经能看到了,用户已登录，存在处于“正在上传”状态的采集任务,"1. 进入采集列表页
2. 点击“进入采集”进入任务详情页
3. 查看“正在上传”区域的列表字段","1. 成功进入任务详情页
2. 显示“正在上传”区域的列表
3. 字段中无多余的提示信息（如“建议取消”）",1,4,功能测试,功能测试阶段
/我的采集（封伟） - 采集任务详情 - 由列表页“进入采集”点击进入 - “正在上传”区域 - 操作 - 清空本地选择/,我的采集（封伟） - 采集任务详情 - 由列表页“进入采集”点击进入 - “正在上传”区域 - 操作 - 清空本地选择 - 不可以清除单个？,系统已启动，用户已登录，存在一个包含正在上传文件的采集任务,"1. 从列表页点击“进入采集”进入采集任务详情
2. 在“正在上传”区域，选择一个文件并点击“清空本地选择”按钮
3. 检查文件状态","1. 成功进入任务详情页
2. 操作无效或提示不可清除单个文件
3. 文件仍存在于列表中",1,3,功能测试,功能测试阶段
/我的采集（封伟） - 采集任务详情 - 由列表页“进入采集”点击进入 - “正在上传”区域 - 操作 - 清空本地选择/,我的采集（封伟） - 采集任务详情 - 由列表页“进入采集”点击进入 - “正在上传”区域 - 操作 - 清空本地选择 - 列表没有待上传文件时置灰,用户已登录，进入采集任务详情页的“正在上传”区域，且本地选择文件列表非空,"1. 点击“清空本地选择”按钮
2. 观察待上传文件列表状态","1. 系统清空本地选择的文件
2. 待上传文件列表为空且“清空本地选择”按钮置灰",1,3,功能测试,功能测试阶段
/我的采集（封伟） - 采集任务详情 - 由列表页“进入采集”点击进入 - “正在上传”区域 - 操作 - 清空本地选择/,我的采集（封伟） - 采集任务详情 - 由列表页“进入采集”点击进入 - “正在上传”区域 - 操作 - 清空本地选择 - 点击开始上传后置灰,系统已启动，用户已登录，已进入采集任务详情页，在“正在上传”区域，已清空本地选择,1. 点击开始上传按钮,1. 开始上传按钮置灰不可点击,1,1,功能测试,功能测试阶段
/我的采集（封伟） - 采集任务详情 - 由列表页“进入采集”点击进入 - “正在上传”区域 - 操作 - 清空本地选择/,我的采集（封伟） - 采集任务详情 - 由列表页“进入采集”点击进入 - “正在上传”区域 - 操作 - 清空本地选择 - 点击后清除上传清单所有数据,用户已登录，存在采集任务，从列表页点击“进入采集”进入任务详情，页面显示“正在上传”区域且有上传清单数据,"1. 点击“正在上传”区域的“清空本地选择”按钮
2. 观察上传清单列表
3. 检查页面提示或状态","1. 成功点击按钮
2. 上传清单所有数据被清除，列表为空
3. 无数据且可能提示清空成功",1,1,功能测试,功能测试阶段
/我的采集（封伟） - 采集任务详情 - 由列表页“进入采集”点击进入 - “正在上传”区域 - 操作 - 失败重试/,我的采集（封伟） - 采集任务详情 - 由列表页“进入采集”点击进入 - “正在上传”区域 - 操作 - 失败重试 - 针对所有失败的文件进行重新上传,系统已启动，用户已登录，采集列表页有正在上传的任务,"1. 进入采集任务详情页，在“正在上传”区域点击“操作”按钮
2. 点击“失败重试”选项
3. 确认重试所有失败文件","1. 显示操作菜单
2. 开始重试所有失败文件
3. 所有失败文件重新上传成功或显示进度",1,1,功能测试,功能测试阶段
/我的采集（封伟） - 采集任务详情 - 由列表页“进入采集”点击进入 - “正在上传”区域 - 操作 - 失败重试 - 上传状态：上传失败 时高亮可以点击/,我的采集（封伟） - 采集任务详情 - 由列表页“进入采集”点击进入 - “正在上传”区域 - 操作 - 失败重试 - 上传状态：上传失败 时高亮可以点击 - 点击后重新上传失败文件,系统已启动，用户已登录，存在上传失败的采集任务,"1. 进入采集任务详情页
2. 查看“正在上传”区域的上传失败文件
3. 点击文件上的“上传失败”高亮按钮","1. 成功进入详情页
2. 状态显示“上传失败”且按钮可点击
3. 文件开始重新上传，状态更新为“上传中”",1,1,功能测试,功能测试阶段
/我的采集（封伟） - 采集任务详情 - 由列表页“进入采集”点击进入 - “正在上传”区域 - 操作 - 失败重试/,我的采集（封伟） - 采集任务详情 - 由列表页“进入采集”点击进入 - “正在上传”区域 - 操作 - 失败重试 - 无上传失败时置灰，无法点击,系统已启动，用户已登录，采集任务详情页中无上传失败的任务,"1. 打开我的采集列表页
2. 点击某个任务的“进入采集”按钮，进入采集任务详情
3. 在“正在上传”区域查看“失败重试”按钮","1. 成功打开列表页
2. 成功进入采集任务详情页
3. “失败重试”按钮置灰且无法点击",1,4,功能测试,功能测试阶段
/我的采集（封伟） - 采集任务详情 - 由列表页“进入采集”点击进入 - “正在上传”区域 - 操作 - 取消上传/,我的采集（封伟） - 采集任务详情 - 由列表页“进入采集”点击进入 - “正在上传”区域 - 操作 - 取消上传 - 未点击开始上传时不能点击，按钮置灰,用户已登录，进入采集任务详情页的“正在上传”区域，且未点击开始上传,"1. 进入“正在上传”区域
2. 观察“取消上传”按钮","1. 区域显示正常
2. 按钮呈灰色，不可点击",1,2,功能测试,功能测试阶段
/我的采集（封伟） - 采集任务详情 - 由列表页“进入采集”点击进入 - “正在上传”区域 - 操作 - 取消上传/,我的采集（封伟） - 采集任务详情 - 由列表页“进入采集”点击进入 - “正在上传”区域 - 操作 - 取消上传 - 上传中可以点击,用户已登录，系统已启动，存在正在上传的采集任务,"1. 从列表页点击“进入采集”按钮
2. 在任务详情页找到“正在上传”区域
3. 点击该区域中的“取消上传”按钮","1. 成功进入任务详情页
2. 显示正在上传的任务列表
3. 取消上传操作成功，任务状态更新为已取消或提示取消成功",1,1,功能测试,功能测试阶段
/我的采集（封伟） - 采集任务详情 - 由列表页“进入采集”点击进入 - “正在上传”区域 - 操作 - 取消上传/,我的采集（封伟） - 采集任务详情 - 由列表页“进入采集”点击进入 - “正在上传”区域 - 操作 - 取消上传 - 点击后暂停所有上传,系统已启动，用户已登录，有正在上传的采集任务,"1. 从列表页点击“进入采集”进入采集任务详情页
2. 在“正在上传”区域，点击“取消上传”按钮
3. 确认暂停所有上传","1. 成功进入采集任务详情页，显示上传区域
2. 弹出确认对话框或直接执行取消上传操作
3. 所有上传任务暂停，状态更新为已取消",1,2,功能测试,功能测试阶段
/我的采集（封伟） - 采集任务详情 - 由列表页“进入采集”点击进入 - “正在上传”区域 - 操作 - 开始上传/,我的采集（封伟） - 采集任务详情 - 由列表页“进入采集”点击进入 - “正在上传”区域 - 操作 - 开始上传 - 未上传时按钮高亮，可点击,系统已启动，用户已登录，已进入采集任务详情页的“正在上传”区域，存在未上传的任务,"1. 从列表页点击“进入采集”进入采集任务详情页
2. 定位到“正在上传”区域
3. 点击“开始上传”按钮","1. 成功进入采集任务详情页
2. “正在上传”区域显示未上传任务列表，开始上传按钮高亮且可点击
3. 系统开始上传任务并显示上传进度",1,1,功能测试,功能测试阶段
/我的采集（封伟） - 采集任务详情 - 由列表页“进入采集”点击进入 - “正在上传”区域 - 操作 - 开始上传 - 点击后开始根据清单上传/,我的采集（封伟） - 采集任务详情 - 由列表页“进入采集”点击进入 - “正在上传”区域 - 操作 - 开始上传 - 点击后开始根据清单上传 - 无序,用户已登录，存在一个采集任务，该任务有清单且处于未开始上传状态,"1. 打开采集任务列表页
2. 点击“进入采集”进入任务详情页
3. 在“正在上传”区域点击“开始上传”按钮","1. 成功显示采集任务列表
2. 成功进入任务详情页，显示“正在上传”区域
3. 系统开始根据清单无序上传，并显示上传进度",1,1,功能测试,功能测试阶段
/我的采集（封伟） - 采集任务详情 - 由列表页“进入采集”点击进入 - “正在上传”区域 - 操作 - 开始上传 - 点击后开始根据清单上传/,我的采集（封伟） - 采集任务详情 - 由列表页“进入采集”点击进入 - “正在上传”区域 - 操作 - 开始上传 - 点击后开始根据清单上传 - 串行,用户已登录，已进入采集任务详情页，且存在待上传清单,"1. 在“正在上传”区域，点击“开始上传”按钮
2. 观察上传进度提示
3. 等待所有文件上传完成","1. 系统开始串行上传文件，显示上传进度
2. 每个文件上传完成后自动开始下一个
3. 所有文件上传成功，显示完成状态",1,2,功能测试,功能测试阶段
/我的采集（封伟） - 采集任务详情 - 由列表页“进入采集”点击进入 - “正在上传”区域 - 操作 - 开始上传/,我的采集（封伟） - 采集任务详情 - 由列表页“进入采集”点击进入 - “正在上传”区域 - 操作 - 开始上传 - 上传中loading效果，不可点击,用户已登录，存在采集任务，且任务状态为“正在上传”,"1. 在列表页点击“进入采集”进入采集任务详情页
2. 在“正在上传”区域点击“开始上传”按钮
3. 观察按钮状态","1. 成功进入采集任务详情页
2. 按钮变为loading状态并不可点击
3. 显示上传中动画",1,4,功能测试,功能测试阶段
/我的采集（封伟） - 采集任务详情 - 由列表页“进入采集”点击进入 - “正在上传”区域 - 操作 - 开始上传/,我的采集（封伟） - 采集任务详情 - 由列表页“进入采集”点击进入 - “正在上传”区域 - 操作 - 开始上传 - 包括失败的也会重新上传,系统已启动，用户已登录，列表页存在采集任务且包含失败记录,"1. 在列表页点击“进入采集”按钮
2. 在采集详情页的“正在上传”区域点击“开始上传”按钮
3. 观察上传状态","1. 成功跳转到采集任务详情页
2. 系统开始重新上传所有文件，包括失败的
3. 系统显示上传进度或提示“上传中”",1,3,功能测试,功能测试阶段
/我的采集（封伟） - 采集任务详情 - 由列表页“进入采集”点击进入 - “正在上传”区域/,我的采集（封伟） - 采集任务详情 - 由列表页“进入采集”点击进入 - “正在上传”区域 - 分页系统统一,用户已登录，存在采集任务且列表页显示“进入采集”按钮,"1. 点击列表页中的“进入采集”按钮
2. 在任务详情页点击“正在上传”区域
3. 点击分页控件（如页码或下一页）","1. 成功进入采集任务详情页
2. 显示“正在上传”列表数据
3. 分页正常，显示对应页数据且无报错",1,1,功能测试,功能测试阶段
/我的采集（封伟） - 采集任务详情 - 由列表页“进入采集”点击进入 - “已经上传”区域/,我的采集（封伟） - 采集任务详情 - 由列表页“进入采集”点击进入 - “已经上传”区域 - 数据来源：完成S3成功上传的文件,系统已启动，用户已登录，存在已上传S3文件的采集任务,"1. 进入我的采集列表页
2. 点击任务的“进入采集”按钮
3. 切换到“已经上传”区域查看数据来源","1. 成功打开列表页并显示任务
2. 成功进入任务详情页
3. 数据来源显示为“完成S3成功上传的文件”",1,3,功能测试,功能测试阶段
/我的采集（封伟） - 采集任务详情 - 由列表页“进入采集”点击进入 - “已经上传”区域/,我的采集（封伟） - 采集任务详情 - 由列表页“进入采集”点击进入 - “已经上传”区域 - 回显成功上传的文件总数,系统已启动，用户已登录,"1. 进入我的采集页面
2. 点击列表页中的“进入采集”按钮
3. 查看“已经上传”区域","1. 成功进入我的采集页面
2. 进入采集任务详情页
3. 成功显示已上传的文件总数",1,1,功能测试,功能测试阶段
/我的采集（封伟） - 采集任务详情 - 由列表页“进入采集”点击进入 - “已经上传”区域 - 列表/,我的采集（封伟） - 采集任务详情 - 由列表页“进入采集”点击进入 - “已经上传”区域 - 列表 - 文件名,用户已登录，存在已上传文件的采集任务，从列表页点击“进入采集”进入详情页，位于“已经上传”区域,"1. 定位到“已经上传”区域的文件列表
2. 查看列表中的文件名显示
3. 验证文件名与上传的文件名一致","1. 成功定位到“已经上传”区域的文件列表
2. 文件名显示完整
3. 文件名显示正确无误",1,3,功能测试,功能测试阶段
/我的采集（封伟） - 采集任务详情 - 由列表页“进入采集”点击进入 - “已经上传”区域 - 列表/,我的采集（封伟） - 采集任务详情 - 由列表页“进入采集”点击进入 - “已经上传”区域 - 列表 - 大小,系统已启动，用户已登录，存在采集任务且有已上传文件,"1. 打开列表页，点击“进入采集”进入采集任务详情页面
2. 定位到“已经上传”区域，查看文件列表
3. 检查列表中的“大小”字段显示","1. 成功进入采集任务详情页面
2. 显示“已经上传”区域，包含文件列表
3. “大小”字段显示正确，格式符合规范（如KB/MB）",1,2,功能测试,功能测试阶段
/我的采集（封伟） - 采集任务详情 - 由列表页“进入采集”点击进入 - “已经上传”区域 - 列表 - S3地址/,我的采集（封伟） - 采集任务详情 - 由列表页“进入采集”点击进入 - “已经上传”区域 - 列表 - S3地址 - 过长鼠标停留展示所有,系统已启动，用户已登录,"1. 由列表页点击“进入采集”进入采集任务详情页
2. 切换到“已经上传”区域
3. 在列表中找到S3地址过长的条目，将鼠标悬停在该地址上","1. 成功进入采集任务详情页
2. 显示“已经上传”区域内容
3. 鼠标悬停时，S3地址完整展示（如通过tooltip或完整文本显示）",1,4,功能测试,功能测试阶段
/我的采集（封伟） - 采集任务详情 - 由列表页“进入采集”点击进入 - “已经上传”区域 - 列表 - 状态/,我的采集（封伟） - 采集任务详情 - 由列表页“进入采集”点击进入 - “已经上传”区域 - 列表 - 状态 - 只有“上传成功”状态（绿色）,系统已启动，用户已登录，存在包含已上传数据的采集任务,"1. 打开列表页面，点击“进入采集”进入采集任务详情页
2. 在详情页切换到“已经上传”区域
3. 查看列表中状态列","1. 成功进入采集任务详情页
2. “已经上传”区域显示正确
3. 状态列仅显示“上传成功”且字体为绿色",1,2,功能测试,功能测试阶段
/我的采集（封伟） - 采集任务详情 - 由列表页“进入采集”点击进入 - “已经上传”区域 - 列表/,我的采集（封伟） - 采集任务详情 - 由列表页“进入采集”点击进入 - “已经上传”区域 - 列表 - 建议加个删除按钮，方便调整上传完成的文件,用户已登录，存在至少一个含有已上传文件的采集任务,"1. 进入我的采集列表页，点击“进入采集”按钮
2. 在采集任务详情页，定位到“已经上传”区域
3. 查看列表中的已上传文件是否每项都有删除按钮","1. 成功进入采集任务详情页
2. 可以看到“已经上传”区域，并显示已上传文件列表
3. 每个已上传文件旁均显示删除按钮",1,3,功能测试,功能测试阶段
/我的采集（封伟） - 采集任务详情 - 由列表页“进入采集”点击进入 - “已经上传”区域/,我的采集（封伟） - 采集任务详情 - 由列表页“进入采集”点击进入 - “已经上传”区域 - 分页系统统一,用户已登录，存在采集任务且包含已上传数据,"1. 进入采集列表页
2. 点击“进入采集”进入任务详情
3. 在“已经上传”区域点击下一页或指定页码","1. 列表页显示正常
2. 进入任务详情页并看到“已经上传”区域
3. 分页正常切换，数据更新正确",1,4,功能测试,功能测试阶段
/我的采集（封伟） - 采集任务详情 - 由列表页“进入采集”点击进入 - 完成采集/,我的采集（封伟） - 采集任务详情 - 由列表页“进入采集”点击进入 - 完成采集 - 已经上传成功的文件不低于1个，否则置灰不能点击,系统已启动，用户已登录，列表页存在采集任务且已上传至少1个成功文件,"1. 点击列表页的“进入采集”按钮
2. 在采集任务详情页确认已上传成功的文件不低于1个
3. 点击“完成采集”按钮","1. 成功进入采集任务详情页
2. 确认“完成采集”按钮为可用状态（未置灰）
3. 系统提示“采集任务已完成”",1,3,功能测试,功能测试阶段
/我的采集（封伟） - 采集任务详情 - 由列表页“进入采集”点击进入 - 完成采集 - 点击后出现二次弹框 - 完成采集 - 提示文案：确认完成采集任务「TASK - 2026/,我的采集（封伟） - 采集任务详情 - 由列表页“进入采集”点击进入 - 完成采集 - 点击后出现二次弹框 - 完成采集 - 提示文案：确认完成采集任务「TASK - 2026 - 012」吗?完成后任务会流转到标注阶段。,用户已登录，已在采集任务详情页（从列表页点击“进入采集”进入）,"1. 点击“完成采集”按钮
2. 在二次确认弹框中，点击“确认完成”按钮","1. 弹出二次确认弹框，显示文案“确认完成采集任务「TASK - 2026 - 012」吗?完成后任务会流转到标注阶段。”
2. 系统提示操作成功，任务状态变更为“标注中”",1,3,功能测试,功能测试阶段
/我的采集（封伟） - 采集任务详情 - 由列表页“进入采集”点击进入 - 完成采集 - 点击后出现二次弹框 - 完成采集/,我的采集（封伟） - 采集任务详情 - 由列表页“进入采集”点击进入 - 完成采集 - 点击后出现二次弹框 - 完成采集 - 点击后任务流转到我的标注,系统已启动，用户已登录,"1. 在采集任务列表页点击“进入采集”按钮
2. 在任务详情页完成采集后点击“完成采集”按钮
3. 在二次弹框中点击确认","1. 成功进入采集任务详情页
2. 弹出确认完成采集的二次弹框
3. 任务流转到“我的标注”页面",1,1,功能测试,功能测试阶段
/我的采集（封伟） - 采集任务详情 - 由列表页“进入采集”点击进入 - 完成采集 - 点击后出现二次弹框 - 取消/,我的采集（封伟） - 采集任务详情 - 由列表页“进入采集”点击进入 - 完成采集 - 点击后出现二次弹框 - 取消 - 关闭弹框，依然停留当前页,用户已登录，在采集任务列表页,"1. 点击列表页的“进入采集”按钮进入采集任务详情页
2. 执行完成采集操作，触发二次弹框
3. 在弹框中点击取消按钮，关闭弹框","1. 成功进入采集任务详情页
2. 弹出二次确认弹框
3. 弹框关闭，页面停留在当前采集任务详情页",1,4,功能测试,功能测试阶段
/我的采集（封伟） - 采集任务详情 - 由列表页“进入采集”点击进入 - 返回 - 正在上传文件≥1时 - 二次确认弹框/,我的采集（封伟） - 采集任务详情 - 由列表页“进入采集”点击进入 - 返回 - 正在上传文件≥1时 - 二次确认弹框 - 提示文案：当前还有文件未上传到服务器本地。离开页面后，未完成上传的本地文件会丢失，需要重新选择同一个文件夹后继续上传。确认离开吗？,系统已启动，用户已登录，处于采集任务详情页，且有文件正在上传（≥1个）,1. 在采集任务详情页，确保有至少1个文件正在上传\n2. 点击返回按钮或执行离开页面操作\n3. 观察页面响应,,1,2,功能测试,功能测试阶段
/我的采集（封伟） - 采集任务详情 - 由列表页“进入采集”点击进入 - 返回 - 正在上传文件≥1时 - 二次确认弹框 - 确认离开 - 返回我的采集列表页/,我的采集（封伟） - 采集任务详情 - 由列表页“进入采集”点击进入 - 返回 - 正在上传文件≥1时 - 二次确认弹框 - 确认离开 - 返回我的采集列表页 - 清空还未成功传到云服务的文件,系统已启动，用户已登录，存在正在上传≥1文件的采集任务,"1. 进入采集任务详情页
2. 点击返回按钮
3. 在二次确认弹框中点击确认离开","1. 返回我的采集列表页
2. 未成功上传的文件被清空
3. 采集任务状态更新",1,1,功能测试,功能测试阶段
/我的采集（封伟） - 采集任务详情 - 由列表页“进入采集”点击进入 - 返回 - 正在上传文件≥1时 - 二次确认弹框 - 继续上传/,我的采集（封伟） - 采集任务详情 - 由列表页“进入采集”点击进入 - 返回 - 正在上传文件≥1时 - 二次确认弹框 - 继续上传 - 关闭弹框停留在当前采集页,用户已登录，存在至少一个采集任务，该任务正在上传文件（文件数≥1），用户已在采集任务详情页,"1. 点击返回按钮
2. 在二次确认弹框中点击“继续上传”
3. 关闭弹框","1. 弹出二次确认弹框，提示有文件正在上传
2. 弹框关闭，继续上传文件
3. 页面停留在当前采集任务详情页，未返回列表",1,4,功能测试,功能测试阶段
/我的采集（封伟） - 采集任务详情 - 由列表页“进入采集”点击进入 - 返回 - 正在上传的文件为空时/,我的采集（封伟） - 采集任务详情 - 由列表页“进入采集”点击进入 - 返回 - 正在上传的文件为空时 - 直接返回到我的采集列表页,系统已启动，用户已登录，在我的采集列表页有采集任务,"1. 点击“进入采集”进入采集任务详情页
2. 确认正在上传的文件为空
3. 点击返回按钮","1. 成功进入采集任务详情页
2. 页面显示无正在上传的文件
3. 返回至我的采集列表页",1,3,功能测试,功能测试阶段
/我的标注（林禹成） - 数据来源/,我的标注（林禹成） - 数据来源 - “我的采集”中完成采集的数据且任务指派的标注人员是此账号用户,系统已启动，用户林禹成已登录,"1. 进入“我的标注”页面
2. 查看数据来源筛选条件
3. 选择“我的采集”并确认数据列表","1. 成功显示“我的标注”页面
2. 数据来源中可见“我的采集”选项
3. 列表仅显示由当前账号采集且指派给当前账号的标注任务",1,2,功能测试,功能测试阶段
/我的标注（林禹成） - 列表页 - 任务编号 - 与“任务管理”中的任务编号一致 - 系统自动创建，规则：TASK - 年/,我的标注（林禹成） - 列表页 - 任务编号 - 与“任务管理”中的任务编号一致 - 系统自动创建，规则：TASK - 年 - 001开始自增,系统已启动，用户已登录,"1. 打开我的标注列表页
2. 查看任务编号字段
3. 对照任务管理中的对应任务编号","1. 我的标注列表页成功打开
2. 任务编号显示为TASK-年-001格式
3. 与任务管理中的任务编号一致",1,4,功能测试,功能测试阶段
/我的标注（林禹成） - 列表页 - 任务名称 - 与“任务管理”中的任务名称一致/,我的标注（林禹成） - 列表页 - 任务名称 - 与“任务管理”中的任务名称一致 - 新增时自行输入的,系统已启动，用户已登录,"1. 在任务管理页面新增任务并输入自定义名称
2. 进入我的标注列表页
3. 查看该任务名称","1. 任务创建成功
2. 列表页正常显示
3. 任务名称与输入一致",1,4,功能测试,功能测试阶段
/我的标注（林禹成） - 列表页 - 分类 - 与“任务管理”中的分类一致/,我的标注（林禹成） - 列表页 - 分类 - 与“任务管理”中的分类一致 - 新增时自行选择的,系统已启动，用户已登录，任务管理中存在分类数据,"1. 打开我的标注列表页
2. 对比列表页分类与任务管理中的分类
3. 点击新增标注，选择分类","1. 列表页显示正常
2. 分类列表与任务管理中的分类完全一致
3. 可选择自定义分类并成功新增",1,3,功能测试,功能测试阶段
/我的标注（林禹成） - 列表页 - 状态 - 已采集/,我的标注（林禹成） - 列表页 - 状态 - 已采集 - 刚完成采集数据进入“我的标注”,系统已启动，用户已登录，用户刚完成采集数据,"1. 进入“我的标注”列表页
2. 查看列表中状态列
3. 检查刚完成采集的数据状态","1. 列表页成功加载
2. 列表显示状态为“已采集”的条目
3. 刚完成采集的数据状态显示为“已采集”",1,3,功能测试,功能测试阶段
/我的标注（林禹成） - 列表页 - 状态/,我的标注（林禹成） - 列表页 - 状态 - 无其他状态，因为完成标注后数据就会消失，且无法回退,用户已登录且存在标注数据,"1. 打开我的标注页面
2. 查看列表中最后一条数据的状态","1. 成功打开页面
2. 状态列仅显示单一状态（如“进行中”）",1,3,功能测试,功能测试阶段
/我的标注（林禹成） - 列表页 - 采集人员/,我的标注（林禹成） - 列表页 - 采集人员 - 完成采集的人员,系统已启动，用户已登录,"1. 进入我的标注列表页
2. 选择采集人员筛选条件
3. 选择'完成采集的人员'选项","1. 成功进入列表页
2. 筛选条件可正确选择
3. 列表只显示已完成采集的人员的标注",1,2,功能测试,功能测试阶段
/我的标注（林禹成） - 列表页 - 退回次数/,我的标注（林禹成） - 列表页 - 退回次数 - 无用，建议删除,系统已启动，用户林禹成已登录，进入我的标注列表页,"1. 检查列表页是否存在'退回次数'字段
2. 确认该字段已被删除或隐藏
3. 操作列表页分页、搜索等功能","1. 列表页不显示'退回次数'字段
2. 其他字段正常显示
3. 列表页功能正常无异常",1,3,功能测试,功能测试阶段
/我的标注（林禹成） - 列表页 - 创建时间/,我的标注（林禹成） - 列表页 - 创建时间 - 目前：年月日，建议改为：年月日 时分秒,系统已启动，用户已登录,"1. 进入“我的标注”列表页
2. 查看列表中标注的创建时间字段
3. 检查创建时间的显示格式","1. 成功显示列表页
2. 创建时间字段可见
3. 创建时间显示为“年月日 时分秒”格式",1,3,功能测试,功能测试阶段
/我的标注（林禹成） - 列表页 - 操作 - 【进入标注】 - 上方信息区域/,我的标注（林禹成） - 列表页 - 操作 - 【进入标注】 - 上方信息区域 - 任务名称,用户已登录，列表页存在标注任务,"1. 打开我的标注列表页
2. 点击一个标注任务的“进入标注”按钮
3. 查看页面上方信息区域","1. 列表页显示正常
2. 成功进入标注页面
3. 上方信息区域显示该任务的任务名称",1,2,功能测试,功能测试阶段
/我的标注（林禹成） - 列表页 - 操作 - 【进入标注】 - 上方信息区域/,我的标注（林禹成） - 列表页 - 操作 - 【进入标注】 - 上方信息区域 - 任务编号,用户已登录，且存在标注记录列表,"1. 进入'我的标注'列表页
2. 点击某个标注的'进入标注'操作
3. 查看上方信息区域的任务编号","1. 列表页显示标注记录
2. 成功进入标注详情页
3. 上方信息区域正确显示对应任务编号",1,4,功能测试,功能测试阶段
/我的标注（林禹成） - 列表页 - 操作 - 【进入标注】 - 上方信息区域 - Total - 视频总时间：分：秒：毫秒/,我的标注（林禹成） - 列表页 - 操作 - 【进入标注】 - 上方信息区域 - Total - 视频总时间：分：秒：毫秒 - 如：3:36.898，代表：3 分 36 秒 898 毫秒,系统已启动，用户已登录，我的标注列表页有标注数据,"1. 在列表页点击一个标注条目
2. 查看上方信息区域
3. 检查Total视频总时间格式","1. 成功进入标注详情页
2. 显示Total视频总时间
3. 格式为分:秒.毫秒，如3:36.898",1,1,功能测试,功能测试阶段
/我的标注（林禹成） - 列表页 - 操作 - 【进入标注】 - 上方信息区域 - 当前窗口/,我的标注（林禹成） - 列表页 - 操作 - 【进入标注】 - 上方信息区域 - 当前窗口 - 标注区域下方显示的时间区间,用户已登录，存在标注记录,"1. 进入我的标注列表页
2. 点击某条标注的进入标注操作
3. 查看标注区域下方的时间区间","1. 成功进入标注详情页
2. 标注区域显示
3. 标注区域下方正确显示对应的时间区间",1,4,功能测试,功能测试阶段
/我的标注（林禹成） - 列表页 - 操作 - 【进入标注】 - 上方信息区域 - 当前段/,我的标注（林禹成） - 列表页 - 操作 - 【进入标注】 - 上方信息区域 - 当前段 - 当前这段视频所在的时间区间,用户已登录，我的标注列表页有标注记录,"1. 进入我的标注列表页
2. 点击某条标注的“进入标注”按钮
3. 查看上方信息区域的“当前段”","1. 列表页正常显示
2. 进入标注详情页
3. 显示当前视频段的时间区间",1,1,功能测试,功能测试阶段
/我的标注（林禹成） - 列表页 - 操作 - 【进入标注】 - 上方信息区域 - 基准/,我的标注（林禹成） - 列表页 - 操作 - 【进入标注】 - 上方信息区域 - 基准 - 选择左臂显示：左臂视角,系统已启动，用户已登录,"1. 进入我的标注列表页
2. 点击操作中的【进入标注】
3. 在上方信息区域基准中选择左臂显示","1. 列表页正常显示
2. 成功进入标注页面
3. 显示左臂视角",1,3,功能测试,功能测试阶段
/我的标注（林禹成） - 列表页 - 操作 - 【进入标注】 - 上方信息区域 - 基准/,我的标注（林禹成） - 列表页 - 操作 - 【进入标注】 - 上方信息区域 - 基准 - 选择右臂显示：右臂视角,系统已启动，用户已登录，已进入我的标注列表页,"1. 点击某个标注项的【进入标注】按钮
2. 在上方信息区域点击基准下拉框
3. 选择【右臂】选项","1. 成功进入标注详情页
2. 基准下拉框弹出选项列表
3. 页面显示右臂视角的标注内容",1,4,功能测试,功能测试阶段
/我的标注（林禹成） - 列表页 - 操作 - 【进入标注】 - 左侧样本列表 - 左臂视角 - 显示X段视频/,我的标注（林禹成） - 列表页 - 操作 - 【进入标注】 - 左侧样本列表 - 左臂视角 - 显示X段视频 - 根据采集时上传的文件数量对应显示,用户已登录，存在包含左臂视角视频且上传了文件的标注样本,"1. 进入“我的标注”列表页
2. 点击样本的“进入标注”操作
3. 在左侧样本列表中选择“左臂视角”","1. 页面跳转至标注界面
2. 左侧样本列表正常显示
3. 右侧视频区域显示的视频数量与采集时上传的文件数量一致",1,1,功能测试,功能测试阶段
/我的标注（林禹成） - 列表页 - 操作 - 【进入标注】 - 左侧样本列表 - 左臂视角 - 点击后/,我的标注（林禹成） - 列表页 - 操作 - 【进入标注】 - 左侧样本列表 - 左臂视角 - 点击后 - 基准变更为左臂视角,系统已启动，用户已登录，进入我的标注页面,"1. 在列表页点击样本的【进入标注】按钮
2. 在左侧样本列表中点击左臂视角
3. 点击后观察基准视角","1. 成功进入标注页面
2. 左臂视角被选中并显示
3. 基准视角变更为左臂视角",1,3,功能测试,功能测试阶段
/我的标注（林禹成） - 列表页 - 操作 - 【进入标注】 - 左侧样本列表 - 左臂视角 - 点击后/,我的标注（林禹成） - 列表页 - 操作 - 【进入标注】 - 左侧样本列表 - 左臂视角 - 点击后 - 右侧操作区域 3D姿态信息下方自动选中左臂,用户已登录，进入我的标注列表页，左侧样本列表已加载,1. 在左侧样本列表中点击左臂视角,1. 右侧操作区域3D姿态信息下方自动选中左臂,1,4,功能测试,功能测试阶段
/我的标注（林禹成） - 列表页 - 操作 - 【进入标注】 - 左侧样本列表 - 右臂视角 - 显示X段视频/,我的标注（林禹成） - 列表页 - 操作 - 【进入标注】 - 左侧样本列表 - 右臂视角 - 显示X段视频 - 根据采集时上传的文件数量对应显示,用户已登录，进入标注页面,"1. 打开标注页面并选择右臂视角
2. 查看左侧样本列表
3. 统计显示的视频段数","1. 成功打开标注页面并切换至右臂视角
2. 左侧样本列表正确显示
3. 显示的视频段数与采集时上传的文件数量一致",1,4,功能测试,功能测试阶段
/我的标注（林禹成） - 列表页 - 操作 - 【进入标注】 - 左侧样本列表 - 右臂视角 - 点击后/,我的标注（林禹成） - 列表页 - 操作 - 【进入标注】 - 左侧样本列表 - 右臂视角 - 点击后 - 基准变更为右臂视角,系统已启动，用户已登录,"1. 打开我的标注列表页
2. 点击操作中的【进入标注】
3. 在左侧样本列表中点击右臂视角","1. 成功打开列表页
2. 进入标注页面
3. 基准变更为右臂视角",1,3,功能测试,功能测试阶段
/我的标注（林禹成） - 列表页 - 操作 - 【进入标注】 - 左侧样本列表 - 右臂视角 - 点击后/,我的标注（林禹成） - 列表页 - 操作 - 【进入标注】 - 左侧样本列表 - 右臂视角 - 点击后 - 右侧操作区域 3D姿态信息下方自动选中右臂,用户已登录，存在标注任务且进入我的标注列表页,"1. 在列表页点击【进入标注】
2. 在左侧样本列表中选择右臂视角
3. 点击右臂视角","1. 成功进入标注页面
2. 右侧操作区域显示3D姿态信息
3. 3D姿态信息下方自动选中右臂",1,4,功能测试,功能测试阶段
/我的标注（林禹成） - 列表页 - 操作 - 【进入标注】 - 中部标注视频区域 - 视频显示区域 - 三种形式：/,我的标注（林禹成） - 列表页 - 操作 - 【进入标注】 - 中部标注视频区域 - 视频显示区域 - 三种形式： - 摇操,系统已启动，用户已登录，已进入标注列表页,"1. 点击【进入标注】按钮
2. 在视频显示区域选择摇操形式
3. 观察视频显示区域","1. 成功进入标注页面
2. 视频显示区域切换为摇操形式
3. 视频正常显示且无异常",1,1,功能测试,功能测试阶段
/我的标注（林禹成） - 列表页 - 操作 - 【进入标注】 - 中部标注视频区域 - 视频显示区域 - 三种形式：/,我的标注（林禹成） - 列表页 - 操作 - 【进入标注】 - 中部标注视频区域 - 视频显示区域 - 三种形式： - 夹爪,系统已启动，用户已登录，已进入我的标注列表页,"1. 在列表页点击某条标注的“进入标注”
2. 查看中部标注视频区域的视频显示区域
3. 观察夹爪形式是否正常显示","1. 成功进入标注页面
2. 视频显示区域正常显示
3. 夹爪形式正确显示（形状、位置正常）",1,4,功能测试,功能测试阶段
/我的标注（林禹成） - 列表页 - 操作 - 【进入标注】 - 中部标注视频区域 - 视频显示区域 - 三种形式：/,我的标注（林禹成） - 列表页 - 操作 - 【进入标注】 - 中部标注视频区域 - 视频显示区域 - 三种形式： - 天机,用户已登录，在我的标注列表页,"1. 点击某条标注的【进入标注】按钮
2. 进入标注页面，观察视频显示区域
3. 检查视频显示区域的三种显示形式","1. 页面跳转至标注详情页
2. 视频显示区域正常加载
3. 显示三种形式，包括天机",1,1,功能测试,功能测试阶段
/我的标注（林禹成） - 列表页 - 操作 - 【进入标注】 - 中部标注视频区域 - 视频显示区域 - 视频左上角显示 - 左/右臂视角 - 对齐基准/,我的标注（林禹成） - 列表页 - 操作 - 【进入标注】 - 中部标注视频区域 - 视频显示区域 - 视频左上角显示 - 左/右臂视角 - 对齐基准 - 表示：以此臂视角为基准,系统已启动，用户已登录,"1. 进入我的标注列表页，选择一条标注，点击进入标注
2. 在视频显示区域查看左上角显示信息，选择左/右臂视角
3. 观察对齐基准的表示","1. 成功进入标注页面，视频区域显示
2. 左上角正确显示臂视角标识
3. 对齐基准正确表示为“以此臂视角为基准”",1,2,功能测试,功能测试阶段
/我的标注（林禹成） - 列表页 - 操作 - 【进入标注】 - 中部标注视频区域 - 视频显示区域 - 视频左上角显示 - 左/右臂视角 - 【设基准】/,我的标注（林禹成） - 列表页 - 操作 - 【进入标注】 - 中部标注视频区域 - 视频显示区域 - 视频左上角显示 - 左/右臂视角 - 【设基准】 - 可点击，点击后以此臂视角为基准,系统已启动，用户已登录，已进入标注页面，视频加载完成且显示左/右臂视角,1. 点击视频左上角的【设基准】按钮,1. 按钮可点击，点击后系统以当前臂视角为基准，并提示设置成功或更新界面,1,4,功能测试,功能测试阶段
/我的标注（林禹成） - 列表页 - 操作 - 【进入标注】 - 中部标注视频区域 - 视频显示区域 - 右上角可切换视频显示位置/,我的标注（林禹成） - 列表页 - 操作 - 【进入标注】 - 中部标注视频区域 - 视频显示区域 - 右上角可切换视频显示位置 - 视频左右展示,用户已登录，在标注列表页，点击操作进入标注，显示中部标注视频区域，视频显示区域右上角有切换视频显示位置按钮,"1. 观察视频显示区域默认显示方式
2. 点击视频显示区域右上角的切换按钮
3. 观察视频显示区域变化","1. 视频显示区域默认显示为上下排列
2. 切换按钮被点击，图标或状态变化
3. 视频显示区域变为左右排列，且视频可正常播放",1,4,功能测试,功能测试阶段
/我的标注（林禹成） - 列表页 - 操作 - 【进入标注】 - 中部标注视频区域 - 视频显示区域 - 右上角可切换视频显示位置/,我的标注（林禹成） - 列表页 - 操作 - 【进入标注】 - 中部标注视频区域 - 视频显示区域 - 右上角可切换视频显示位置 - 视频上下展示,用户已登录，存在标注任务，进入标注页面,"1. 进入标注页面
2. 点击视频显示区域右上角的切换按钮
3. 观察视频显示位置","1. 成功进入标注页面
2. 切换按钮可点击
3. 视频显示位置变为上下展示",1,3,功能测试,功能测试阶段
/我的标注（林禹成） - 列表页 - 操作 - 【进入标注】 - 中部标注视频区域 - 视频显示区域 - 视频 - 视频预加载优先级/,我的标注（林禹成） - 列表页 - 操作 - 【进入标注】 - 中部标注视频区域 - 视频显示区域 - 视频 - 视频预加载优先级 - 当前时间段基准相机→当前时间段其他相机→邻近片段基准相机→邻近片段其他相机,用户已登录，我的标注列表页有标注项,"1. 点击「进入标注」按钮
2. 查看视频区域
3. 检查视频预加载顺序","1. 成功进入标注页面
2. 视频区域显示视频
3. 预加载顺序为：当前时间段基准相机→当前时间段其他相机→邻近片段基准相机→邻近片段其他相机",1,1,功能测试,功能测试阶段
/我的标注（林禹成） - 列表页 - 操作 - 【进入标注】 - 中部标注视频区域 - 视频显示区域 - 视频 - 缓存上限控制/,我的标注（林禹成） - 列表页 - 操作 - 【进入标注】 - 中部标注视频区域 - 视频显示区域 - 视频 - 缓存上限控制 - 最多缓存当前段前后 5 段，总计 11 段，长期使用页面内存无无限增长,系统已启动，用户已登录，进入我的标注列表页并打开标注视频,"1.
2.
3.
",,1,1,功能测试,功能测试阶段
/我的标注（林禹成） - 列表页 - 操作 - 【进入标注】 - 中部标注视频区域 - 视频显示区域 - 视频/,我的标注（林禹成） - 列表页 - 操作 - 【进入标注】 - 中部标注视频区域 - 视频显示区域 - 视频 - 跳转到已缓存片段时，不重复请求资源，500ms 内恢复播放,用户已登录，存在已缓存的视频片段,"1. 进入标注页面并打开视频
2. 跳转到已缓存片段
3. 观察网络请求和播放恢复时间","1. 视频显示区域正常显示
2. 不发起新的资源请求
3. 视频在500ms内恢复播放",1,1,功能测试,功能测试阶段
/我的标注（林禹成） - 列表页 - 操作 - 【进入标注】 - 中部标注视频区域 - 视频显示区域 - 视频右下角显示 - 局部xx.xxxs / 全局x:xx.xxx/,我的标注（林禹成） - 列表页 - 操作 - 【进入标注】 - 中部标注视频区域 - 视频显示区域 - 视频右下角显示 - 局部xx.xxxs / 全局x:xx.xxx - 局部：当前这一帧在当前这个段视频的秒数,用户已登录，进入我的标注列表页，选择一个标注并进入标注页面,"1. 在标注页面的视频区域播放视频
2. 观察视频右下角的时间显示","1. 视频正常播放
2. 右下角显示局部时间（格式如xx.xxxs）和全局时间（格式如x:xx.xxx）",1,3,功能测试,功能测试阶段
/我的标注（林禹成） - 列表页 - 操作 - 【进入标注】 - 中部标注视频区域 - 视频显示区域 - 视频右下角显示 - 局部xx.xxxs / 全局x:xx.xxx/,我的标注（林禹成） - 列表页 - 操作 - 【进入标注】 - 中部标注视频区域 - 视频显示区域 - 视频右下角显示 - 局部xx.xxxs / 全局x:xx.xxx - 全局：当前这一帧在视频总时间的秒数,系统已启动，用户已登录，已进入标注页面，视频已加载,"1. 在标注页面播放视频到某一帧
2. 观察视频右下角的时间显示
3. 记录全局时间显示值","1. 视频正常播放
2. 视频右下角显示全局时间，格式为“x:xx.xxx”
3. 全局时间显示值与当前帧在视频总时间中的实际秒数一致",1,2,功能测试,功能测试阶段
/我的标注（林禹成） - 列表页 - 操作 - 【进入标注】 - 中部标注视频区域 - 视频显示区域 - 视频右下角显示 - 局部xx.xxxs / 全局x:xx.xxx/,我的标注（林禹成） - 列表页 - 操作 - 【进入标注】 - 中部标注视频区域 - 视频显示区域 - 视频右下角显示 - 局部xx.xxxs / 全局x:xx.xxx - 当前段开始时间 + 局部时间 = 全局时间,系统已启动，用户已登录，且存在至少一条标注记录,"1. 进入“我的标注”列表页
2. 点击某条标注记录的“进入标注”按钮
3. 在视频播放界面的右下角查看显示的时间信息","1. 成功显示标注列表
2. 进入标注视频播放页面
3. 视频右下角显示局部时间（格式xx.xxxs）和全局时间（格式x:xx.xxx），且当前段开始时间 + 局部时间 = 全局时间",1,1,功能测试,功能测试阶段
/我的标注（林禹成） - 列表页 - 操作 - 【进入标注】 - 中部标注视频区域 - 视频显示区域 - 时间条 - 《/,我的标注（林禹成） - 列表页 - 操作 - 【进入标注】 - 中部标注视频区域 - 视频显示区域 - 时间条 - 《 - 上一帧,系统已登录，进入标注页面，视频已加载,1. 点击时间条上的《上一帧按钮,1. 视频画面跳转到上一帧，时间条同步更新,1,2,功能测试,功能测试阶段
/我的标注（林禹成） - 列表页 - 操作 - 【进入标注】 - 中部标注视频区域 - 视频显示区域 - 时间条 - ▶️/⏸️/,我的标注（林禹成） - 列表页 - 操作 - 【进入标注】 - 中部标注视频区域 - 视频显示区域 - 时间条 - ▶️/⏸️ - 播放/暂停,系统已启动，用户已登录，进入视频标注页面，视频显示区域有时间条,"1. 点击时间条上的播放按钮（▶️）
2. 等待视频播放一段时间
3. 点击暂停按钮（⏸️）","1. 视频开始播放，播放按钮变为暂停按钮
2. 视频进度条移动
3. 视频暂停播放，暂停按钮变为播放按钮",1,1,功能测试,功能测试阶段
/我的标注（林禹成） - 列表页 - 操作 - 【进入标注】 - 中部标注视频区域 - 视频显示区域 - 时间条 - 》/,我的标注（林禹成） - 列表页 - 操作 - 【进入标注】 - 中部标注视频区域 - 视频显示区域 - 时间条 - 》 - 下一帧,系统已启动，用户已登录，进入标注页面且视频已加载,1. 点击时间条上的“下一帧”按钮（〉）,1. 视频跳转到下一帧，时间条更新显示当前帧位置,1,1,功能测试,功能测试阶段
/我的标注（林禹成） - 列表页 - 操作 - 【进入标注】 - 中部标注视频区域 - 视频显示区域 - 时间条/,我的标注（林禹成） - 列表页 - 操作 - 【进入标注】 - 中部标注视频区域 - 视频显示区域 - 时间条 - 可点击时间条跳转至任意时间位置,用户已登录，已在标注视频页面,"1. 在视频显示区域找到时间条
2. 点击时间条上的任意时间位置
3. 观察视频播放进度变化","1. 时间条显示正常
2. 视频跳转到点击的时间位置
3. 视频从该时间点继续播放",1,2,功能测试,功能测试阶段
/我的标注（林禹成） - 列表页 - 操作 - 【进入标注】 - 中部标注视频区域 - 视频显示区域 - 时间条/,我的标注（林禹成） - 列表页 - 操作 - 【进入标注】 - 中部标注视频区域 - 视频显示区域 - 时间条 - 右侧显示：当前播放时间点 / 视频总时间,用户已登录，在标注列表页,"1. 在列表页点击某标注的“进入标注”按钮
2. 观察视频时间条右侧的显示内容","1. 成功进入标注视频页面
2. 时间条右侧显示当前播放时间点/视频总时间",1,3,功能测试,功能测试阶段
/我的标注（林禹成） - 列表页 - 操作 - 【进入标注】 - 中部标注视频区域 - 标注区域/,我的标注（林禹成） - 列表页 - 操作 - 【进入标注】 - 中部标注视频区域 - 标注区域 - 默认展示：L1和L2,用户已登录，存在标注记录,"1. 打开列表页，找到标注记录
2. 点击【进入标注】按钮
3. 观察标注区域","1. 列表页正常显示
2. 成功进入标注页面，视频区域加载
3. 默认展示L1和L2层级",1,2,功能测试,功能测试阶段
/我的标注（林禹成） - 列表页 - 操作 - 【进入标注】 - 中部标注视频区域 - 标注区域 - 点击+新增层级/,我的标注（林禹成） - 列表页 - 操作 - 【进入标注】 - 中部标注视频区域 - 标注区域 - 点击+新增层级 - 在当前最低层级下递增,用户已登录，已进入我的标注列表页，并打开一个标注进入标注界面,"1. 进入我的标注列表页，点击某一标注进入
2. 在中部标注视频区域找到标注区域
3. 点击+新增层级按钮","1. 成功进入标注详情页
2. 显示标注区域及已有层级
3. 当前最低层级下新增一个递增的层级",1,1,功能测试,功能测试阶段
/我的标注（林禹成） - 列表页 - 操作 - 【进入标注】 - 中部标注视频区域 - 标注区域 - 点击+新增层级/,我的标注（林禹成） - 列表页 - 操作 - 【进入标注】 - 中部标注视频区域 - 标注区域 - 点击+新增层级 - 建议删除,系统已启动，用户已登录,"1. 打开我的标注列表页并点击进入标注
2. 在中部标注视频区域点击标注区域的+新增层级
3. 点击建议删除","1. 成功进入标注页面
2. 成功新增层级
3. 成功删除建议",1,1,功能测试,功能测试阶段
/我的标注（林禹成） - 列表页 - 操作 - 【进入标注】 - 中部标注视频区域 - 标注区域 - 点击×删除对应的层级/,我的标注（林禹成） - 列表页 - 操作 - 【进入标注】 - 中部标注视频区域 - 标注区域 - 点击×删除对应的层级 - L1无法删除,用户已登录，在标注页面，标注区域存在L1层级,"1. 定位到L1层级
2. 点击L1层级对应的删除按钮（×）","1. 系统不执行删除操作
2. 层级保持不变",1,2,功能测试,功能测试阶段
/我的标注（林禹成） - 列表页 - 操作 - 【进入标注】 - 中部标注视频区域 - 标注区域 - 点击×删除对应的层级/,我的标注（林禹成） - 列表页 - 操作 - 【进入标注】 - 中部标注视频区域 - 标注区域 - 点击×删除对应的层级 - 存在L1、L2、L3、L4时，点击删除L3，L4会自动变成L3,系统已启动，用户已登录，且存在包含L1、L2、L3、L4层级的标注数据,"1. 进入标注列表页
2. 点击某个标注的【进入标注】按钮
3. 在标注区域找到L3层级并点击其×按钮删除","1. 成功进入标注列表页
2. 成功进入标注页面，显示视频及标注区域
3. L3层级被删除，原L4层级自动变为L3，页面显示更新后的层级结构",1,3,功能测试,功能测试阶段
/我的标注（林禹成） - 列表页 - 操作 - 【进入标注】 - 中部标注视频区域 - 标注区域 - 在L1、L2...层区域 - 鼠标左击一下/,我的标注（林禹成） - 列表页 - 操作 - 【进入标注】 - 中部标注视频区域 - 标注区域 - 在L1、L2...层区域 - 鼠标左击一下 - 跳转至点击的时间播放,系统已启动，用户已登录，且有标注数据,"1. 打开我的标注列表页
2. 点击某条标注的“进入标注”按钮
3. 在视频标注区域的层级区域（L1、L2等）鼠标左击一下","1. 成功打开列表页
2. 成功进入标注编辑界面
3. 视频跳转到点击位置的时间点并开始播放",1,1,功能测试,功能测试阶段
/我的标注（林禹成） - 列表页 - 操作 - 【进入标注】 - 中部标注视频区域 - 标注区域 - 在L1、L2...层区域 - 鼠标左击拖动 - L1层/,我的标注（林禹成） - 列表页 - 操作 - 【进入标注】 - 中部标注视频区域 - 标注区域 - 在L1、L2...层区域 - 鼠标左击拖动 - L1层 - 会新建Episode,系统已启动，用户已登录，已进入标注视频页面且显示中部标注视频区域的标注区域,"1. 选择L1层
2. 在L1层区域鼠标左击并拖动
3. 释放鼠标左键","1. 已选择L1层
2. 拖动过程中显示新建Episode的轮廓
3. 成功新建Episode",1,1,功能测试,功能测试阶段
/我的标注（林禹成） - 列表页 - 操作 - 【进入标注】 - 中部标注视频区域 - 标注区域 - 在L1、L2...层区域 - 鼠标左击拖动 - 其他层/,我的标注（林禹成） - 列表页 - 操作 - 【进入标注】 - 中部标注视频区域 - 标注区域 - 在L1、L2...层区域 - 鼠标左击拖动 - 其他层 - 会新建标注,系统已启动，用户已登录，且存在标注任务，已进入标注页面,"1. 在标注区域中，选择L1层，鼠标左键点击并拖动到其他层区域
2. 松开鼠标左键
3. 查看标注区域","1. 鼠标拖动过程中，显示拖拽轨迹
2. 松开鼠标后，系统自动新建一个标注
3. 新建标注成功显示在标注区域中",1,2,功能测试,功能测试阶段
/我的标注（林禹成） - 列表页 - 操作 - 【进入标注】 - 中部标注视频区域 - 标注区域 - 鼠标移动到  ？上，文案：/,"我的标注（林禹成） - 列表页 - 操作 - 【进入标注】 - 中部标注视频区域 - 标注区域 - 鼠标移动到  ？上，文案： - 1.标注时可按空格暂停播放视频,可按前后键调整当前秒数",用户已登录，已进入标注页面，标注区域显示问号图标,"1. 进入标注页面
2. 定位到标注区域中的问号图标
3. 将鼠标悬停在问号上","1. 页面显示标注区域
2. 问号图标可见
3. 显示文案：标注时可按空格暂停播放视频,可按前后键调整当前秒数",1,3,功能测试,功能测试阶段
/我的标注（林禹成） - 列表页 - 操作 - 【进入标注】 - 中部标注视频区域 - 标注区域 - 鼠标移动到  ？上，文案：/,"我的标注（林禹成） - 列表页 - 操作 - 【进入标注】 - 中部标注视频区域 - 标注区域 - 鼠标移动到  ？上，文案： - 2.标注层级可按层级最前面的圆圈选择当前是哪个层级,增加和删除层级按+和x来实现",系统已启动，用户已登录，进入我的标注列表页，执行进入标注操作，进入标注页面，显示中部标注视频区域，标注区域可见,"1. 进入标注页面，定位到标注区域中的“？”图标
2. 将鼠标移动到“？”图标上
3. 观察悬浮提示的文案","1. 标注区域显示“？”图标
2. 鼠标悬停后出现提示框
3. 提示文案显示为“标注层级可按层级最前面的圆圈选择当前是哪个层级,增加和删除层级按+和x来实现”",1,1,功能测试,功能测试阶段
/我的标注（林禹成） - 列表页 - 操作 - 【进入标注】 - 中部标注视频区域 - 标注区域 - 鼠标移动到  ？上，文案：/,"我的标注（林禹成） - 列表页 - 操作 - 【进入标注】 - 中部标注视频区域 - 标注区域 - 鼠标移动到  ？上，文案： - 3.在播放过程中/暂停后,按s键是开始标注(选择哪个层级就是标注哪个层级)",系统已启动，用户已登录，我的标注列表页存在标注数据,"1. 点击列表中的某个标注进入标注页面\n2. 定位到中部标注视频区域的标注区域\n3. 将鼠标移动到""？""图标上","1. 成功进入标注页面，视频区域显示\n2. 标注区域显示完整，包含""？""图标\n3. 显示提示文案：3.在播放过程中/暂停后,按s键是开始标注(选择哪个层级就是标注哪个层级)",1,4,功能测试,功能测试阶段
/我的标注（林禹成） - 列表页 - 操作 - 【进入标注】 - 中部标注视频区域 - 标注区域 - 鼠标移动到  ？上，文案：/,"我的标注（林禹成） - 列表页 - 操作 - 【进入标注】 - 中部标注视频区域 - 标注区域 - 鼠标移动到  ？上，文案： - 4.在播放过程中/暂停后,按e键是结束标注(选择哪个层级就是标注哪个层级)",系统已启动，用户已登录，已进入标注页面,"1. 打开我的标注列表页
2. 点击进入标注
3. 鼠标移动到标注区域的'？'图标上","1. 成功打开列表页
2. 成功进入标注页面
3. 显示提示文案：'在播放过程中/暂停后,按e键是结束标注(选择哪个层级就是标注哪个层级)'",1,4,功能测试,功能测试阶段
/我的标注（林禹成） - 列表页 - 操作 - 【进入标注】 - 中部标注视频区域 - 标注区域 - 鼠标移动到  ？上，文案：/,"我的标注（林禹成） - 列表页 - 操作 - 【进入标注】 - 中部标注视频区域 - 标注区域 - 鼠标移动到  ？上，文案： - 5.标注过程中可以只标注最细粒度,也就是最下面的层级,标注好之后点击下方merge可合并成父层级",已进入标注页面，中部标注视频区域显示标注区域,"1. 将鼠标移动到标注区域中的""?""图标上
2. 观察弹出的提示文案","1. 鼠标悬停后""?""图标处显示提示框
2. 提示文案为""标注过程中可以只标注最细粒度,也就是最下面的层级,标注好之后点击下方merge可合并成父层级""",1,2,功能测试,功能测试阶段
/我的标注（林禹成） - 列表页 - 操作 - 【进入标注】 - 中部标注视频区域 - 标注区域 - 鼠标移动到  ？上，文案：/,我的标注（林禹成） - 列表页 - 操作 - 【进入标注】 - 中部标注视频区域 - 标注区域 - 鼠标移动到  ？上，文案： - 6.可以导入标注json或导出标注json,系统已启动，用户已登录,"1. 进入我的标注列表页
2. 点击“进入标注”进入标注页面
3. 在中部标注视频区域的标注区域，将鼠标移动到“？”图标上","1. 成功进入我的标注列表页
2. 成功进入标注页面，显示视频标注区域
3. 鼠标悬停后显示文案“可以导入标注json或导出标注json”",1,3,功能测试,功能测试阶段
/我的标注（林禹成） - 列表页 - 操作 - 【进入标注】 - 中部标注视频区域 - 标注区域 - 鼠标移动到  ？上，文案：/,我的标注（林禹成） - 列表页 - 操作 - 【进入标注】 - 中部标注视频区域 - 标注区域 - 鼠标移动到  ？上，文案： - 7.单机鼠标拖动也可以标注,系统已启动，用户已登录，且存在标注列表,"1. 进入标注页面
2. 将鼠标移动到标注区域中的“?”图标上","1. 成功进入标注页面
2. 显示提示文案“7.单机鼠标拖动也可以标注”",1,4,功能测试,功能测试阶段
/我的标注（林禹成） - 列表页 - 操作 - 【进入标注】 - 中部标注视频区域 - 标注区域 - 鼠标移动到  ？上，文案：/,"我的标注（林禹成） - 列表页 - 操作 - 【进入标注】 - 中部标注视频区域 - 标注区域 - 鼠标移动到  ？上，文案： - 8.标注过程中的草稿不会保存,刷新即可删除草稿;右击可以删除标注",用户已登录，并打开'我的标注'列表页,"1. 点击【进入标注】按钮
2. 在中部标注视频区域的标注区域，将鼠标移动到“？”图标上
3. 查看鼠标悬停后显示的文案","1. 进入标注页面，视频区域显示
2. 鼠标悬停后显示提示信息
3. 提示文案为'标注过程中的草稿不会保存,刷新即可删除草稿;右击可以删除标注'",1,1,功能测试,功能测试阶段
/我的标注（林禹成） - 列表页 - 操作 - 【进入标注】 - 中部标注视频区域 - 标注区域 - 鼠标移动到  ？上，文案：/,我的标注（林禹成） - 列表页 - 操作 - 【进入标注】 - 中部标注视频区域 - 标注区域 - 鼠标移动到  ？上，文案： - 9.Esc取消选择,系统已启动，用户已登录,"1. 进入我的标注列表页，点击操作中的【进入标注】
2. 在标注页面中部标注视频区域，将鼠标移动到标注区域中的问号图标上","1. 成功进入标注页面
2. 鼠标悬停后显示文案“Esc取消选择”",1,3,功能测试,功能测试阶段
/我的标注（林禹成） - 列表页 - 操作 - 【进入标注】 - 中部标注视频区域 - 标注区域 - 问号文案右侧的时间为：/,我的标注（林禹成） - 列表页 - 操作 - 【进入标注】 - 中部标注视频区域 - 标注区域 - 问号文案右侧的时间为： - 原始文件中的时间戳,系统已启动，用户已登录，存在标注列表数据,"1. 打开我的标注列表页
2. 点击某条标注的【进入标注】按钮
3. 查看中部标注视频区域的标注区域，问号文案右侧的时间","1. 列表页正常显示
2. 成功进入标注页面
3. 显示的时间与原始文件中的时间戳一致",1,1,功能测试,功能测试阶段
/我的标注（林禹成） - 列表页 - 操作 - 【进入标注】 - 中部标注视频区域 - 按钮区域 - 【+ Layer】/,我的标注（林禹成） - 列表页 - 操作 - 【进入标注】 - 中部标注视频区域 - 按钮区域 - 【+ Layer】 - 点击新增层级，在当前最低层级下递增,用户已登录并进入标注页面，视频正在播放，存在至少一个层级,"1. 点击按钮区域中的【+ Layer】按钮
2. 观察层级列表","1. 系统新增一个层级，层级的编号在当前最低层级基础上递增
2. 新增层级显示在层级列表末尾",1,3,功能测试,功能测试阶段
/我的标注（林禹成） - 列表页 - 操作 - 【进入标注】 - 中部标注视频区域 - 按钮区域 - 【Merge】(x) - 按住 Ctrl 可选中多段标注，合并新增上一层级/,我的标注（林禹成） - 列表页 - 操作 - 【进入标注】 - 中部标注视频区域 - 按钮区域 - 【Merge】(x) - 按住 Ctrl 可选中多段标注，合并新增上一层级 - 按住 Ctrl 选中L2层的标注和L4层的标注，点击【Merge】，L1层会显示包含这两个标注的标注区间，描述为：L2层标注描述+L4层标注描述,系统已启动，用户已登录，进入标注页面,"1. 进入标注列表页，点击进入标注
2. 在中部标注视频区域，按住Ctrl键选中L2层标注和L4层标注
3. 点击按钮区域的【Merge】按钮","1. 成功进入标注页面
2. 选中两个不同层级的标注
3. L1层新增一个标注区间，包含选中的两个标注，描述为L2层标注描述与L4层标注描述拼接",1,2,功能测试,功能测试阶段
/我的标注（林禹成） - 列表页 - 操作 - 【进入标注】 - 中部标注视频区域 - 按钮区域 - 【Merge】(x)/,我的标注（林禹成） - 列表页 - 操作 - 【进入标注】 - 中部标注视频区域 - 按钮区域 - 【Merge】(x) - x为选中的标注数量,系统已启动，用户已登录，已进入标注任务详情页，且已选中x个标注,"1. 点击按钮区域的【Merge】按钮
2. 系统弹窗确认合并操作
3. 点击确认合并","1. 弹出确认合并对话框，显示合并x个标注
2. 系统合并所选标注
3. 合并成功，提示操作成功并刷新标注列表",1,2,功能测试,功能测试阶段
/我的标注（林禹成） - 列表页 - 操作 - 【进入标注】 - 中部标注视频区域 - 按钮区域 - 【Import】 - 点击导入标注的json文件 - 导入后的标注信息，与导出的一致/,我的标注（林禹成） - 列表页 - 操作 - 【进入标注】 - 中部标注视频区域 - 按钮区域 - 【Import】 - 点击导入标注的json文件 - 导入后的标注信息，与导出的一致 - 该任务不存在该标签，标签会为空,用户已登录，进入我的标注列表页，且存在已导出的标注json文件,"1. 打开我的标注列表页，选择一条标注记录，点击【进入标注】
2. 在标注视频界面，点击按钮区域中的【Import】按钮
3. 选择并导入之前导出的json文件","1. 成功进入标注界面
2. 弹出文件选择窗口
3. 导入的标注信息与导出时一致；若任务中不存在该标签，则对应标签为空",1,4,功能测试,功能测试阶段
/我的标注（林禹成） - 列表页 - 操作 - 【进入标注】 - 中部标注视频区域 - 按钮区域 - 【Import】 - 点击导入标注的json文件 - 导入后的标注信息，与导出的一致/,我的标注（林禹成） - 列表页 - 操作 - 【进入标注】 - 中部标注视频区域 - 按钮区域 - 【Import】 - 点击导入标注的json文件 - 导入后的标注信息，与导出的一致 - 在当前时间之外的标注，不会被记录标注,系统已启动，用户已登录，存在已导出的标注JSON文件,"1. 打开我的标注列表页，选择一条标注记录并点击【进入标注】
2. 在标注页面点击【Import】按钮，选择已导出的JSON文件并导入
3. 检查导入后的标注信息，确认与导出时一致，且当前时间之外的标注未被记录","1. 成功进入标注页面，显示视频标注区域
2. 导入成功，无错误提示
3. 导入的标注信息与导出时完全一致，且超出当前时间范围的标注点未出现",1,3,功能测试,功能测试阶段
/我的标注（林禹成） - 列表页 - 操作 - 【进入标注】 - 中部标注视频区域 - 按钮区域 - 【Import】 - 点击导入标注的json文件 - 导入后的标注信息，与导出的一致/,我的标注（林禹成） - 列表页 - 操作 - 【进入标注】 - 中部标注视频区域 - 按钮区域 - 【Import】 - 点击导入标注的json文件 - 导入后的标注信息，与导出的一致 - 开始时间在总时间内，结束时间在总时间之外，会记录标注，结束时间只到当前视频的结束时间，开始时间跟导出的一致,系统已启动，用户已登录，存在标注列表页及视频数据,"1. 进入我的标注列表页，点击操作中的【进入标注】
2. 在中部标注视频区域点击【Import】，选择开始时间在内、结束时间在外的json文件
3. 导入后检查标注信息","1. 成功进入标注页面，视频正常播放
2. 导入成功，无报错
3. 标注开始时间与导出一致，结束时间自动截断至视频末尾，标注记录保存",1,1,功能测试,功能测试阶段
/我的标注（林禹成） - 列表页 - 操作 - 【进入标注】 - 中部标注视频区域 - 按钮区域 - 【Import】 - 点击导入标注的json文件 - 导入标注 JSON 格式校验/,我的标注（林禹成） - 列表页 - 操作 - 【进入标注】 - 中部标注视频区域 - 按钮区域 - 【Import】 - 点击导入标注的json文件 - 导入标注 JSON 格式校验 - 非法格式给出明确提示,系统已启动，用户已登录，且已进入标注页面并显示视频区域,"1. 在标注视频区域的按钮区域，点击【Import】按钮
2. 在弹出的文件选择对话框中，选择一个非法格式的JSON文件
3. 系统对导入的JSON文件进行格式校验","1. 弹出文件选择对话框
2. 文件被选中并开始导入
3. 系统提示“导入的JSON格式非法，请检查文件内容”",1,1,功能测试,功能测试阶段
/我的标注（林禹成） - 列表页 - 操作 - 【进入标注】 - 中部标注视频区域 - 按钮区域 - 【Import】 - 点击导入标注的json文件/,我的标注（林禹成） - 列表页 - 操作 - 【进入标注】 - 中部标注视频区域 - 按钮区域 - 【Import】 - 点击导入标注的json文件 - 导出的 JSON 可重新导入并完整恢复标注内容,系统已启动，用户已登录,"1. 打开标注列表页，进入标注视频区域
2. 点击【Import】按钮，选择导出的JSON文件
3. 确认导入","1. 成功打开标注视频区域
2. 成功选择并导入JSON文件
3. 标注内容完整恢复，与导出前一致",1,4,功能测试,功能测试阶段
/我的标注（林禹成） - 列表页 - 操作 - 【进入标注】 - 中部标注视频区域 - 按钮区域 - 【Export】 - 点击导出标注的json文件/,我的标注（林禹成） - 列表页 - 操作 - 【进入标注】 - 中部标注视频区域 - 按钮区域 - 【Export】 - 点击导出标注的json文件 - 包含所有标注的信息，可导入其他任务中,系统已启动，用户已登录，已进入标注任务的中部视频区域，按钮区域可见【Export】按钮,"1. 点击【Export】按钮
2. 系统自动下载标注JSON文件
3. 打开下载的文件检查内容","1. 系统响应导出请求
2. 成功下载一个JSON格式的标注文件
3. 文件包含所有标注信息，格式正确可导入其他任务",1,4,功能测试,功能测试阶段
/我的标注（林禹成） - 列表页 - 操作 - 【进入标注】 - 中部标注视频区域 - 按钮区域 - 【Export】/,我的标注（林禹成） - 列表页 - 操作 - 【进入标注】 - 中部标注视频区域 - 按钮区域 - 【Export】 - 未保存时，也可以导出当前所标注的数据,用户已登录，进入标注页面，当前标注数据未保存,1. 点击【Export】按钮,1. 系统导出当前标注数据，并提示导出成功,1,1,功能测试,功能测试阶段
/我的标注（林禹成） - 列表页 - 操作 - 【进入标注】 - 右侧操作区域 - 当前状态 - L1 Episode：—/,我的标注（林禹成） - 列表页 - 操作 - 【进入标注】 - 右侧操作区域 - 当前状态 - L1 Episode：— - 未选中标注时，显示：—,系统已启动，用户已登录，进入“我的标注”列表页,"1. 打开“我的标注”列表页
2. 点击“进入标注”操作
3. 在标注页面右侧操作区域，不选中任何标注","1. 成功打开列表页
2. 成功进入标注页面
3. 右侧操作区域显示当前状态，L1 Episode显示为“—”",1,1,功能测试,功能测试阶段
/我的标注（林禹成） - 列表页 - 操作 - 【进入标注】 - 右侧操作区域 - 当前状态 - L1 Episode：—/,我的标注（林禹成） - 列表页 - 操作 - 【进入标注】 - 右侧操作区域 - 当前状态 - L1 Episode：— - 选中L1层标注时，显示：新增时的描述,系统已启动，用户已登录，且存在我的标注记录,"1. 打开我的标注列表页
2. 点击某条记录操作中的【进入标注】
3. 在右侧操作区域选中L1层标注","1. 成功打开列表页
2. 进入标注页面，右侧显示操作区域
3. 当前状态显示L1 Episode：—，并显示新增时的描述",1,2,功能测试,功能测试阶段
/我的标注（林禹成） - 列表页 - 操作 - 【进入标注】 - 右侧操作区域 - 当前状态 - L2 动作细分：—/,我的标注（林禹成） - 列表页 - 操作 - 【进入标注】 - 右侧操作区域 - 当前状态 - L2 动作细分：— - 未选中标注时，显示：—,用户已登录，已进入标注列表页，未选中任何标注,1. 打开标注列表页\n2. 查看右侧操作区域的当前状态显示,"1. 页面加载成功\n2. 当前状态显示为""—",1,2,功能测试,功能测试阶段
/我的标注（林禹成） - 列表页 - 操作 - 【进入标注】 - 右侧操作区域 - 当前状态 - L2 动作细分：—/,我的标注（林禹成） - 列表页 - 操作 - 【进入标注】 - 右侧操作区域 - 当前状态 - L2 动作细分：— - 选中L2层标注时，显示：新增时的描述,用户已登录，存在至少一条标注,"1. 点击“进入标注”按钮
2. 在右侧操作区域选中L2层标注
3. 观察当前状态","1. 成功进入标注详情页
2. 成功选中L2层标注
3. 当前状态显示“新增时的描述”",1,4,功能测试,功能测试阶段
/我的标注（林禹成） - 列表页 - 操作 - 【进入标注】 - 右侧操作区域 - 当前状态 - L3 Stage：—/,我的标注（林禹成） - 列表页 - 操作 - 【进入标注】 - 右侧操作区域 - 当前状态 - L3 Stage：— - 未选中标注时，显示：—,系统已启动，用户已登录,1. 打开我的标注列表页\n2. 在右侧操作区域查看当前状态,"1. 成功打开页面\n2. 当前状态显示为""—",1,2,功能测试,功能测试阶段
/我的标注（林禹成） - 列表页 - 操作 - 【进入标注】 - 右侧操作区域 - 当前状态 - L3 Stage：—/,我的标注（林禹成） - 列表页 - 操作 - 【进入标注】 - 右侧操作区域 - 当前状态 - L3 Stage：— - 选中L3层标注时，显示：新增时的描述,系统已启动，用户已登录,"1. 打开列表页
2. 点击【进入标注】
3. 选中L3层标注","1. 成功打开列表页
2. 成功进入标注页面
3. 右侧操作区域显示“当前状态：L3 Stage：—”并显示新增时的描述",1,4,功能测试,功能测试阶段
/我的标注（林禹成） - 列表页 - 操作 - 【进入标注】 - 右侧操作区域 - 当前状态 - 文案/,我的标注（林禹成） - 列表页 - 操作 - 【进入标注】 - 右侧操作区域 - 当前状态 - 文案 - 拖动边界默认联动 | Ctrl+拖动 = 独立移动,系统已启动，用户已登录,"1. 进入“我的标注”列表页，点击某条标注的“进入标注”按钮
2. 在右侧操作区域，拖动边界（默认联动）
3. 按住Ctrl键同时拖动边界","1. 成功进入标注编辑页面，右侧操作区域显示当前状态
2. 拖动边界时，边界联动移动
3. Ctrl+拖动时，边界独立移动",1,1,功能测试,功能测试阶段
/我的标注（林禹成） - 列表页 - 操作 - 【进入标注】 - 右侧操作区域 - 当前状态 - 文案/,我的标注（林禹成） - 列表页 - 操作 - 【进入标注】 - 右侧操作区域 - 当前状态 - 文案 - 子任务可以 Ctrl + 子任务 做多任务 Merge,系统已启动，用户已登录，且已在标注列表页,"1.
2.
3.
",,1,1,功能测试,功能测试阶段
/我的标注（林禹成） - 列表页 - 操作 - 【进入标注】 - 右侧操作区域 - 编辑 - L1层 - 编辑 Episode - *描述/,我的标注（林禹成） - 列表页 - 操作 - 【进入标注】 - 右侧操作区域 - 编辑 - L1层 - 编辑 Episode - *描述 - 单选,用户已登录，存在至少一个标注项,"1. 在列表页点击某标注项的“进入标注”按钮
2. 在右侧操作区域选择编辑L1层，定位到Episode的描述字段并点击
3. 在弹出的选项中单选一个描述值","1. 成功跳转至该标注的详情页
2. 描述字段变为可编辑状态并显示选项
3. 描述值被选中并更新，页面显示新值",1,2,功能测试,功能测试阶段
/我的标注（林禹成） - 列表页 - 操作 - 【进入标注】 - 右侧操作区域 - 编辑 - L1层 - 编辑 Episode - *描述 - 方式/,我的标注（林禹成） - 列表页 - 操作 - 【进入标注】 - 右侧操作区域 - 编辑 - L1层 - 编辑 Episode - *描述 - 方式 - 可自行输入后，下拉选中,用户已登录并进入'我的标注'列表页，打开一个标注进入编辑视图,"1. 定位到L1层Episode描述的输入框
2. 输入自定义文本并从下拉列表中选择一项
3. 点击保存按钮","1. 成功显示描述输入框
2. 输入内容显示，下拉选项被选中
3. 保存成功，提示操作成功",1,1,功能测试,功能测试阶段
/我的标注（林禹成） - 列表页 - 操作 - 【进入标注】 - 右侧操作区域 - 编辑 - L1层 - 编辑 Episode - *描述 - 方式 - 下拉直接选择/,我的标注（林禹成） - 列表页 - 操作 - 【进入标注】 - 右侧操作区域 - 编辑 - L1层 - 编辑 Episode - *描述 - 方式 - 下拉直接选择 - 下拉数据为新增任务时所填写的“标注层级”的根节点,用户已登录，系统已启动，存在标注任务且列表页有数据,"1. 打开“我的标注”列表页，点击操作中的“进入标注”
2. 在右侧操作区域，选择编辑L1层，点击Episode的描述字段
3. 在描述字段的方式下拉框中，直接选择一个选项","1. 成功进入标注页面，右侧操作区域显示L1层编辑界面
2. 描述字段变为可编辑状态，下拉框弹出
3. 下拉框中显示新增任务时所填写的“标注层级”的根节点，选择后描述被更新",1,1,功能测试,功能测试阶段
/我的标注（林禹成） - 列表页 - 操作 - 【进入标注】 - 右侧操作区域 - 编辑 - L1层 - 编辑 Episode - *描述 - 方式 - 下拉直接选择/,我的标注（林禹成） - 列表页 - 操作 - 【进入标注】 - 右侧操作区域 - 编辑 - L1层 - 编辑 Episode - *描述 - 方式 - 下拉直接选择 - 未新增时，下拉为空,系统已启动，用户已登录，已进入我的标注列表页，存在至少一条标注记录,"1. 在列表页中，点击某条标注的操作按钮，选择【进入标注】
2. 在右侧操作区域，点击编辑，选择L1层，点击编辑Episode
3. 在描述字段的输入方式中，点击下拉选择框，观察下拉选项","1. 成功进入标注详情页，右侧显示操作区域
2. 成功进入L1层编辑Episode的界面
3. 下拉选择框为空，无任何预置选项",1,3,功能测试,功能测试阶段
/我的标注（林禹成） - 列表页 - 操作 - 【进入标注】 - 右侧操作区域 - 编辑 - L1层 - 编辑 Episode - 标签/,我的标注（林禹成） - 列表页 - 操作 - 【进入标注】 - 右侧操作区域 - 编辑 - L1层 - 编辑 Episode - 标签 - 单选,系统已启动，用户已登录，存在标注数据,"1. 在""我的标注""列表页，点击某条标注的""进入标注""按钮
2. 在右侧操作区域，点击""编辑""按钮，选择L1层
3. 在Episode标签中，点击一个单选标签","1. 成功进入标注详情页，右侧显示操作区域
2. 成功切换至L1层编辑模式
3. 该标签被选中，状态更新",1,2,功能测试,功能测试阶段
/我的标注（林禹成） - 列表页 - 操作 - 【进入标注】 - 右侧操作区域 - 编辑 - L1层 - 编辑 Episode - 标签/,我的标注（林禹成） - 列表页 - 操作 - 【进入标注】 - 右侧操作区域 - 编辑 - L1层 - 编辑 Episode - 标签 - 下拉数据为：新增任务时所选择的“标签”,用户已登录，存在标注任务,"1. 点击操作列的“进入标注”按钮
2. 在右侧操作区域点击“编辑”按钮进入L1层
3. 点击Episode字段的标签下拉框","1. 成功进入标注页面
2. 右侧显示编辑界面
3. 下拉框显示新增任务时所选择的标签",1,3,功能测试,功能测试阶段
/我的标注（林禹成） - 列表页 - 操作 - 【进入标注】 - 右侧操作区域 - 编辑 - L1层 - 编辑 Episode - 开始时间 - 标签的开始时间/,我的标注（林禹成） - 列表页 - 操作 - 【进入标注】 - 右侧操作区域 - 编辑 - L1层 - 编辑 Episode - 开始时间 - 标签的开始时间 - 可手动输入调整,系统已启动，用户已登录，存在Episode标注,"1. 进入我的标注列表页，点击操作进入标注
2. 在右侧操作区域选择编辑L1层，点击编辑Episode
3. 在开始时间输入框中手动输入调整时间","1. 成功进入标注详情页
2. 弹出编辑Episode对话框
3. 开始时间输入框可手动输入并更新",1,2,功能测试,功能测试阶段
/我的标注（林禹成） - 列表页 - 操作 - 【进入标注】 - 右侧操作区域 - 编辑 - L1层 - 编辑 Episode - 开始时间 - 标签的开始时间/,我的标注（林禹成） - 列表页 - 操作 - 【进入标注】 - 右侧操作区域 - 编辑 - L1层 - 编辑 Episode - 开始时间 - 标签的开始时间 - 可标注页拖拽调整,系统已启动，用户已登录，存在已创建的标注且包含L1层Episode，开始时间标签可拖拽,"1. 在列表页点击标注进入标注页面
2. 在右侧操作区域点击编辑，进入L1层Episode编辑
3. 拖拽开始时间标签调整时间","1. 成功打开标注页面
2. 显示编辑界面，开始时间标签可操作
3. 开始时间更新，页面显示正确时间",1,2,功能测试,功能测试阶段
/我的标注（林禹成） - 列表页 - 操作 - 【进入标注】 - 右侧操作区域 - 编辑 - L1层 - 编辑 Episode - 结束时间 - 标签的结束时间/,我的标注（林禹成） - 列表页 - 操作 - 【进入标注】 - 右侧操作区域 - 编辑 - L1层 - 编辑 Episode - 结束时间 - 标签的结束时间 - 可手动输入调整,用户已登录，已进入‘我的标注’列表页，已打开某个标注的编辑界面，处于L1层编辑Episode状态，存在一个带结束时间的标签,"1. 在编辑Episode界面，找到标签的结束时间输入框
2. 手动输入调整后的结束时间
3. 保存或确认修改","1. 结束时间输入框可编辑
2. 输入的结束时间被正确接受并显示
3. 系统成功保存修改后的结束时间",1,4,功能测试,功能测试阶段
/我的标注（林禹成） - 列表页 - 操作 - 【进入标注】 - 右侧操作区域 - 编辑 - L1层 - 编辑 Episode - 结束时间 - 标签的结束时间/,我的标注（林禹成） - 列表页 - 操作 - 【进入标注】 - 右侧操作区域 - 编辑 - L1层 - 编辑 Episode - 结束时间 - 标签的结束时间 - 可标注页拖拽调整,系统已启动，用户已登录,"1. 登录系统并进入“我的标注”列表页
2. 点击一个标注项的“进入标注”按钮，进入标注页面
3. 在右侧操作区域选择L1层，编辑Episode，拖拽结束时间标签调整时间","1. 成功显示标注列表页
2. 成功进入标注页，右侧显示操作区域
3. 结束时间标签可拖拽，时间值随之更新",1,2,功能测试,功能测试阶段
/我的标注（林禹成） - 列表页 - 操作 - 【进入标注】 - 右侧操作区域 - 编辑 - L1层 - 编辑 Episode - 【取消】/,我的标注（林禹成） - 列表页 - 操作 - 【进入标注】 - 右侧操作区域 - 编辑 - L1层 - 编辑 Episode - 【取消】 - 关闭不保存,系统已启动，用户已登录,"1. 进入""我的标注""列表页，点击操作列的""进入标注""按钮
2. 在右侧操作区域选择L1层，点击""编辑Episode""按钮
3. 在弹出的编辑界面中点击""取消""按钮，然后关闭页面","1. 成功进入标注详情页
2. 弹出Episode编辑窗口
3. 取消编辑，未保存更改，页面关闭并返回列表页",1,3,功能测试,功能测试阶段
/我的标注（林禹成） - 列表页 - 操作 - 【进入标注】 - 右侧操作区域 - 编辑 - L1层 - 编辑 Episode - 【新建Episode】/【保存Episode】 - 新建/,我的标注（林禹成） - 列表页 - 操作 - 【进入标注】 - 右侧操作区域 - 编辑 - L1层 - 编辑 Episode - 【新建Episode】/【保存Episode】 - 新建 - 提示：“标注已创建”,系统已启动，用户已登录，进入我的标注列表页,"1. 点击操作进入标注
2. 在右侧操作区域编辑L1层，新建Episode
3. 点击保存Episode","1. 成功进入标注页面
2. 成功新建Episode
3. 系统提示‘标注已创建’",1,1,功能测试,功能测试阶段
/我的标注（林禹成） - 列表页 - 操作 - 【进入标注】 - 右侧操作区域 - 编辑 - L1层 - 编辑 Episode - 【新建Episode】/【保存Episode】 - 新建/,我的标注（林禹成） - 列表页 - 操作 - 【进入标注】 - 右侧操作区域 - 编辑 - L1层 - 编辑 Episode - 【新建Episode】/【保存Episode】 - 新建 - 标注区域显示对应的标注区间长条和描述，点击回显数据可修改,用户已登录，存在标注列表，进入标注页面，右侧操作区域已打开，L1层编辑Episode功能可用,"1. 点击【新建Episode】按钮
2. 输入Episode名称和描述，点击【保存Episode】
3. 在标注区域点击显示的标注区间长条或描述","1. 系统创建新Episode，标注区域显示对应的标注区间长条和描述
2. 新建的Episode信息正确显示
3. 点击后回显数据并可修改",1,4,功能测试,功能测试阶段
/我的标注（林禹成） - 列表页 - 操作 - 【进入标注】 - 右侧操作区域 - 编辑 - L1层 - 编辑 Episode - 【新建Episode】/【保存Episode】 - 修改/,我的标注（林禹成） - 列表页 - 操作 - 【进入标注】 - 右侧操作区域 - 编辑 - L1层 - 编辑 Episode - 【新建Episode】/【保存Episode】 - 修改 - 提示：“标注已更新”,用户已登录，存在标注列表,"1. 在“我的标注”列表页，点击操作的“进入标注”按钮
2. 在右侧操作区域，选择L1层并编辑Episode，点击【新建Episode】或【保存Episode】并修改内容
3. 点击保存按钮","1. 成功进入标注页面，显示右侧操作区域
2. Episode编辑界面正常显示，可自由修改
3. 系统提示“标注已更新”",1,2,功能测试,功能测试阶段
/我的标注（林禹成） - 列表页 - 操作 - 【进入标注】 - 右侧操作区域 - 编辑 - L1层 - 编辑 Episode - 【新建Episode】/【保存Episode】 - 修改/,我的标注（林禹成） - 列表页 - 操作 - 【进入标注】 - 右侧操作区域 - 编辑 - L1层 - 编辑 Episode - 【新建Episode】/【保存Episode】 - 修改 - 标注区域显示修改后的标注区间长条和描述,系统已启动，用户已登录，已进入我的标注列表页,"1. 点击【进入标注】打开标注界面
2. 在右侧操作区域选择L1层，点击编辑Episode，新建或保存Episode并修改标注区间
3. 点击保存按钮","1. 成功打开标注界面
2. 能够编辑Episode，修改标注区间
3. 标注区域显示修改后的标注区间长条和描述",1,1,功能测试,功能测试阶段
/我的标注（林禹成） - 列表页 - 操作 - 【进入标注】 - 右侧操作区域 - 编辑 - 其他层 - 编辑标注 - *描述/,我的标注（林禹成） - 列表页 - 操作 - 【进入标注】 - 右侧操作区域 - 编辑 - 其他层 - 编辑标注 - *描述 - 单选,用户已登录并进入标注列表页,"1. 点击列表页中的“进入标注”操作
2. 在右侧操作区域点击“编辑”，选择“其他层”
3. 在编辑标注界面，对“描述”字段进行单选操作","1. 成功进入标注详情页
2. 右侧操作区域显示编辑选项，其他层可选中
3. 描述字段可正确单选，无异常",1,1,功能测试,功能测试阶段
/我的标注（林禹成） - 列表页 - 操作 - 【进入标注】 - 右侧操作区域 - 编辑 - 其他层 - 编辑标注 - *描述 - 方式/,我的标注（林禹成） - 列表页 - 操作 - 【进入标注】 - 右侧操作区域 - 编辑 - 其他层 - 编辑标注 - *描述 - 方式 - 可自行输入后，下拉选中,系统已启动，用户已登录,"1. 打开“我的标注”列表页，找到目标标注并点击“进入标注”
2. 在右侧操作区域点击“编辑”，选择“其他层”
3. 在编辑标注界面的“描述”字段，先自行输入内容，然后从下拉列表中选中一项","1. 成功进入标注的编辑界面
2. 正确切换到其他层的编辑模式
3. 描述字段成功输入内容，下拉列表选中项正确显示",1,1,功能测试,功能测试阶段
/我的标注（林禹成） - 列表页 - 操作 - 【进入标注】 - 右侧操作区域 - 编辑 - 其他层 - 编辑标注 - *描述 - 方式 - 下拉直接选择/,我的标注（林禹成） - 列表页 - 操作 - 【进入标注】 - 右侧操作区域 - 编辑 - 其他层 - 编辑标注 - *描述 - 方式 - 下拉直接选择 - 下拉数据为新增任务时所填写的“标注层级”的对应子节点,系统已启动，用户已登录，列表页存在标注数据,"1. 在列表页点击【进入标注】
2. 在右侧操作区域点击【编辑】，选择【其他层】
3. 在描述字段的编辑方式中选择下拉，从下拉列表中选择对应子节点","1. 成功进入标注页面
2. 编辑区域显示其他层的标注内容，描述字段可编辑
3. 下拉列表显示新增任务时填写的“标注层级”的对应子节点，选择后描述成功更新",1,4,功能测试,功能测试阶段
/我的标注（林禹成） - 列表页 - 操作 - 【进入标注】 - 右侧操作区域 - 编辑 - 其他层 - 编辑标注 - *描述 - 方式 - 下拉直接选择/,我的标注（林禹成） - 列表页 - 操作 - 【进入标注】 - 右侧操作区域 - 编辑 - 其他层 - 编辑标注 - *描述 - 方式 - 下拉直接选择 - 未新增时，下拉为空,已登录系统，进入我的标注列表页，点击【进入标注】后打开右侧操作区域，选择其他层并点击编辑标注，描述方式为下拉直接选择。,"1. 点击描述方式的下拉框
2. 查看下拉选项列表
3. 验证列表是否有选项","1. 下拉框可点击展开
2. 下拉列表展开
3. 下拉列表为空，无任何选项",1,1,功能测试,功能测试阶段
/我的标注（林禹成） - 列表页 - 操作 - 【进入标注】 - 右侧操作区域 - 编辑 - 其他层 - 编辑标注 - 标签/,我的标注（林禹成） - 列表页 - 操作 - 【进入标注】 - 右侧操作区域 - 编辑 - 其他层 - 编辑标注 - 标签 - 单选,系统已启动，用户已登录,"1. 打开我的标注列表页并进入标注详情页
2. 在右侧操作区域点击编辑，选择其他层并编辑标注
3. 对标签进行单选操作","1. 成功进入标注详情页
2. 成功切换到其他层编辑模式
3. 标签单选成功，界面响应正确",1,1,功能测试,功能测试阶段
/我的标注（林禹成） - 列表页 - 操作 - 【进入标注】 - 右侧操作区域 - 编辑 - 其他层 - 编辑标注 - 标签/,我的标注（林禹成） - 列表页 - 操作 - 【进入标注】 - 右侧操作区域 - 编辑 - 其他层 - 编辑标注 - 标签 - 下拉数据为：新增任务时所选择的“标签”,用户已登录，存在标注任务且新增任务时选择了标签,"1. 打开我的标注列表页
2. 点击操作列中的【进入标注】
3. 在右侧操作区域点击编辑，选择其他层，编辑标注，点击标签下拉框","1. 列表页正常显示
2. 进入标注界面，右侧操作区域出现
3. 标签下拉框显示新增任务时所选择的标签数据",1,3,功能测试,功能测试阶段
/我的标注（林禹成） - 列表页 - 操作 - 【进入标注】 - 右侧操作区域 - 编辑 - 其他层 - 编辑标注 - 开始时间 - 标签的开始时间/,我的标注（林禹成） - 列表页 - 操作 - 【进入标注】 - 右侧操作区域 - 编辑 - 其他层 - 编辑标注 - 开始时间 - 标签的开始时间 - 可手动输入调整,用户已登录，已进入“我的标注”列表页，并已进入某个标注的编辑界面，且选择了其他层,"1. 打开我的标注列表页，点击操作中的“进入标注”
2. 在右侧操作区域，点击“编辑”按钮，选择“其他层”
3. 在“开始时间”字段中，手动输入调整标签的开始时间","1. 成功进入标注编辑界面
2. 成功切换到其他层，并进入编辑模式
3. 时间输入框允许手动输入，输入后更新对应标签的开始时间",1,2,功能测试,功能测试阶段
/我的标注（林禹成） - 列表页 - 操作 - 【进入标注】 - 右侧操作区域 - 编辑 - 其他层 - 编辑标注 - 开始时间 - 标签的开始时间/,我的标注（林禹成） - 列表页 - 操作 - 【进入标注】 - 右侧操作区域 - 编辑 - 其他层 - 编辑标注 - 开始时间 - 标签的开始时间 - 可标注页拖拽调整,用户已登录，进入“我的标注”列表页，存在一条标注记录,"1. 点击标注记录后的“进入标注”按钮
2. 在右侧操作区域点击“编辑”，切换到“其他层”，再点击“编辑标注”
3. 拖动“开始时间”标签的调整柄","1. 成功进入标注详情页
2. 显示编辑标注界面，其他层内容可编辑
3. 开始时间标签可拖拽调整，时间值相应更新",1,4,功能测试,功能测试阶段
/我的标注（林禹成） - 列表页 - 操作 - 【进入标注】 - 右侧操作区域 - 编辑 - 其他层 - 编辑标注 - 结束时间 - 标签的结束时间/,我的标注（林禹成） - 列表页 - 操作 - 【进入标注】 - 右侧操作区域 - 编辑 - 其他层 - 编辑标注 - 结束时间 - 标签的结束时间 - 可手动输入调整,用户已登录，存在标注且进入编辑模式，右侧操作区域显示，其他层编辑标注，结束时间输入框可见,"1. 点击结束时间输入框
2. 手动输入新的结束时间
3. 点击保存按钮","1. 输入框获得焦点
2. 输入的结束时间正确显示
3. 系统成功保存新的结束时间，无错误提示",1,3,功能测试,功能测试阶段
/我的标注（林禹成） - 列表页 - 操作 - 【进入标注】 - 右侧操作区域 - 编辑 - 其他层 - 编辑标注 - 结束时间 - 标签的结束时间/,我的标注（林禹成） - 列表页 - 操作 - 【进入标注】 - 右侧操作区域 - 编辑 - 其他层 - 编辑标注 - 结束时间 - 标签的结束时间 - 可标注页拖拽调整,用户已登录，且存在标注列表数据,"1. 在列表中点击【进入标注】按钮
2. 在右侧操作区域点击【编辑】，选择其他层，进入编辑标注状态
3. 在可标注页拖拽标签的结束时间点","1. 成功进入标注页面
2. 进入编辑状态，可编辑标注
3. 结束时间成功调整",1,2,功能测试,功能测试阶段
/我的标注（林禹成） - 列表页 - 操作 - 【进入标注】 - 右侧操作区域 - 编辑 - 其他层 - 编辑标注 - 【取消】/,我的标注（林禹成） - 列表页 - 操作 - 【进入标注】 - 右侧操作区域 - 编辑 - 其他层 - 编辑标注 - 【取消】 - 关闭不保存,系统已启动，用户已登录,"1. 进入列表页，点击【进入标注】
2. 在右侧操作区域选择其他层，点击编辑标注
3. 点击【取消】按钮，关闭页面不保存","1. 成功进入标注页面
2. 成功进入其他层编辑标注状态
3. 取消编辑，关闭页面，原标注未改变",1,1,功能测试,功能测试阶段
/我的标注（林禹成） - 列表页 - 操作 - 【进入标注】 - 右侧操作区域 - 编辑 - 其他层 - 编辑标注 - 【新建标注】/【保存标注】 - 新建/,我的标注（林禹成） - 列表页 - 操作 - 【进入标注】 - 右侧操作区域 - 编辑 - 其他层 - 编辑标注 - 【新建标注】/【保存标注】 - 新建 - 提示：“标注已创建”,系统已启动，用户已登录，进入标注列表页,"1. 点击某个标注进入标注界面
2. 在右侧操作区域选择其他层，点击编辑标注
3. 点击新建标注或保存标注，输入信息后点击确定","1. 成功进入标注界面
2. 可编辑其他层的标注
3. 系统提示“标注已创建”",1,2,功能测试,功能测试阶段
/我的标注（林禹成） - 列表页 - 操作 - 【进入标注】 - 右侧操作区域 - 编辑 - 其他层 - 编辑标注 - 【新建标注】/【保存标注】 - 新建/,我的标注（林禹成） - 列表页 - 操作 - 【进入标注】 - 右侧操作区域 - 编辑 - 其他层 - 编辑标注 - 【新建标注】/【保存标注】 - 新建 - 标注区域显示对应的标注区间长条和描述，点击回显数据可修改,系统已启动，用户已登录，已进入标注列表页，选中一条标注进入标注页面，右侧操作区域显示，选择其他层,"1. 点击“编辑”按钮
2. 点击“新建标注”按钮，在标注区域创建新标注
3. 输入标注区间和描述，点击“保存标注”按钮","1. 编辑模式激活，可操作标注
2. 标注区域显示对应的标注区间长条和描述
3. 标注保存成功，回显数据可点击修改",1,1,功能测试,功能测试阶段
/我的标注（林禹成） - 列表页 - 操作 - 【进入标注】 - 右侧操作区域 - 编辑 - 其他层 - 编辑标注 - 【新建标注】/【保存标注】 - 修改/,我的标注（林禹成） - 列表页 - 操作 - 【进入标注】 - 右侧操作区域 - 编辑 - 其他层 - 编辑标注 - 【新建标注】/【保存标注】 - 修改 - 提示：“标注已更新”,系统已启动，用户已登录,"1. 进入【我的标注】列表页，点击操作中的【进入标注】
2. 在右侧操作区域选择其他层，点击编辑标注，然后点击【新建标注】或【保存标注】进行修改
3. 修改标注内容后保存","1. 成功进入标注页面
2. 成功编辑其他层的标注
3. 系统提示“标注已更新”",1,3,功能测试,功能测试阶段
/我的标注（林禹成） - 列表页 - 操作 - 【进入标注】 - 右侧操作区域 - 编辑 - 其他层 - 编辑标注 - 【新建标注】/【保存标注】 - 修改/,我的标注（林禹成） - 列表页 - 操作 - 【进入标注】 - 右侧操作区域 - 编辑 - 其他层 - 编辑标注 - 【新建标注】/【保存标注】 - 修改 - 标注区域显示修改后的标注区间长条和描述,系统已启动，用户已登录，存在标注数据,"1.
2.
3.
",,1,1,功能测试,功能测试阶段
/我的标注（林禹成） - 列表页 - 操作 - 【进入标注】 - 右侧操作区域 - 标注列表(X)/,我的标注（林禹成） - 列表页 - 操作 - 【进入标注】 - 右侧操作区域 - 标注列表(X) - X为标注的数量,用户已登录，进入我的标注列表页,"1. 点击任意标注项的【进入标注】
2. 在右侧操作区域查看标注列表
3. 统计标注列表中标注的数量","1. 成功进入标注详情页
2. 右侧操作区域显示标注列表
3. 列表中的标注数量等于X",1,1,功能测试,功能测试阶段
"/我的标注（林禹成） - 列表页 - 操作 - 【进入标注】 - 右侧操作区域 - 标注列表(X) - 列表页展示L2层及以下（L3,L4...）保存标注的数据/","我的标注（林禹成） - 列表页 - 操作 - 【进入标注】 - 右侧操作区域 - 标注列表(X) - 列表页展示L2层及以下（L3,L4...）保存标注的数据 - 不展示L1层 Episode 的数据",用户已登录，存在包含L1层（Episode）标注数据及L2层以下标注数据的标注任务,"1. 打开“我的标注”列表页
2. 点击操作列的【进入标注】按钮
3. 在右侧操作区域查看标注列表","1. 列表页成功显示
2. 成功进入标注界面
3. 标注列表仅显示L2层及以下（L3,L4...）的标注数据，不包含L1层（Episode）数据",1,1,功能测试,功能测试阶段
/我的标注（林禹成） - 列表页 - 操作 - 【进入标注】 - 右侧操作区域 - 标注列表(X) - 展示描述和标注开始的时间/,我的标注（林禹成） - 列表页 - 操作 - 【进入标注】 - 右侧操作区域 - 标注列表(X) - 展示描述和标注开始的时间 - 点击后，标注区域跳转到该标注的开始时间,用户已登录，在标注列表页，且已有标注,"1. 进入标注列表页，右侧操作区域展示标注列表
2. 查看标注列表中的某项，显示描述和标注开始时间
3. 点击该标注","1. 成功进入标注页并显示标注列表
2. 正确显示描述和开始时间
3. 标注区域跳转到该标注的开始时间",1,4,功能测试,功能测试阶段
/我的标注（林禹成） - 列表页 - 操作 - 【进入标注】 - 右侧操作区域 - 3D姿态信息/,我的标注（林禹成） - 列表页 - 操作 - 【进入标注】 - 右侧操作区域 - 3D姿态信息 - 可点击切换左臂、右臂、双臂，下拉框可选择，展示正常即可,系统已启动，用户已登录，并进入我的标注列表页,"1. 在列表页点击一条标注记录的“进入标注”
2. 在右侧3D姿态信息区域点击切换按钮选择“左臂”
3. 点击切换按钮选择“右臂”和“双臂”，并操作下拉框","1. 成功进入标注页面，右侧显示3D姿态信息区域
2. 切换后显示左臂的3D姿态信息
3. 切换后显示右臂和双臂的3D姿态信息，下拉框可选择且展示正常",1,3,功能测试,功能测试阶段
/我的标注（林禹成） - 列表页 - 操作 - 【进入标注】 - 右侧操作区域 - 3D姿态信息/,我的标注（林禹成） - 列表页 - 操作 - 【进入标注】 - 右侧操作区域 - 3D姿态信息 - 当前帧无 pose 数据时，前端保持上一次状态或展示空状态，不崩溃,系统已启动，用户已登录，已进入标注页面，右侧操作区域显示3D姿态信息,"1. 切换到当前帧（无pose数据）
2. 观察右侧操作区域的3D姿态信息显示","1. 前端不崩溃
2. 3D姿态信息保持上一次状态或展示空状态",1,2,功能测试,功能测试阶段
/我的标注（林禹成） - 列表页 - 操作 - 【进入标注】 - 右侧操作区域 - 点云信息/,我的标注（林禹成） - 列表页 - 操作 - 【进入标注】 - 右侧操作区域 - 点云信息 - 下拉框可选择，展示正常即可,系统已启动，用户已登录,"1. 进入我的标注列表页，点击操作中的“进入标注”按钮
2. 在右侧操作区域找到点云信息下拉框
3. 点击下拉框并选择任一选项","1. 成功进入标注详情页面
2. 下拉框正常展开显示选项
3. 选项可正常选择，展示无异常",1,2,功能测试,功能测试阶段
/我的标注（林禹成） - 列表页 - 操作 - 【进入标注】 - 【保存草稿】 - 提示：“草稿已保存”/,我的标注（林禹成） - 列表页 - 操作 - 【进入标注】 - 【保存草稿】 - 提示：“草稿已保存” - 返回后重新进入标注，所有的标注信息与保存草稿时一致,系统已启动，用户已登录,"1. 进入我的标注列表页
2. 点击某条标注的【进入标注】，修改后点击【保存草稿】，确认提示“草稿已保存”
3. 返回列表页，再次点击该标注的【进入标注】","1. 列表页正常显示
2. 提示“草稿已保存”
3. 进入标注后，所有标注信息与保存草稿时一致",1,4,功能测试,功能测试阶段
/我的标注（林禹成） - 列表页 - 操作 - 【进入标注】 - 【提交标注】/,我的标注（林禹成） - 列表页 - 操作 - 【进入标注】 - 【提交标注】 - 无二次确认，建议增加二次确认弹框,用户已登录，在标注列表页存在可操作的标注,"1. 打开我的标注列表页
2. 点击操作中的【进入标注】
3. 点击【提交标注】按钮","1. 成功显示列表页
2. 进入标注详情页
3. 系统直接提交标注，无二次确认弹框",1,3,功能测试,功能测试阶段
/我的标注（林禹成） - 列表页 - 操作 - 【进入标注】 - 【提交标注】/,我的标注（林禹成） - 列表页 - 操作 - 【进入标注】 - 【提交标注】 - 无任何标注时，建议校验不允许提交,系统已启动，用户已登录，进入我的标注列表页,"1. 进入我的标注列表页，选择一个无任何标注的项目
2. 点击【进入标注】
3. 在标注界面，不添加任何标注，点击【提交标注】","1. 成功进入标注界面
2. 标注界面无任何标注内容
3. 系统校验不通过，提示“请先添加标注”并阻止提交",1,1,功能测试,功能测试阶段
/我的标注（林禹成） - 列表页 - 操作 - 【进入标注】 - 【提交标注】/,我的标注（林禹成） - 列表页 - 操作 - 【进入标注】 - 【提交标注】 - 提交标注成功，任务从标注列表页消失，任务进入“我的质检”,系统已启动，用户林禹成已登录,"1. 进入我的标注列表页
2. 点击某个任务的【进入标注】
3. 提交标注","1. 列表页显示标注任务
2. 成功进入标注页面
3. 标注提交成功，任务从标注列表页消失，出现在我的质检中",1,3,功能测试,功能测试阶段
/我的标注（林禹成） - 列表页 - 操作 - 【进入标注】 - 【返回】/,我的标注（林禹成） - 列表页 - 操作 - 【进入标注】 - 【返回】 - 回到标注列表页，不进行保存,用户已登录，标注列表页有标注数据,"1. 在标注列表页，点击某个标注的【进入标注】按钮
2. 进入标注详情页后，点击【返回】按钮
3. 返回标注列表页，不进行任何保存操作","1. 成功进入标注详情页，显示该标注内容
2. 页面返回到标注列表页
3. 标注列表页保持原样，没有新建或修改的标注被保存",1,1,功能测试,功能测试阶段
/我的质检（林禹成） - 数据来源/,我的质检（林禹成） - 数据来源 - “我的标注”中提交标注的数据且任务指派的质检人员是此账号用户,系统已启动，用户已登录（账号：林禹成），且存在从“我的标注”提交的标注数据，质检任务指派给此账号,"1. 打开我的质检页面
2. 查看数据来源筛选条件
3. 选择数据来源为“我的标注”","1. 成功打开我的质检页面，显示数据列表
2. 数据来源筛选条件中包含“我的标注”选项
3. 页面仅显示从“我的标注”提交且质检任务指派给当前用户的数据",1,3,功能测试,功能测试阶段
/我的质检（林禹成） - 列表页 - 任务编号 - 与“任务管理”中的任务编号一致 - 系统自动创建，规则：TASK - 年/,我的质检（林禹成） - 列表页 - 任务编号 - 与“任务管理”中的任务编号一致 - 系统自动创建，规则：TASK - 年 - 001开始自增,系统已启动，用户已登录，已进入“我的质检”列表页,"1. 查看“我的质检”列表页中任务编号字段
2. 将任务编号与“任务管理”中对应任务编号比对
3. 检查任务编号格式是否符合TASK-年-001自增规则","1. 页面显示任务编号
2. 两个页面的任务编号一致
3. 任务编号格式正确且按规则自增",1,4,功能测试,功能测试阶段
/我的质检（林禹成） - 列表页 - 任务名称 - 与“任务管理”中的任务名称一致/,我的质检（林禹成） - 列表页 - 任务名称 - 与“任务管理”中的任务名称一致 - 新增时自行输入的,系统已启动，用户已登录,"1. 进入“我的质检”列表页
2. 查看任务名称
3. 比对任务名称与“任务管理”中对应任务名称一致","1. 列表页成功显示
2. 任务名称显示正确
3. 任务名称与任务管理中的一致",1,3,功能测试,功能测试阶段
/我的质检（林禹成） - 列表页 - 分类 - 与“任务管理”中的分类一致/,我的质检（林禹成） - 列表页 - 分类 - 与“任务管理”中的分类一致 - 新增时自行选择的,系统已启动，用户林禹成已登录,"1. 打开“我的质检”列表页
2. 查看列表页的分类选项
3. 新增质检并自行选择分类","1. 列表页正常显示
2. 分类选项与“任务管理”中的分类一致
3. 新增成功，选择的分类正确保存",1,1,功能测试,功能测试阶段
/我的质检（林禹成） - 列表页 - 状态 - 已标注/,我的质检（林禹成） - 列表页 - 状态 - 已标注 - 刚提交标注数据进入“我的质检”,系统已启动，用户已登录,"1. 进入“我的质检”列表页
2. 提交一条标注数据
3. 返回列表页查看该数据的状状态","1. 列表页正常显示
2. 标注数据提交成功
3. 列表页中该数据状态显示为“已标注”",1,4,功能测试,功能测试阶段
/我的质检（林禹成） - 列表页 - 状态/,我的质检（林禹成） - 列表页 - 状态 - 无其他状态，因为完成质检后数据就会消失，且无法回退,系统已启动，用户已登录,"1. 进入我的质检列表页
2. 查看列表中各条数据的当前状态
3. 尝试对完成质检的数据进行操作","1. 列表页正常显示
2. 列表中的状态字段仅显示一种状态（如已完成）
3. 完成质检的数据不可回退或操作",1,2,功能测试,功能测试阶段
/我的质检（林禹成） - 列表页 - 标注人员/,我的质检（林禹成） - 列表页 - 标注人员 - 标注提交的人员,系统已启动，用户已登录，存在标注提交的人员,"1. 打开我的质检列表页
2. 查看标注人员字段","1. 列表页正常显示
2. 标注人员字段显示为标注提交的人员姓名",1,1,功能测试,功能测试阶段
/我的质检（林禹成） - 列表页 - 退回次数/,我的质检（林禹成） - 列表页 - 退回次数 - 无用，建议删除,系统已启动，用户已登录，进入质检列表页,"1. 进入我的质检列表页
2. 查看列表中的列字段
3. 检查是否存在'退回次数'列","1. 页面成功打开
2. 列表显示正常
3. 列表中没有'退回次数'列",1,2,功能测试,功能测试阶段
/我的质检（林禹成） - 列表页 - 创建时间/,我的质检（林禹成） - 列表页 - 创建时间 - 目前：年月日，建议改为：年月日 时分秒,系统已启动，用户林禹成已登录,"1. 打开我的质检列表页
2. 查看创建时间字段的显示格式
3. 确认显示为年月日时分秒格式","1. 成功打开列表页
2. 创建时间显示年月日格式
3. 创建时间显示为年月日时分秒格式",1,2,功能测试,功能测试阶段
/我的质检（林禹成） - 列表页 - 操作 - 【进入质检】 - 上方信息区域/,我的质检（林禹成） - 列表页 - 操作 - 【进入质检】 - 上方信息区域 - 任务名称,系统已启动，用户已登录,"1. 进入我的质检列表页
2. 点击某条质检记录的【进入质检】按钮
3. 查看页面上方信息区域","1. 成功进入列表页
2. 成功跳转至质检详情页
3. 上方信息区域显示对应的任务名称",1,2,功能测试,功能测试阶段
/我的质检（林禹成） - 列表页 - 操作 - 【进入质检】 - 上方信息区域/,我的质检（林禹成） - 列表页 - 操作 - 【进入质检】 - 上方信息区域 - 任务编号,系统已启动，用户已登录,"1. 打开我的质检列表页
2. 点击操作中的【进入质检】
3. 查看上方信息区域","1. 列表页正常显示
2. 成功进入质检页面
3. 上方信息区域显示正确的任务编号",1,2,功能测试,功能测试阶段
/我的质检（林禹成） - 列表页 - 操作 - 【进入质检】 - 上方信息区域 - Total - 视频总时间：分：秒：毫秒/,我的质检（林禹成） - 列表页 - 操作 - 【进入质检】 - 上方信息区域 - Total - 视频总时间：分：秒：毫秒 - 如：3:36.898，代表：3 分 36 秒 898 毫秒,系统已启动，用户已登录，存在质检任务,"1. 打开我的质检列表页
2. 点击某个质检任务的“进入质检”按钮
3. 在质检界面上方信息区域查看Total字段","1. 列表页正常显示
2. 成功进入质检界面
3. Total字段显示视频总时间，格式为分:秒.毫秒（如3:36.898）",1,1,功能测试,功能测试阶段
/我的质检（林禹成） - 列表页 - 操作 - 【进入质检】 - 上方信息区域 - 当前窗口/,我的质检（林禹成） - 列表页 - 操作 - 【进入质检】 - 上方信息区域 - 当前窗口 - 标注区域下方显示的时间区间,用户已登录，存在质检任务列表,"1. 在列表页点击一条质检任务的“进入质检”按钮
2. 观察质检页面上方信息区域的标注区域下方","1. 成功跳转至质检页面
2. 标注区域下方显示对应的时间区间",1,4,功能测试,功能测试阶段
/我的质检（林禹成） - 列表页 - 操作 - 【进入质检】 - 上方信息区域 - 当前段/,我的质检（林禹成） - 列表页 - 操作 - 【进入质检】 - 上方信息区域 - 当前段 - 当前这段视频所在的时间区间,用户已登录，在质检列表页,"1. 在质检列表页选择一条记录
2. 点击【进入质检】按钮
3. 查看上方信息区域中的“当前段”字段","1. 正确选中记录
2. 成功跳转到质检页面
3. 当前段显示该视频所在的时间区间，格式正确",1,3,功能测试,功能测试阶段
/我的质检（林禹成） - 列表页 - 操作 - 【进入质检】 - 上方信息区域 - 基准/,我的质检（林禹成） - 列表页 - 操作 - 【进入质检】 - 上方信息区域 - 基准 - 回显标注时选择的基准视角,用户已登录，存在已完成标注且已选择基准视角的质检任务,"1. 打开“我的质检”列表页
2. 点击一个已完成标注的质检任务的“进入质检”按钮
3. 查看上方信息区域的基准视角","1. 列表页加载成功
2. 成功进入质检页面
3. 上方信息区域正确回显标注时选择的基准视角",1,1,功能测试,功能测试阶段
/我的质检（林禹成） - 列表页 - 操作 - 【进入质检】 - 上方信息区域/,我的质检（林禹成） - 列表页 - 操作 - 【进入质检】 - 上方信息区域 - 显示[双臂],用户已登录，系统已启动，进入我的质检列表页,"1. 在列表页找到一条质检任务，点击操作中的【进入质检】
2. 进入质检详情页，查看上方信息区域
3. 检查信息区域是否显示[双臂]","1. 成功进入质检详情页
2. 上方信息区域正常显示
3. 信息区域中显示[双臂]",1,3,功能测试,功能测试阶段
/我的质检（林禹成） - 列表页 - 操作 - 【进入质检】 - 左侧样本列表 - 左臂视角 - 显示X段视频/,我的质检（林禹成） - 列表页 - 操作 - 【进入质检】 - 左侧样本列表 - 左臂视角 - 显示X段视频 - 根据采集时上传的文件数量对应显示,用户已登录，进入我的质检列表页，存在质检任务,"1. 在列表页找到一条质检任务，点击“进入质检”
2. 在左侧样本列表中，选择左臂视角
3. 观察视频分段数量","1. 成功进入质检详情页面
2. 左侧样本列表显示左臂视角的视频列表
3. 显示的视频段数与采集时上传的文件数量一致",1,2,功能测试,功能测试阶段
/我的质检（林禹成） - 列表页 - 操作 - 【进入质检】 - 左侧样本列表 - 左臂视角 - 点击后/,我的质检（林禹成） - 列表页 - 操作 - 【进入质检】 - 左侧样本列表 - 左臂视角 - 点击后 - 基准变更为左臂视角,用户已登录，进入我的质检列表页,"1. 打开我的质检列表页
2. 点击操作中的【进入质检】
3. 在左侧样本列表中点击【左臂视角】","1. 成功进入质检页面
2. 显示左侧样本列表
3. 基准视角变更为左臂视角",1,2,功能测试,功能测试阶段
/我的质检（林禹成） - 列表页 - 操作 - 【进入质检】 - 左侧样本列表 - 左臂视角 - 点击后/,我的质检（林禹成） - 列表页 - 操作 - 【进入质检】 - 左侧样本列表 - 左臂视角 - 点击后 - 右侧操作区域 3D姿态信息下方自动选中左臂,系统已启动，用户已登录，且处于我的质检列表页,"1. 点击操作列中的【进入质检】按钮
2. 在左侧样本列表中选择左臂视角
3. 点击左臂视角","1. 进入质检页面
2. 左侧样本列表显示左臂视角
3. 右侧操作区域3D姿态信息下方自动选中左臂",1,1,功能测试,功能测试阶段
/我的质检（林禹成） - 列表页 - 操作 - 【进入质检】 - 左侧样本列表 - 右臂视角 - 显示X段视频/,我的质检（林禹成） - 列表页 - 操作 - 【进入质检】 - 左侧样本列表 - 右臂视角 - 显示X段视频 - 根据采集时上传的文件数量对应显示,系统已启动，用户已登录,"1. 打开我的质检列表页，选择一条记录，点击“进入质检”
2. 在质检页面左侧样本列表中选择右臂视角
3. 查看显示的视频段数","1. 成功进入质检页面，左侧显示样本列表
2. 右臂视角被选中
3. 显示的视频段数与采集时上传的文件数量一致",1,1,功能测试,功能测试阶段
/我的质检（林禹成） - 列表页 - 操作 - 【进入质检】 - 左侧样本列表 - 右臂视角 - 点击后/,我的质检（林禹成） - 列表页 - 操作 - 【进入质检】 - 左侧样本列表 - 右臂视角 - 点击后 - 基准变更为右臂视角,用户已登录并进入我的质检列表页，点击【进入质检】进入质检页面,"1. 在左侧样本列表中点击一个样本
2. 点击视角切换按钮，选择右臂视角
3. 观察当前基准视角","1. 样本详情加载
2. 视角切换为右臂视角
3. 基准变更为右臂视角",1,4,功能测试,功能测试阶段
/我的质检（林禹成） - 列表页 - 操作 - 【进入质检】 - 左侧样本列表 - 右臂视角 - 点击后/,我的质检（林禹成） - 列表页 - 操作 - 【进入质检】 - 左侧样本列表 - 右臂视角 - 点击后 - 右侧操作区域 3D姿态信息下方自动选中右臂,系统已启动，用户已登录，进入质检页面，左侧样本列表有数据,"1. 在左侧样本列表中点击某个样本
2. 在右侧操作区域点击“右臂视角”按钮
3. 观察右侧操作区域3D姿态信息下方是否自动选中“右臂”","1. 点击样本后，右侧显示该样本详情
2. 点击右臂视角后，3D姿态切换为右臂视角
3. 3D姿态信息下方自动选中“右臂”选项",1,3,功能测试,功能测试阶段
/我的质检（林禹成） - 列表页 - 操作 - 【进入质检】 - 中部标注视频区域 - 视频显示区域 - 视频左上角显示 - 左/右臂视角 - 对齐基准/,我的质检（林禹成） - 列表页 - 操作 - 【进入质检】 - 中部标注视频区域 - 视频显示区域 - 视频左上角显示 - 左/右臂视角 - 对齐基准 - 表示：以此臂视角为基准,系统已启动，用户已登录,"1. 进入质检列表页
2. 点击操作中的【进入质检】
3. 观察视频显示区域左上角显示的左/右臂视角","1. 成功进入质检列表页
2. 成功进入质检界面
3. 视频左上角正确显示当前臂视角，并标识“以此臂视角为基准”",1,1,功能测试,功能测试阶段
/我的质检（林禹成） - 列表页 - 操作 - 【进入质检】 - 中部标注视频区域 - 视频显示区域 - 视频左上角显示 - 左/右臂视角 - 【设基准】/,我的质检（林禹成） - 列表页 - 操作 - 【进入质检】 - 中部标注视频区域 - 视频显示区域 - 视频左上角显示 - 左/右臂视角 - 【设基准】 - 可点击，点击后以此臂视角为基准,用户已登录并进入质检列表页,"1. 点击操作列的【进入质检】按钮
2. 在视频显示区域查看左上角显示信息
3. 点击【设基准】按钮","1. 成功进入质检视频标注页面
2. 视频左上角显示当前左/右臂视角标记
3. 系统以此臂视角为基准并提示设置成功",1,3,功能测试,功能测试阶段
/我的质检（林禹成） - 列表页 - 操作 - 【进入质检】 - 中部标注视频区域 - 视频显示区域 - 右上角可切换视频显示位置/,我的质检（林禹成） - 列表页 - 操作 - 【进入质检】 - 中部标注视频区域 - 视频显示区域 - 右上角可切换视频显示位置 - 视频左右展示,系统已启动，用户已登录，进入质检页面,"1. 打开我的质检列表页，点击【进入质检】
2. 定位到视频显示区域右上角切换按钮
3. 点击切换按钮","1. 进入质检页面，视频区域正常显示
2. 能发现切换按钮
3. 视频展示位置切换为左右并排显示",1,4,功能测试,功能测试阶段
/我的质检（林禹成） - 列表页 - 操作 - 【进入质检】 - 中部标注视频区域 - 视频显示区域 - 右上角可切换视频显示位置/,我的质检（林禹成） - 列表页 - 操作 - 【进入质检】 - 中部标注视频区域 - 视频显示区域 - 右上角可切换视频显示位置 - 视频上下展示,系统已启动，用户已登录，已进入质检任务，视频显示区域可见且初始为左右排列,"1. 在视频显示区域右上角，点击切换视频显示位置按钮
2. 观察视频显示区域的变化","1. 视频显示位置切换为上下展示
2. 视频显示区域内容更新，视频上下排列显示",1,3,功能测试,功能测试阶段
/我的质检（林禹成） - 列表页 - 操作 - 【进入质检】 - 中部标注视频区域 - 视频显示区域 - 视频右下角显示 - 局部x.xxxs / 全局x.xxxs/,我的质检（林禹成） - 列表页 - 操作 - 【进入质检】 - 中部标注视频区域 - 视频显示区域 - 视频右下角显示 - 局部x.xxxs / 全局x.xxxs - 局部：当前这一帧在当前这个段视频的秒数,系统已启动，用户已登录，已进入质检列表页，并点击进入质检,"1. 进入质检页面，查看视频显示区域
2. 观察视频右下角显示的时间信息
3. 验证时间显示格式为“局部x.xxxs / 全局x.xxxs”","1. 视频显示区域正常加载视频
2. 视频右下角显示局部和全局时间
3. 局部时间显示当前帧在当前段视频的秒数，全局时间显示对应格式",1,3,功能测试,功能测试阶段
/我的质检（林禹成） - 列表页 - 操作 - 【进入质检】 - 中部标注视频区域 - 视频显示区域 - 视频右下角显示 - 局部x.xxxs / 全局x.xxxs/,我的质检（林禹成） - 列表页 - 操作 - 【进入质检】 - 中部标注视频区域 - 视频显示区域 - 视频右下角显示 - 局部x.xxxs / 全局x.xxxs - 全局：当前这一帧在视频总时间的秒数,系统已启动，用户已登录，进入质检页面，视频已加载,"1. 进入质检页面，定位到视频显示区域
2. 观察视频右下角的时间显示
3. 记录显示的全局时间值","1. 视频显示区域正常展示视频
2. 右下角显示 '局部x.xxxs / 全局x.xxxs' 格式
3. 全局值显示当前帧在视频总时间的秒数，格式正确",1,4,功能测试,功能测试阶段
/我的质检（林禹成） - 列表页 - 操作 - 【进入质检】 - 中部标注视频区域 - 视频显示区域 - 视频右下角显示 - 局部x.xxxs / 全局x.xxxs/,我的质检（林禹成） - 列表页 - 操作 - 【进入质检】 - 中部标注视频区域 - 视频显示区域 - 视频右下角显示 - 局部x.xxxs / 全局x.xxxs - 当前段开始时间 + 局部时间 = 全局时间,系统已启动，用户已登录，进入质检列表页，存在待质检任务，点击【进入质检】进入质检页面，视频加载完成,"1. 在中部标注视频区域，观察视频右下角显示的局部时间和全局时间格式
2. 记录当前段开始时间和局部时间
3. 计算当前段开始时间加局部时间并与全局时间比较","1. 视频右下角正确显示局部x.xxxs/全局x.xxxs
2. 当前段开始时间和局部时间清晰可读
3. 当前段开始时间加局部时间等于全局时间",1,4,功能测试,功能测试阶段
/我的质检（林禹成） - 列表页 - 操作 - 【进入质检】 - 中部标注视频区域 - 标注区域/,我的质检（林禹成） - 列表页 - 操作 - 【进入质检】 - 中部标注视频区域 - 标注区域 - 回显所有标注的时间区段,系统已启动，用户已登录，存在质检任务且已有标注数据,"1. 打开质检列表页
2. 点击【进入质检】进入标注页面
3. 查看中部标注视频区域的标注区域","1. 成功打开质检列表页
2. 成功进入标注页面
3. 标注区域回显所有标注的时间区段",1,1,功能测试,功能测试阶段
/我的质检（林禹成） - 列表页 - 操作 - 【进入质检】 - 中部标注视频区域 - 标注区域/,我的质检（林禹成） - 列表页 - 操作 - 【进入质检】 - 中部标注视频区域 - 标注区域 - 操作规则与标注时一致,用户已登录，有质检任务，已进入质检页面,"1. 进入质检页面，定位到中部标注视频区域
2. 在标注区域内进行框选、打标签等标注操作
3. 对比操作规则与普通标注时的规则","1. 成功显示标注区域
2. 标注操作可正常执行
3. 操作规则与标注时一致，无差异",1,1,功能测试,功能测试阶段
/我的质检（林禹成） - 列表页 - 操作 - 【进入质检】 - 右侧操作区域 - 当前状态 - L1 Episode：—/,我的质检（林禹成） - 列表页 - 操作 - 【进入质检】 - 右侧操作区域 - 当前状态 - L1 Episode：— - 未选中标注时，显示：—,系统已启动，用户已登录，进入质检列表页,"1. 点击【进入质检】按钮
2. 在右侧操作区域查看当前状态","1. 成功进入质检页面
2. 当前状态显示L1 Episode：—",1,1,功能测试,功能测试阶段
/我的质检（林禹成） - 列表页 - 操作 - 【进入质检】 - 右侧操作区域 - 当前状态 - L1 Episode：—/,我的质检（林禹成） - 列表页 - 操作 - 【进入质检】 - 右侧操作区域 - 当前状态 - L1 Episode：— - 选中L1层标注时，显示：新增时的描述,系统已启动，用户已登录，且有质检任务列表,"1. 打开质检列表页，找到指定质检任务
2. 点击“进入质检”按钮，进入质检界面
3. 在右侧操作区域，选中L1层标注","1. 正确显示质检列表
2. 成功进入质检界面，右侧操作区域显示当前状态及L1 Episode：—
3. 显示新增时的描述信息",1,3,功能测试,功能测试阶段
/我的质检（林禹成） - 列表页 - 操作 - 【进入质检】 - 右侧操作区域 - 当前状态 - L2 动作细分：—/,我的质检（林禹成） - 列表页 - 操作 - 【进入质检】 - 右侧操作区域 - 当前状态 - L2 动作细分：— - 未选中标注时，显示：—,系统已启动，用户已登录，进入质检列表页,"1. 打开质检列表页
2. 在右侧操作区域，不选中任何标注
3. 查看当前状态显示","1. 成功打开列表页
2. 操作区域显示“—”
3. 当前状态显示为“—”",1,2,功能测试,功能测试阶段
/我的质检（林禹成） - 列表页 - 操作 - 【进入质检】 - 右侧操作区域 - 当前状态 - L2 动作细分：—/,我的质检（林禹成） - 列表页 - 操作 - 【进入质检】 - 右侧操作区域 - 当前状态 - L2 动作细分：— - 选中L2层标注时，显示：新增时的描述,用户已登录，质检列表页已打开,"1. 进入质检列表页
2. 点击操作中的【进入质检】
3. 在右侧操作区域选中L2层标注","1. 质检列表页显示
2. 进入质检页面，右侧操作区域显示
3. 显示新增时的描述",1,1,功能测试,功能测试阶段
/我的质检（林禹成） - 列表页 - 操作 - 【进入质检】 - 右侧操作区域 - 当前状态 - L3 Stage：—/,我的质检（林禹成） - 列表页 - 操作 - 【进入质检】 - 右侧操作区域 - 当前状态 - L3 Stage：— - 未选中标注时，显示：—,系统已启动，用户已登录，进入质检列表页,"1. 打开我的质检列表页\n2. 找到L3 Stage为""—""且未选中标注的质检项\n3. 查看右侧操作区域的当前状态","1. 成功打开列表页\n2. 找到对应质检项\n3. 当前状态显示""—",1,4,功能测试,功能测试阶段
/我的质检（林禹成） - 列表页 - 操作 - 【进入质检】 - 右侧操作区域 - 当前状态 - L3 Stage：—/,我的质检（林禹成） - 列表页 - 操作 - 【进入质检】 - 右侧操作区域 - 当前状态 - L3 Stage：— - 选中L3层标注时，显示：新增时的描述,系统已启动，用户已登录，已进入质检列表页，有质检任务,"1. 点击列表页中质检任务的“进入质检”按钮
2. 在右侧操作区域，点击L3 Stage下的“—”下拉按钮
3. 选中L3层标注","1. 成功进入质检页面
2. 下拉列表展开显示选项
3. 页面显示“新增时的描述”",1,4,功能测试,功能测试阶段
/我的质检（林禹成） - 列表页 - 操作 - 【进入质检】 - 右侧操作区域 - 当前状态 - 文案/,我的质检（林禹成） - 列表页 - 操作 - 【进入质检】 - 右侧操作区域 - 当前状态 - 文案 - 拖动边界默认联动 | Ctrl+拖动 = 独立移动,系统已启动，用户已登录，进入“我的质检”列表页，点击“进入质检”显示右侧操作区域,"1. 在右侧操作区域，拖动边界线
2. 按住Ctrl键同时拖动边界线","1. 边界线两侧同步移动
2. 只有被拖动的边界移动，另一侧不动",1,1,功能测试,功能测试阶段
/我的质检（林禹成） - 列表页 - 操作 - 【进入质检】 - 右侧操作区域 - 当前状态 - 文案/,我的质检（林禹成） - 列表页 - 操作 - 【进入质检】 - 右侧操作区域 - 当前状态 - 文案 - 子任务可以 Ctrl + 子任务 做多任务 Merge,系统已启动，用户已登录，且存在质检任务,"1. 打开我的质检列表页
2. 点击某个质检任务的“进入质检”操作
3. 在右侧操作区域，按住Ctrl键并点击多个子任务","1. 列表页显示正常
2. 进入质检页面，右侧显示操作区域和当前状态文案
3. 多个子任务被选中，可进行多任务合并操作",1,3,功能测试,功能测试阶段
/我的质检（林禹成） - 列表页 - 操作 - 【进入质检】 - 右侧操作区域 - 编辑 - L1层 - 编辑 Episode - *描述/,我的质检（林禹成） - 列表页 - 操作 - 【进入质检】 - 右侧操作区域 - 编辑 - L1层 - 编辑 Episode - *描述 - 单选,系统已启动，用户已登录，存在质检任务,"1. 进入我的质检列表页
2. 点击操作中的“进入质检”
3. 在右侧操作区域编辑L1层，选择Episode，选择描述的单选选项","1. 成功进入列表页
2. 成功打开质检页面
3. 成功编辑并保存",1,4,功能测试,功能测试阶段
/我的质检（林禹成） - 列表页 - 操作 - 【进入质检】 - 右侧操作区域 - 编辑 - L1层 - 编辑 Episode - *描述 - 方式/,我的质检（林禹成） - 列表页 - 操作 - 【进入质检】 - 右侧操作区域 - 编辑 - L1层 - 编辑 Episode - *描述 - 方式 - 可自行输入后，下拉选中,用户已登录，进入质检页面，编辑L1层Episode界面已打开,"1. 在描述输入框中输入自定义文本
2. 点击下拉列表，选中一个选项
3. 点击保存按钮","1. 输入的自定义文本正确显示在输入框中
2. 下拉列表中选中的选项高亮显示
3. 系统提示保存成功，描述更新",1,4,功能测试,功能测试阶段
/我的质检（林禹成） - 列表页 - 操作 - 【进入质检】 - 右侧操作区域 - 编辑 - L1层 - 编辑 Episode - *描述 - 方式 - 下拉直接选择/,我的质检（林禹成） - 列表页 - 操作 - 【进入质检】 - 右侧操作区域 - 编辑 - L1层 - 编辑 Episode - *描述 - 方式 - 下拉直接选择 - 下拉数据为新增任务时所填写的“标注层级”的根节点,用户已登录，系统中存在质检任务,"1. 进入质检列表页
2. 点击【进入质检】按钮
3. 在右侧操作区域编辑L1层Episode的描述，下拉选择","1. 成功打开质检列表页
2. 进入质检页面，右侧操作区域显示
3. 下拉列表数据为新增任务时所填写的“标注层级”的根节点",1,3,功能测试,功能测试阶段
/我的质检（林禹成） - 列表页 - 操作 - 【进入质检】 - 右侧操作区域 - 编辑 - L1层 - 编辑 Episode - *描述 - 方式 - 下拉直接选择/,我的质检（林禹成） - 列表页 - 操作 - 【进入质检】 - 右侧操作区域 - 编辑 - L1层 - 编辑 Episode - *描述 - 方式 - 下拉直接选择 - 未新增时，下拉为空,用户已登录且有质检任务,"1. 进入我的质检列表页
2. 点击某条记录的【进入质检】按钮
3. 在右侧操作区域编辑Episode的描述方式下拉框","1. 成功显示质检列表页
2. 页面跳转到质检详情页，右侧显示操作区域
3. 下拉框展开，列表为空",1,4,功能测试,功能测试阶段
/我的质检（林禹成） - 列表页 - 操作 - 【进入质检】 - 右侧操作区域 - 编辑 - L1层 - 编辑 Episode - 标签/,我的质检（林禹成） - 列表页 - 操作 - 【进入质检】 - 右侧操作区域 - 编辑 - L1层 - 编辑 Episode - 标签 - 单选,系统已启动，用户已登录，存在质检任务，进入列表页,"1. 在列表页找到质检任务，点击【进入质检】
2. 在右侧操作区域点击编辑，选择L1层，编辑Episode的标签
3. 选择标签列表中的单选选项，确认选择","1. 成功进入质检页面
2. 编辑界面正确显示L1层Episode的标签选项
3. 标签单选成功，标签状态更新",1,2,功能测试,功能测试阶段
/我的质检（林禹成） - 列表页 - 操作 - 【进入质检】 - 右侧操作区域 - 编辑 - L1层 - 编辑 Episode - 标签/,我的质检（林禹成） - 列表页 - 操作 - 【进入质检】 - 右侧操作区域 - 编辑 - L1层 - 编辑 Episode - 标签 - 下拉数据为：新增任务时所选择的“标签”,用户已登录，存在质检任务并已进入质检列表页,"1. 点击操作中的“进入质检”按钮
2. 在右侧操作区域点击编辑按钮，选择L1层，点击编辑Episode
3. 点击标签下拉框","1. 成功进入质检详情页面
2. 显示L1层Episode编辑界面
3. 下拉框显示的数据与新增任务时所选择的标签一致",1,3,功能测试,功能测试阶段
/我的质检（林禹成） - 列表页 - 操作 - 【进入质检】 - 右侧操作区域 - 编辑 - L1层 - 编辑 Episode - 开始时间 - 标签的开始时间/,我的质检（林禹成） - 列表页 - 操作 - 【进入质检】 - 右侧操作区域 - 编辑 - L1层 - 编辑 Episode - 开始时间 - 标签的开始时间 - 可手动输入调整,系统已启动，用户已登录，进入我的质检列表页,"1. 点击某条记录的'进入质检'
2. 在右侧操作区域点击'编辑'
3. 在L1层编辑Episode，手动输入新的开始时间","1. 成功进入质检详情页面
2. 编辑区域展开
3. 开始时间更新为输入的值",1,2,功能测试,功能测试阶段
/我的质检（林禹成） - 列表页 - 操作 - 【进入质检】 - 右侧操作区域 - 编辑 - L1层 - 编辑 Episode - 开始时间 - 标签的开始时间/,我的质检（林禹成） - 列表页 - 操作 - 【进入质检】 - 右侧操作区域 - 编辑 - L1层 - 编辑 Episode - 开始时间 - 标签的开始时间 - 可标注页拖拽调整,系统已启动，用户已登录，已进入质检页面，选中Episode并处于编辑L1层状态,"1. 在可标注页定位标签的开始时间位置
2. 鼠标按住时间标签进行拖拽
3. 释放鼠标完成拖拽","1. 开始时间标签可被拖拽
2. 标签位置随鼠标移动实时更新
3. 标签开始时间更新为拖拽后的新时间",1,4,功能测试,功能测试阶段
/我的质检（林禹成） - 列表页 - 操作 - 【进入质检】 - 右侧操作区域 - 编辑 - L1层 - 编辑 Episode - 结束时间 - 标签的结束时间/,我的质检（林禹成） - 列表页 - 操作 - 【进入质检】 - 右侧操作区域 - 编辑 - L1层 - 编辑 Episode - 结束时间 - 标签的结束时间 - 可手动输入调整,系统已启动，用户已登录,"1. 进入我的质检列表页，点击操作中的【进入质检】
2. 在右侧操作区域点击编辑，进入L1层编辑Episode
3. 在结束时间标签处手动输入新的时间值","1. 成功进入质检详情页面
2. 成功展开编辑界面，显示结束时间字段
3. 输入成功，结束时间更新为手动输入的值",1,4,功能测试,功能测试阶段
/我的质检（林禹成） - 列表页 - 操作 - 【进入质检】 - 右侧操作区域 - 编辑 - L1层 - 编辑 Episode - 结束时间 - 标签的结束时间/,我的质检（林禹成） - 列表页 - 操作 - 【进入质检】 - 右侧操作区域 - 编辑 - L1层 - 编辑 Episode - 结束时间 - 标签的结束时间 - 可标注页拖拽调整,系统已启动，用户已登录并进入【我的质检】列表页,"1. 在列表页找到质检任务，点击“进入质检”
2. 在右侧操作区域点击“编辑”，进入L1层编辑Episode，选择结束时间标签
3. 在可标注页拖拽调整结束时间","1. 成功进入质检页面
2. 结束时间标签可编辑
3. 拖拽后结束时间成功更新",1,1,功能测试,功能测试阶段
/我的质检（林禹成） - 列表页 - 操作 - 【进入质检】 - 右侧操作区域 - 编辑 - L1层 - 编辑 Episode - 【取消】/,我的质检（林禹成） - 列表页 - 操作 - 【进入质检】 - 右侧操作区域 - 编辑 - L1层 - 编辑 Episode - 【取消】 - 关闭不保存,系统已启动，用户已登录，存在可编辑的质检任务,"1. 打开我的质检列表页，点击操作中的【进入质检】
2. 在右侧操作区域点击【编辑】，选择L1层并编辑Episode
3. 点击【取消】并关闭页面","1. 进入质检页面，右侧显示操作区域
2. 成功打开编辑界面，可编辑Episode
3. 取消操作，未保存编辑内容，页面关闭无提示",1,3,功能测试,功能测试阶段
/我的质检（林禹成） - 列表页 - 操作 - 【进入质检】 - 右侧操作区域 - 编辑 - L1层 - 编辑 Episode - 【新建Episode】/【保存Episode】 - 新建/,我的质检（林禹成） - 列表页 - 操作 - 【进入质检】 - 右侧操作区域 - 编辑 - L1层 - 编辑 Episode - 【新建Episode】/【保存Episode】 - 新建 - 提示：“标注已创建”,系统已启动，用户已登录，已进入质检列表页并打开质检编辑界面，当前位于L1层,"1. 点击\""编辑 Episode\""\n2. 点击\""新建Episode\""\n3. 点击\""保存\",,1,1,功能测试,功能测试阶段
/我的质检（林禹成） - 列表页 - 操作 - 【进入质检】 - 右侧操作区域 - 编辑 - L1层 - 编辑 Episode - 【新建Episode】/【保存Episode】 - 新建/,我的质检（林禹成） - 列表页 - 操作 - 【进入质检】 - 右侧操作区域 - 编辑 - L1层 - 编辑 Episode - 【新建Episode】/【保存Episode】 - 新建 - 标注区域显示对应的标注区间长条和描述，点击回显数据可修改,系统已启动，用户已登录，并进入质检列表页面,"1. 点击【进入质检】
2. 在右侧操作区域点击编辑，选择L1层，编辑Episode，点击【新建Episode】
3. 在标注区域查看标注区间长条和描述，点击回显数据","1. 成功进入质检页面
2. 成功新建Episode，显示编辑界面
3. 标注区域正确显示标注区间长条和描述，点击回显数据后可修改",1,1,功能测试,功能测试阶段
/我的质检（林禹成） - 列表页 - 操作 - 【进入质检】 - 右侧操作区域 - 编辑 - L1层 - 编辑 Episode - 【新建Episode】/【保存Episode】 - 修改/,我的质检（林禹成） - 列表页 - 操作 - 【进入质检】 - 右侧操作区域 - 编辑 - L1层 - 编辑 Episode - 【新建Episode】/【保存Episode】 - 修改 - 提示：“标注已更新”,系统已启动，用户已登录，且质检列表页已打开,"1. 在质检列表页，点击操作列的“进入质检”按钮
2. 在右侧操作区域，点击“编辑”按钮进入L1层
3. 在Episode编辑界面，修改内容后点击保存","1. 成功进入质检详情页
2. 成功进入L1层编辑模式
3. 系统提示“标注已更新”",1,3,功能测试,功能测试阶段
/我的质检（林禹成） - 列表页 - 操作 - 【进入质检】 - 右侧操作区域 - 编辑 - L1层 - 编辑 Episode - 【新建Episode】/【保存Episode】 - 修改/,我的质检（林禹成） - 列表页 - 操作 - 【进入质检】 - 右侧操作区域 - 编辑 - L1层 - 编辑 Episode - 【新建Episode】/【保存Episode】 - 修改 - 标注区域显示修改后的标注区间长条和描述,系统已启动，用户已登录，且存在待质检任务,"1. 打开列表页，点击【进入质检】
2. 在右侧操作区域选择L1层，编辑Episode，点击【新建Episode】或【保存Episode】
3. 修改标注区间，保存","1. 成功进入质检页面，显示任务详情
2. 成功新建/保存Episode
3. 标注区域显示修改后的标注区间长条和描述",1,1,功能测试,功能测试阶段
/我的质检（林禹成） - 列表页 - 操作 - 【进入质检】 - 右侧操作区域 - 编辑 - 其他层 - 编辑标注 - *描述/,我的质检（林禹成） - 列表页 - 操作 - 【进入质检】 - 右侧操作区域 - 编辑 - 其他层 - 编辑标注 - *描述 - 单选,系统已启动，用户已登录，进入质检页面,"1. 点击列表页操作的【进入质检】
2. 在右侧操作区域点击【编辑】，选择【其他层】并点击【编辑标注】
3. 在描述字段中选择一个单选选项","1. 成功进入质检页面
2. 弹出编辑标注窗口，显示其他层内容
3. 描述字段单选选项被选中，显示正常",1,1,功能测试,功能测试阶段
/我的质检（林禹成） - 列表页 - 操作 - 【进入质检】 - 右侧操作区域 - 编辑 - 其他层 - 编辑标注 - *描述 - 方式/,我的质检（林禹成） - 列表页 - 操作 - 【进入质检】 - 右侧操作区域 - 编辑 - 其他层 - 编辑标注 - *描述 - 方式 - 可自行输入后，下拉选中,系统已启动，用户已登录，且存在质检任务,"1. 进入质检列表页，点击【进入质检】操作
2. 在右侧操作区域点击编辑按钮，选择其他层，点击编辑标注
3. 在描述字段，方式中自行输入内容后，从下拉列表中选择一个选项","1. 成功进入质检页面
2. 正确打开编辑标注界面
3. 输入内容后下拉列表正确显示并选中选项",1,1,功能测试,功能测试阶段
/我的质检（林禹成） - 列表页 - 操作 - 【进入质检】 - 右侧操作区域 - 编辑 - 其他层 - 编辑标注 - *描述 - 方式 - 下拉直接选择/,我的质检（林禹成） - 列表页 - 操作 - 【进入质检】 - 右侧操作区域 - 编辑 - 其他层 - 编辑标注 - *描述 - 方式 - 下拉直接选择 - 下拉数据为新增任务时所填写的“标注层级”的对应子节点,系统已启动，用户已登录，存在质检任务并已进入质检列表页,"1.
2.
3.
",,1,3,功能测试,功能测试阶段
/我的质检（林禹成） - 列表页 - 操作 - 【进入质检】 - 右侧操作区域 - 编辑 - 其他层 - 编辑标注 - *描述 - 方式 - 下拉直接选择/,我的质检（林禹成） - 列表页 - 操作 - 【进入质检】 - 右侧操作区域 - 编辑 - 其他层 - 编辑标注 - *描述 - 方式 - 下拉直接选择 - 未新增时，下拉为空,系统已启动，用户已登录，进入质检列表页,"1. 在右侧操作区域点击编辑
2. 在编辑弹窗中选择其他层，点击编辑标注
3. 点击描述字段的方式下拉框","1. 成功弹出编辑弹窗
2. 显示标注编辑界面
3. 下拉框展开，列表为空",1,3,功能测试,功能测试阶段
/我的质检（林禹成） - 列表页 - 操作 - 【进入质检】 - 右侧操作区域 - 编辑 - 其他层 - 编辑标注 - 标签/,我的质检（林禹成） - 列表页 - 操作 - 【进入质检】 - 右侧操作区域 - 编辑 - 其他层 - 编辑标注 - 标签 - 单选,系统已启动，用户已登录，存在质检任务，进入质检页面，右侧操作区域处于编辑状态，选择其他层，编辑标注，标签类型为单选,"1. 在标签编辑区域，点击单选标签选项
2. 选择一个单选选项
3. 点击保存或确认按钮","1. 单选标签选项被选中
2. 选中的选项显示为已选状态
3. 标签保存成功，标注内容更新",1,3,功能测试,功能测试阶段
/我的质检（林禹成） - 列表页 - 操作 - 【进入质检】 - 右侧操作区域 - 编辑 - 其他层 - 编辑标注 - 标签/,我的质检（林禹成） - 列表页 - 操作 - 【进入质检】 - 右侧操作区域 - 编辑 - 其他层 - 编辑标注 - 标签 - 下拉数据为：新增任务时所选择的“标签”,系统已启动，用户已登录，存在质检任务且任务中已选择标签,"1. 在列表页找到质检任务并点击【进入质检】
2. 在右侧操作区域点击【编辑】，选择【其他层】，点击【编辑标注】
3. 点击【标签】下拉框","1. 成功进入质检页面，显示任务详情
2. 成功打开编辑标注界面
3. 下拉框显示的数据与新增任务时所选择的标签一致",1,1,功能测试,功能测试阶段
/我的质检（林禹成） - 列表页 - 操作 - 【进入质检】 - 右侧操作区域 - 编辑 - 其他层 - 编辑标注 - 开始时间 - 标签的开始时间/,我的质检（林禹成） - 列表页 - 操作 - 【进入质检】 - 右侧操作区域 - 编辑 - 其他层 - 编辑标注 - 开始时间 - 标签的开始时间 - 可手动输入调整,系统已启动，用户已登录，并进入我的质检列表页面,"1. 在列表页点击操作，进入质检页面，在右侧操作区域点击编辑，选择其他层，点击编辑标注，找到开始时间输入框
2. 手动输入新的开始时间（如2025-01-01 10:00:00）
3. 点击保存或确认按钮","1. 成功定位到开始时间输入框，且输入框可编辑
2. 输入内容正确显示在输入框中
3. 系统成功更新标签的开始时间，并提示操作成功",1,1,功能测试,功能测试阶段
/我的质检（林禹成） - 列表页 - 操作 - 【进入质检】 - 右侧操作区域 - 编辑 - 其他层 - 编辑标注 - 开始时间 - 标签的开始时间/,我的质检（林禹成） - 列表页 - 操作 - 【进入质检】 - 右侧操作区域 - 编辑 - 其他层 - 编辑标注 - 开始时间 - 标签的开始时间 - 可标注页拖拽调整,系统已启动，用户已登录，已进入质检列表页,"1. 点击【进入质检】按钮进入质检页面
2. 在右侧操作区域点击【编辑】，选择其他层，点击【编辑标注】
3. 拖拽调整标签的开始时间","1. 成功进入质检页面
2. 切换到其他层，编辑标注功能可用
3. 标签开始时间随着拖拽更新",1,2,功能测试,功能测试阶段
/我的质检（林禹成） - 列表页 - 操作 - 【进入质检】 - 右侧操作区域 - 编辑 - 其他层 - 编辑标注 - 结束时间 - 标签的结束时间/,我的质检（林禹成） - 列表页 - 操作 - 【进入质检】 - 右侧操作区域 - 编辑 - 其他层 - 编辑标注 - 结束时间 - 标签的结束时间 - 可手动输入调整,用户已登录我的质检列表页，且存在质检任务,"1. 点击列表页中某个质检任务的操作按钮，选择【进入质检】
2. 在右侧操作区域点击【编辑】，选择其他层，点击【编辑标注】
3. 找到标签的结束时间输入框，手动输入调整后的时间","1. 成功进入质检详情页面，右侧显示操作区域
2. 进入标注编辑模式，显示其他层的标注内容
3. 结束时间输入框可编辑，手动输入后更新标签结束时间并保存",1,2,功能测试,功能测试阶段
/我的质检（林禹成） - 列表页 - 操作 - 【进入质检】 - 右侧操作区域 - 编辑 - 其他层 - 编辑标注 - 结束时间 - 标签的结束时间/,我的质检（林禹成） - 列表页 - 操作 - 【进入质检】 - 右侧操作区域 - 编辑 - 其他层 - 编辑标注 - 结束时间 - 标签的结束时间 - 可标注页拖拽调整,系统已启动，用户已登录，进入质检列表页，已选择一个质检任务进入质检页面,"1. 在质检页面右侧操作区域点击编辑，选择其他层
2. 在编辑标注界面找到结束时间标签，拖拽调整其位置
3. 释放拖拽","1. 成功进入编辑状态，显示其他层标注
2. 标签结束时间随拖拽移动
3. 标签结束时间更新到新位置，页面显示更新",1,2,功能测试,功能测试阶段
/我的质检（林禹成） - 列表页 - 操作 - 【进入质检】 - 右侧操作区域 - 编辑 - 其他层 - 编辑标注 - 【取消】/,我的质检（林禹成） - 列表页 - 操作 - 【进入质检】 - 右侧操作区域 - 编辑 - 其他层 - 编辑标注 - 【取消】 - 关闭不保存,系统已启动，用户已登录，质检列表页正常显示,"1. 在质检列表页找到对应任务，点击【进入质检】
2. 在右侧操作区域点击【编辑】，切换到其他层进行编辑标注
3. 点击【取消】，然后关闭页面不保存","1. 成功进入质检页面
2. 成功进入编辑标注界面
3. 取消编辑，未保存更改，返回质检列表页",1,3,功能测试,功能测试阶段
/我的质检（林禹成） - 列表页 - 操作 - 【进入质检】 - 右侧操作区域 - 编辑 - 其他层 - 编辑标注 - 【新建标注】/【保存标注】 - 新建/,我的质检（林禹成） - 列表页 - 操作 - 【进入质检】 - 右侧操作区域 - 编辑 - 其他层 - 编辑标注 - 【新建标注】/【保存标注】 - 新建 - 提示：“标注已创建”,系统已启动，用户已登录,"1. 进入质检列表页，找到对应质检项并点击“进入质检”
2. 在右侧操作区域点击“编辑”，选择其他层，点击“编辑标注”
3. 点击“新建标注”，输入标注内容并点击“保存标注”","1. 成功进入质检详情页
2. 成功打开标注编辑界面
3. 系统提示“标注已创建”",1,2,功能测试,功能测试阶段
/我的质检（林禹成） - 列表页 - 操作 - 【进入质检】 - 右侧操作区域 - 编辑 - 其他层 - 编辑标注 - 【新建标注】/【保存标注】 - 新建/,我的质检（林禹成） - 列表页 - 操作 - 【进入质检】 - 右侧操作区域 - 编辑 - 其他层 - 编辑标注 - 【新建标注】/【保存标注】 - 新建 - 标注区域显示对应的标注区间长条和描述，点击回显数据可修改,系统已启动，用户已登录，进入质检列表页,"1. 在列表页操作区域点击【进入质检】
2. 在右侧操作区域点击编辑，选择其他层，然后点击编辑标注，点击【新建标注】或【保存标注】，输入标注区间和描述并提交
3. 查看标注区域，点击回显数据","1. 成功进入质检页面
2. 标注新建/保存成功，无报错
3. 标注区域显示对应的标注区间长条和描述，点击回显数据可修改",1,3,功能测试,功能测试阶段
/我的质检（林禹成） - 列表页 - 操作 - 【进入质检】 - 右侧操作区域 - 编辑 - 其他层 - 编辑标注 - 【新建标注】/【保存标注】 - 修改/,我的质检（林禹成） - 列表页 - 操作 - 【进入质检】 - 右侧操作区域 - 编辑 - 其他层 - 编辑标注 - 【新建标注】/【保存标注】 - 修改 - 提示：“标注已更新”,用户已登录，已进入我的质检列表页,"1. 点击【进入质检】进入质检页面
2. 在右侧操作区域点击【编辑】，选择其他层后点击【编辑标注】
3. 修改标注内容后点击【保存标注】或【新建标注】","1. 成功进入质检页面，显示右侧操作区域
2. 编辑标注界面正常打开，可修改标注
3. 系统提示“标注已更新”",1,4,功能测试,功能测试阶段
/我的质检（林禹成） - 列表页 - 操作 - 【进入质检】 - 右侧操作区域 - 编辑 - 其他层 - 编辑标注 - 【新建标注】/【保存标注】 - 修改/,我的质检（林禹成） - 列表页 - 操作 - 【进入质检】 - 右侧操作区域 - 编辑 - 其他层 - 编辑标注 - 【新建标注】/【保存标注】 - 修改 - 标注区域显示修改后的标注区间长条和描述,系统已启动，用户已登录，且质检列表页存在可质检条目,"1. 在列表页点击操作中的【进入质检】
2. 在右侧操作区域点击【编辑】，选择其他层，点击【编辑标注】，新建或保存标注后修改标注
3. 查看标注区域","1. 成功进入质检页面，右侧显示操作区域
2. 编辑标注成功，修改无异常
3. 标注区域显示修改后的标注区间长条和描述",1,2,功能测试,功能测试阶段
/我的质检（林禹成） - 列表页 - 操作 - 【进入质检】 - 右侧操作区域 - 标注列表(X)/,我的质检（林禹成） - 列表页 - 操作 - 【进入质检】 - 右侧操作区域 - 标注列表(X) - X为标注的数量,系统已启动，用户已登录,"1. 打开质检列表页
2. 点击【进入质检】按钮
3. 观察右侧操作区域的标注列表","1. 列表页成功显示质检记录
2. 成功进入质检页面，右侧显示操作区域
3. 标注列表显示X个标注项",1,2,功能测试,功能测试阶段
"/我的质检（林禹成） - 列表页 - 操作 - 【进入质检】 - 右侧操作区域 - 标注列表(X) - 列表页展示L2层及以下（L3,L4...）保存标注的数据/","我的质检（林禹成） - 列表页 - 操作 - 【进入质检】 - 右侧操作区域 - 标注列表(X) - 列表页展示L2层及以下（L3,L4...）保存标注的数据 - 不展示L1层 Episode 的数据",系统已启动，用户已登录，进入质检页面，右侧操作区域显示标注列表(X),"1. 查看标注列表页
2. 检查是否包含L1层Episode数据
3. 确认展示L2层及以下层级数据","1. 列表页成功加载
2. 不展示L1层Episode数据
3. 展示L2层及以下（L3,L4...）保存标注的数据",1,2,功能测试,功能测试阶段
/我的质检（林禹成） - 列表页 - 操作 - 【进入质检】 - 右侧操作区域 - 标注列表(X) - 展示描述和标注开始的时间/,我的质检（林禹成） - 列表页 - 操作 - 【进入质检】 - 右侧操作区域 - 标注列表(X) - 展示描述和标注开始的时间 - 点击后，标注区域跳转到该标注的开始时间,系统已启动，用户已登录，质检列表页有数据,"1. 打开我的质检列表页并点击操作中的“进入质检”
2. 在右侧操作区域查看标注列表(X)，确认展示描述和标注开始时间
3. 点击该标注","1. 成功进入质检页面
2. 标注列表项显示正确的描述和开始时间
3. 标注区域跳转到该标注的开始时间",1,4,功能测试,功能测试阶段
/我的质检（林禹成） - 列表页 - 操作 - 【进入质检】 - 右侧操作区域 - 3D姿态信息/,我的质检（林禹成） - 列表页 - 操作 - 【进入质检】 - 右侧操作区域 - 3D姿态信息 - 可点击切换左臂、右臂、双臂，下拉框可选择，展示正常即可,系统已启动，用户已登录，已进入质检列表页并点击【进入质检】,"1. 在右侧操作区域点击下拉框展开选项
2. 依次点击切换左臂、右臂、双臂
3. 查看3D姿态展示情况","1. 下拉框可正常展开并选择
2. 点击后3D姿态对应显示左臂、右臂、双臂
3. 展示正常无异常",1,4,功能测试,功能测试阶段
/我的质检（林禹成） - 列表页 - 操作 - 【进入质检】 - 右侧操作区域 - 点云信息/,我的质检（林禹成） - 列表页 - 操作 - 【进入质检】 - 右侧操作区域 - 点云信息 - 下拉框可选择，展示正常即可,用户已登录并进入质检列表页，点击进入质检,"1. 打开质检页面
2. 查看右侧操作区域点云信息下拉框
3. 点击下拉框选择不同选项","1. 成功进入质检页面
2. 点云信息下拉框展示正常
3. 下拉框可选择，选项展示正确",1,1,功能测试,功能测试阶段
/我的质检（林禹成） - 列表页 - 操作 - 【进入质检】 - 【保存草稿】 - 提示：“草稿已保存”/,我的质检（林禹成） - 列表页 - 操作 - 【进入质检】 - 【保存草稿】 - 提示：“草稿已保存” - 返回后重新进入，所有的标注信息与保存草稿时一致,用户已登录，存在质检任务，且已完成部分标注,"1. 进入质检任务列表页，点击【进入质检】按钮
2. 在质检详情页进行标注操作，点击【保存草稿】按钮
3. 返回列表页，再次点击同一质检任务的【进入质检】按钮","1. 成功进入质检详情页
2. 系统弹出提示“草稿已保存”
3. 页面显示的标注信息与保存草稿时一致",1,2,功能测试,功能测试阶段
/我的质检（林禹成） - 列表页 - 操作 - 【进入质检】 - 【完成质检】/,我的质检（林禹成） - 列表页 - 操作 - 【进入质检】 - 【完成质检】 - 无二次确认，建议增加二次确认弹框,用户已登录，存在质检任务,"1. 打开列表页
2. 点击操作中的【进入质检】
3. 在质检页面点击【完成质检】","1. 列表页成功加载
2. 进入质检页面
3. 完成质检成功，无二次确认弹框",1,4,功能测试,功能测试阶段
/我的质检（林禹成） - 列表页 - 操作 - 【进入质检】 - 【完成质检】/,我的质检（林禹成） - 列表页 - 操作 - 【进入质检】 - 【完成质检】 - 无任何标注时，建议校验不允许提交完成,用户已登录且在质检列表页，存在待质检条目,"1. 点击【进入质检】按钮
2. 进入质检详情页，确保无任何标注
3. 点击【完成质检】按钮","1. 成功进入质检详情页
2. 页面无标注内容
3. 系统提示校验不通过，不允许提交完成",1,1,功能测试,功能测试阶段
/我的质检（林禹成） - 列表页 - 操作 - 【进入质检】 - 【完成质检】/,我的质检（林禹成） - 列表页 - 操作 - 【进入质检】 - 【完成质检】 - 提交完成质检成功，任务从质检列表页消失，任务可进行数据转换,系统已启动，用户已登录,"1. 进入质检列表页
2. 点击“进入质检”按钮
3. 点击“完成质检”并提交","1. 成功显示质检列表页
2. 进入质检详情页面
3. 提交成功，任务从列表页消失，任务可进行数据转换",1,1,功能测试,功能测试阶段
/我的质检（林禹成） - 列表页 - 操作 - 【进入质检】 - 【返回】/,我的质检（林禹成） - 列表页 - 操作 - 【进入质检】 - 【返回】 - 回到质检列表页，不进行保存,用户已登录，在质检列表页,"1. 在质检列表页，点击操作中的【进入质检】
2. 在质检详情页，点击【返回】","1. 成功进入质检详情页
2. 返回质检列表页，未进行任何保存操作",1,2,功能测试,功能测试阶段
/数据转换（封伟） - 左边栏模块进入“数据转换”/,数据转换（封伟） - 左边栏模块进入“数据转换” - 符合账号权限,系统已启动，用户已登录且具备相应权限,"1. 在左边栏模块中点击“数据转换”入口
2. 等待页面加载完成","1. 成功进入数据转换界面
2. 页面显示正常，无报错信息",1,2,功能测试,功能测试阶段
/数据转换（封伟）/,数据转换（封伟） - 数据来源：仅已质检的任务,系统已启动，用户已登录,"1. 打开数据转换页面
2. 选择数据来源为""仅已质检的任务""
3. 点击查询按钮","1. 成功打开数据转换页面
2. 数据来源选项正确显示为""仅已质检的任务""
3. 系统展示已质检任务的数据列表",1,2,功能测试,功能测试阶段
/数据转换（封伟） - 新建转换任务 - 选择任务 - 输入选择下拉框/,数据转换（封伟） - 新建转换任务 - 选择任务 - 输入选择下拉框 - 默认收起,系统已启动，用户已登录,"1. 打开数据转换页面
2. 点击新建转换任务
3. 查看选择任务的下拉框状态","1. 成功打开页面
2. 弹出新建任务对话框
3. 下拉框默认处于收起状态",1,1,功能测试,功能测试阶段
/数据转换（封伟） - 新建转换任务 - 选择任务 - 输入选择下拉框 - 点击展开/,数据转换（封伟） - 新建转换任务 - 选择任务 - 输入选择下拉框 - 点击展开 - 所有已质检的数据任务,系统已启动，用户已登录,"1. 打开数据转换页面并点击新建转换任务
2. 在任务选择下拉框中点击展开按钮
3. 查看下拉列表中的任务","1. 成功打开新建转换任务页面
2. 下拉框展开显示所有任务列表
3. 列表包含所有已质检的数据任务",1,4,功能测试,功能测试阶段
/数据转换（封伟） - 新建转换任务 - 选择任务 - 输入选择下拉框 - 点击展开/,数据转换（封伟） - 新建转换任务 - 选择任务 - 输入选择下拉框 - 点击展开 - 过滤掉已经转换成功的任务,系统已启动，用户已登录,"1. 打开数据转换功能页面
2. 点击选择任务下拉框的展开按钮
3. 输入过滤条件过滤已转换成功的任务","1. 成功打开页面
2. 下拉框展开显示任务列表
3. 列表只显示未转换成功的任务",1,3,功能测试,功能测试阶段
/数据转换（封伟） - 新建转换任务 - 选择任务 - 输入选择下拉框 - 点击展开/,数据转换（封伟） - 新建转换任务 - 选择任务 - 输入选择下拉框 - 点击展开 - 转换失败，取消任务可以正常显示,用户已登录并进入数据转换模块,"1. 新建转换任务
2. 选择任务下拉框并点击展开
3. 转换失败后点击取消任务","1. 成功打开新建转换任务界面
2. 下拉框展开并显示任务列表
3. 任务取消成功，界面恢复正常显示",1,3,功能测试,功能测试阶段
/数据转换（封伟） - 新建转换任务 - 选择任务 - 输入选择下拉框 - 收起展开切换无异常/,数据转换（封伟） - 新建转换任务 - 选择任务 - 输入选择下拉框 - 收起展开切换无异常 - 输入框可以输入支持模糊查询，检索任务名称,系统已启动，用户已登录,"1. 打开新建转换任务页面
2. 点击选择任务下拉框
3. 在输入框输入任务名称关键字进行模糊查询","1. 成功打开新建转换任务页面
2. 下拉框可正常展开和收起，无异常
3. 输入框支持模糊查询，检索到匹配的任务名称",1,3,功能测试,功能测试阶段
/数据转换（封伟） - 新建转换任务 - 选择任务 - 输入选择下拉框/,数据转换（封伟） - 新建转换任务 - 选择任务 - 输入选择下拉框 - 可以单选，多选,系统已启动，用户已登录，处于新建转换任务页面,"1. 点击选择任务下拉框
2. 选择单个任务选项
3. 再次点击下拉框，选择多个任务选项","1. 下拉框展开，显示任务列表
2. 单个选项被选中，其他选项未选中
3. 多个选项被选中，且前面有勾选标记",1,2,功能测试,功能测试阶段
/数据转换（封伟） - 新建转换任务 - 选择任务 - 全选勾选框/,数据转换（封伟） - 新建转换任务 - 选择任务 - 全选勾选框 - 回显质检完成的任务数量,系统已启动，用户已登录，存在质检完成的任务,"1. 进入数据转换模块，点击新建转换任务
2. 在选择任务界面，点击全选勾选框
3. 查看回显的任务数量","1. 成功进入新建任务页面
2. 所有任务被选中，全选框状态变为已选
3. 页面显示质检完成的任务数量",1,2,功能测试,功能测试阶段
/数据转换（封伟） - 新建转换任务 - 选择任务 - 全选勾选框/,数据转换（封伟） - 新建转换任务 - 选择任务 - 全选勾选框 - 回显勾选数量,系统已启动，用户已登录，进入数据转换模块的新建转换任务页面，存在任务列表,"1. 点击全选勾选框
2. 查看已选数量显示区域","1. 所有任务项均被勾选
2. 显示已选数量等于总任务数量",1,3,功能测试,功能测试阶段
/数据转换（封伟） - 新建转换任务 - 选择任务 - 全选勾选框/,数据转换（封伟） - 新建转换任务 - 选择任务 - 全选勾选框 - 点击勾选则选择所有任务,系统已启动，用户已登录，进入数据转换模块，新建转换任务，在选择任务页面,"1. 点击全选勾选框
2. 查看所有任务列表项的勾选状态","1. 全选勾选框变为选中状态
2. 所有任务列表项均被勾选",1,4,功能测试,功能测试阶段
/数据转换（封伟） - 新建转换任务 - 质量标签/,数据转换（封伟） - 新建转换任务 - 质量标签 - 自动带入任务中的标签信息,系统已启动，用户已登录,"1. 进入数据转换模块
2. 选择新建转换任务
3. 查看质量标签字段","1. 成功进入数据转换模块
2. 新建任务页面正常显示
3. 质量标签自动带入任务中的标签信息",1,1,功能测试,功能测试阶段
/数据转换（封伟） - 新建转换任务 - 质量标签/,数据转换（封伟） - 新建转换任务 - 质量标签 - 可以修改,系统已启动，用户已登录,"1. 打开数据转换页面并新建转换任务
2. 选择质量标签并进行修改
3. 点击保存按钮","1. 成功打开页面并新建任务
2. 质量标签修改成功
3. 任务保存成功，标签更新",1,1,功能测试,功能测试阶段
/数据转换（封伟） - 新建转换任务 - 质量标签/,数据转换（封伟） - 新建转换任务 - 质量标签 - 转换时会根据所选质量标签,系统已启动，用户已登录，存在可用的数据转换配置,"1. 打开新建转换任务页面
2. 选择指定的质量标签
3. 点击执行转换","1. 页面正确显示新建转换任务表单
2. 所选质量标签显示在任务配置中
3. 转换执行成功，结果数据根据质量标签进行过滤或处理",1,1,功能测试,功能测试阶段
/数据转换（封伟） - 新建转换任务 - 质量标签/,数据转换（封伟） - 新建转换任务 - 质量标签 - 如果不选，就是标注那边所有的标签，包括质量标签,系统已启动，用户已登录，存在标注任务包含质量标签和其他标签,"1. 打开数据转换页面，点击新建转换任务
2. 在质量标签选择处，不选择任何标签
3. 点击下一步或查看标签列表","1. 成功打开新建任务页面
2. 质量标签选择框为空
3. 系统显示所有标注标签（包括质量标签）可供选择",1,3,功能测试,功能测试阶段
/数据转换（封伟） - 新建转换任务 - 质量标签/,数据转换（封伟） - 新建转换任务 - 质量标签 - 如果选了，就按照标注所选的标签过滤,系统已启动，用户已登录,"1. 打开数据转换功能页面
2. 选择质量标签选项
3. 点击新建转换任务","1. 成功打开页面
2. 质量标签选项可用
3. 任务列表根据所选标签过滤显示",1,3,功能测试,功能测试阶段
/数据转换（封伟） - 新建转换任务 - 目标格式 - leRobotV2/,数据转换（封伟） - 新建转换任务 - 目标格式 - leRobotV2 - 默认选择,系统已启动，用户已登录,"1. 打开数据转换功能页面
2. 点击新建转换任务
3. 查看目标格式下拉框的默认选项","1. 成功打开数据转换页面
2. 弹出新建任务对话框
3. 目标格式默认选中leRobotV2",1,2,功能测试,功能测试阶段
/数据转换（封伟） - 新建转换任务 - 目标格式 - leRobotV2/,数据转换（封伟） - 新建转换任务 - 目标格式 - leRobotV2 - 必选,系统已启动，用户已登录,"1. 进入数据转换模块，点击新建转换任务
2. 在目标格式下拉框中选择“leRobotV2”
3. 填写所有必选字段，点击提交按钮","1. 成功打开新建转换任务页面
2. 目标格式正确显示为leRobotV2
3. 系统提示“转换任务创建成功”并返回任务列表",1,2,功能测试,功能测试阶段
/数据转换（封伟） - 新建转换任务 - 目标格式 - leRobotV2/,数据转换（封伟） - 新建转换任务 - 目标格式 - leRobotV2 - 选中高亮,系统已启动，用户已登录，进入数据转换功能页面,"1. 点击""新建转换任务""按钮
2. 在目标格式下拉列表中选择""leRobotV2""
3. 观察目标格式选项的显示状态","1. 成功打开新建转换任务窗口
2. ""leRobotV2""选项被选中
3. ""leRobotV2""选项高亮显示",1,2,功能测试,功能测试阶段
/数据转换（封伟） - 新建转换任务 - 目标格式/,数据转换（封伟） - 新建转换任务 - 目标格式 - leRobotV3,系统已启动，用户已登录,"1. 进入数据转换页面
2. 点击新建转换任务
3. 选择目标格式为leRobotV3","1. 成功进入数据转换页面
2. 弹出新建任务窗口
3. 目标格式成功选择leRobotV3",1,3,功能测试,功能测试阶段
/数据转换（封伟） - 新建转换任务 - 目标格式/,数据转换（封伟） - 新建转换任务 - 目标格式 - 二选一，切换选项时高亮样式实时变化,系统已启动，用户已登录，进入新建转换任务页面，目标格式选项有A和B两个，默认A高亮,"1. 点击未选中的目标格式选项B
2. 观察被点击选项B的样式
3. 观察原选中选项A的样式","1. 选项B变为高亮样式
2. 选项A恢复为普通样式
3. 样式切换实时无延迟",1,4,功能测试,功能测试阶段
/数据转换（封伟） - 新建转换任务 - 开始转换/,数据转换（封伟） - 新建转换任务 - 开始转换 - 校验必选项,系统已启动，用户已登录,"1. 打开数据转换页面
2. 新建转换任务
3. 点击开始转换（不填写必选项）","1. 成功打开页面
2. 任务创建成功
3. 系统提示必选项未填写或校验失败",1,3,功能测试,功能测试阶段
/数据转换（封伟） - 新建转换任务 - 开始转换 - 点击后开始转换/,数据转换（封伟） - 新建转换任务 - 开始转换 - 点击后开始转换 - 刷新正在转换列表，新增对应转换数据,系统已启动，用户已登录,"1. 新建转换任务
2. 点击开始转换按钮
3. 刷新正在转换列表","1. 转换任务创建成功
2. 任务状态变为转换中
3. 列表中新增对应转换数据",1,2,功能测试,功能测试阶段
/数据转换（封伟） - 正在转换 - “刷新”按钮/,数据转换（封伟） - 正在转换 - “刷新”按钮 - 实时拉取最新 Job 状态、进度；,系统已启动，用户已登录，存在正在转换的数据转换任务,"1. 进入数据转换任务管理页面
2. 点击正在转换任务对应的“刷新”按钮
3. 观察任务状态和进度变化","1. 页面显示正在转换的任务
2. 系统发起请求拉取最新Job状态
3. 任务状态和进度实时更新为最新信息",1,4,功能测试,功能测试阶段
/数据转换（封伟） - 正在转换 - 转换列表/,数据转换（封伟） - 正在转换 - 转换列表 - 批次ID,系统已启动，用户已登录，存在正在转换的批次,"1. 打开数据转换页面
2. 点击“正在转换”标签
3. 查看转换列表中的批次ID","1. 页面加载成功
2. 显示正在转换的批次列表
3. 批次ID正确显示",1,2,功能测试,功能测试阶段
/数据转换（封伟） - 正在转换 - 转换列表/,数据转换（封伟） - 正在转换 - 转换列表 - task no,系统已启动，用户已登录，存在正在转换的任务,"1. 进入数据转换模块
2. 查看正在转换的转换列表
3. 在列表中查找 task no 对应的任务","1. 成功进入数据转换模块
2. 页面显示正在转换的任务列表
3. 列表中存在该 task no 的任务，状态为“正在转换”",1,1,功能测试,功能测试阶段
/数据转换（封伟） - 正在转换 - 转换列表/,数据转换（封伟） - 正在转换 - 转换列表 - 任务名称,系统已启动，用户已登录，存在正在转换的数据转换任务,"1. 进入数据转换页面
2. 点击“正在转换”标签
3. 查看转换列表中的任务名称","1. 成功进入数据转换页面
2. 显示正在转换的任务列表
3. 列表中任务名称显示正确，与创建时一致",1,2,功能测试,功能测试阶段
/数据转换（封伟） - 正在转换 - 转换列表/,数据转换（封伟） - 正在转换 - 转换列表 - 目标格式,系统已启动，用户已登录,"1. 进入数据转换页面
2. 点击“正在转换”选项卡
3. 查看转换列表中的目标格式","1. 成功进入数据转换页面
2. 显示正在转换的转换列表
3. 列表中每项的目标格式正确显示",1,4,功能测试,功能测试阶段
/数据转换（封伟） - 正在转换 - 转换列表 - 进度/,数据转换（封伟） - 正在转换 - 转换列表 - 进度 - 最好能给出失败原因,系统已启动，用户已登录，且存在正在进行的数据转换任务,"1. 进入数据转换功能页面
2. 查看转换列表中的“正在转换”状态的任务
3. 点击查看进度详情","1. 页面显示所有正在进行的数据转换任务
2. 正确显示每个任务的进度条或百分比
3. 对于失败的任务，显示失败原因",1,1,功能测试,功能测试阶段
/数据转换（封伟） - 正在转换 - 转换列表/,数据转换（封伟） - 正在转换 - 转换列表 - 任务创建人,系统已启动，用户已登录,"1. 打开数据转换功能页面
2. 点击“正在转换”选项卡
3. 查看转换列表中“任务创建人”字段","1. 成功打开数据转换页面
2. 显示所有正在转换的任务列表
3. 每个任务的“任务创建人”字段显示正确的创建人名称",1,1,功能测试,功能测试阶段
/数据转换（封伟） - 正在转换 - 转换列表/,数据转换（封伟） - 正在转换 - 转换列表 - 转换人,"系统已启动，用户已登录，存在正在转换的任务且转换人为""封伟""","1. 打开数据转换页面
2. 查看转换列表
3. 查看转换人字段","1. 成功打开数据转换页面
2. 显示转换列表，包含正在转换的任务
3. 转换人字段显示为""封伟""",1,1,功能测试,功能测试阶段
/数据转换（封伟） - 正在转换 - 转换列表/,数据转换（封伟） - 正在转换 - 转换列表 - 任务创建时间,系统已启动，用户已登录，存在正在转换的数据转换任务,"1. 打开数据转换页面
2. 点击“正在转换”标签
3. 查看转换列表中的任务创建时间","1. 成功打开数据转换页面
2. 成功切换到正在转换列表
3. 正确显示任务的创建时间",1,2,功能测试,功能测试阶段
/数据转换（封伟） - 正在转换 - 转换列表/,数据转换（封伟） - 正在转换 - 转换列表 - 导出时间,系统已启动，用户已登录，存在正在转换的任务,"1. 打开数据转换页面
2. 点击“正在转换”标签
3. 点击“导出时间”按钮","1. 成功打开数据转换页面
2. 显示正在转换的任务列表
3. 系统导出时间数据并提示导出成功",1,2,功能测试,功能测试阶段
/数据转换（封伟） - 正在转换 - 转换列表 - 操作 - 取消/,数据转换（封伟） - 正在转换 - 转换列表 - 操作 - 取消 - 点击之后该条任务移除列表,系统已启动，用户已登录，数据转换页面存在正在转换的任务,"1. 打开数据转换页面，查看正在转换列表
2. 点击某条正在转换任务的“取消”按钮
3. 确认取消操作","1. 列表显示正在转换的任务
2. 系统提示取消成功
3. 该任务从转换列表中移除",1,1,功能测试,功能测试阶段
/数据转换（封伟） - 正在转换 - 转换列表 - 操作 - 建议可以增加失败的重新转换，删除等功能，防止列表数据冗余/,数据转换（封伟） - 正在转换 - 转换列表 - 操作 - 建议可以增加失败的重新转换，删除等功能，防止列表数据冗余 - 转换失败的临时文件可手动清理，释放存储空间,系统已启动，用户已登录，存在转换失败的临时文件,"1. 进入转换列表页面
2. 选择转换失败的任务
3. 点击删除或清理按钮","1. 成功进入页面
2. 任务被选中
3. 临时文件被删除，列表更新",1,3,功能测试,功能测试阶段
/数据转换（封伟） - 正在转换/,数据转换（封伟） - 正在转换 - 成功后刷新已转换列表，数据流转到已转换列表,系统已启动，用户已登录，存在正在转换的数据,"1. 打开正在转换列表
2. 等待数据转换完成
3. 刷新已转换列表","1. 正在转换列表显示数据
2. 数据状态变为成功
3. 已转换列表中出现该数据",1,3,功能测试,功能测试阶段
/数据转换（封伟） - 已转换 - “刷新”按钮/,数据转换（封伟） - 已转换 - “刷新”按钮 - 实时拉取最新 Job 状态、进度；,系统已启动，用户已登录,"1. 进入数据转换页面
2. 选择一个状态为“已转换”的Job
3. 点击“刷新”按钮","1. 页面显示“已转换”Job列表
2. 所选Job状态显示“已转换”
3. 系统实时拉取最新Job状态和进度，并更新显示",1,4,功能测试,功能测试阶段
/数据转换（封伟） - 已转换 - 转换列表/,数据转换（封伟） - 已转换 - 转换列表 - 批次ID,系统已登录，进入数据转换页面,"1. 打开数据转换模块
2. 点击“已转换”标签
3. 查看转换列表中的批次ID列","1. 成功打开数据转换页面
2. 显示已转换的转换列表
3. 列表中每条记录显示对应的批次ID",1,2,功能测试,功能测试阶段
/数据转换（封伟） - 已转换 - 转换列表/,数据转换（封伟） - 已转换 - 转换列表 - task no,系统已启动，用户已登录,"1. 进入数据转换模块
2. 点击“已转换”标签
3. 在转换列表中查找指定task no","1. 成功进入数据转换页面
2. 显示已转换列表
3. 列表中显示对应task no的记录",1,1,功能测试,功能测试阶段
/数据转换（封伟） - 已转换 - 转换列表/,数据转换（封伟） - 已转换 - 转换列表 - 任务名称,系统已启动，用户已登录,"1. 进入数据转换模块
2. 点击“已转换”标签
3. 查看转换列表中的任务名称","1. 成功进入数据转换模块
2. 显示已转换列表
3. 列表显示正确的任务名称",1,3,功能测试,功能测试阶段
/数据转换（封伟） - 已转换 - 转换列表/,数据转换（封伟） - 已转换 - 转换列表 - 目标格式,系统已启动，用户已登录，存在已转换的数据转换任务,"1. 点击“已转换”标签
2. 在转换列表中点击“目标格式”列下的某一行
3. 查看弹窗信息","1. 页面切换到已转换列表
2. 系统响应点击，显示目标格式详情
3. 弹窗正确显示目标格式",1,1,功能测试,功能测试阶段
/数据转换（封伟） - 已转换 - 转换列表 - 进度/,数据转换（封伟） - 已转换 - 转换列表 - 进度 - 最好能给出失败原因,系统已启动，用户已登录,"1. 进入数据转换页面
2. 查看已转换列表
3. 点击某个转换任务的进度","1. 成功进入数据转换页面
2. 显示已转换任务列表
3. 显示进度信息，最好能包含失败原因",1,3,功能测试,功能测试阶段
/数据转换（封伟） - 已转换 - 转换列表/,数据转换（封伟） - 已转换 - 转换列表 - 任务创建人,用户已登录，系统已启动，存在已转换任务且创建人为封伟,"1. 进入数据转换模块，点击“已转换”标签
2. 查看转换列表
3. 检查任务创建人列","1. 页面显示已转换任务列表
2. 列表正常加载，无报错
3. 任务创建人显示为“封伟”",1,4,功能测试,功能测试阶段
/数据转换（封伟） - 已转换 - 转换列表/,数据转换（封伟） - 已转换 - 转换列表 - 转换人,系统已启动，用户已登录，存在已转换的数据,"1. 打开数据转换页面
2. 切换到“已转换”选项卡
3. 查看转换列表中的转换人信息","1. 页面正常显示
2. 已转换列表正确加载
3. 转换人字段显示为正确的人员姓名",1,4,功能测试,功能测试阶段
/数据转换（封伟） - 已转换 - 转换列表/,数据转换（封伟） - 已转换 - 转换列表 - 任务创建时间,系统已启动，用户已登录，存在已转换的数据转换任务,"1. 进入数据转换模块，点击“已转换”标签
2. 在列表中找到一条任务记录
3. 查看该任务的“任务创建时间”字段","1. 成功切换到“已转换”列表视图
2. 列表正确显示多条任务记录
3. 该任务的创建时间显示为预期格式（如YYYY-MM-DD HH:mm:ss）",1,2,功能测试,功能测试阶段
/数据转换（封伟） - 已转换 - 转换列表/,数据转换（封伟） - 已转换 - 转换列表 - 导出时间,系统已启动，用户已登录，已进入数据转换-已转换列表页面,"1. 点击导出按钮
2. 选择导出时间选项
3. 点击确认导出","1. 弹出导出选项菜单
2. 系统开始导出时间数据
3. 导出完成并提示导出成功",1,4,功能测试,功能测试阶段
/数据转换（封伟） - 已转换 - 转换列表 - 操作/,数据转换（封伟） - 已转换 - 转换列表 - 操作 - 建议可以增加失败的重新转换，删除等功能，防止列表数据冗余,系统已启动，用户已登录，存在转换失败和冗余数据,"1. 进入已转换列表
2. 点击转换失败数据的重新转换按钮
3. 点击冗余数据的删除按钮","1. 成功显示已转换列表
2. 重新转换执行成功，状态更新
3. 冗余数据被成功删除，列表不再显示",1,1,功能测试,功能测试阶段
/数据转换（封伟） - 已转换/,数据转换（封伟） - 已转换 - 成功转换的数据可以在数据可视化模块查询,系统已启动，用户已登录，且已有成功转换的数据,"1. 进入数据可视化模块
2. 输入查询条件（如数据ID或名称）
3. 点击查询按钮","1. 成功打开数据可视化模块页面
2. 查询条件正确输入
3. 系统成功显示已转换的数据",1,4,功能测试,功能测试阶段
/数据可视化（封伟） - 左边栏模块进入“数据可视化”/,数据可视化（封伟） - 左边栏模块进入“数据可视化” - 符合账号权限,系统已启动，用户已登录且具有数据可视化权限,"1. 点击左边栏的“数据可视化”模块
2. 等待页面加载","1. 成功跳转到数据可视化页面
2. 页面显示正常，无报错",1,4,功能测试,功能测试阶段
/数据可视化（封伟） - 标题文案/,数据可视化（封伟） - 标题文案 - 标题：数据可视化,系统已启动，用户已登录,"1. 打开数据可视化页面
2. 查看页面标题","1. 成功打开数据可视化页面
2. 页面标题显示为'数据可视化'",1,3,功能测试,功能测试阶段
/数据可视化（封伟） - 标题文案/,数据可视化（封伟） - 标题文案 - 副标题：按分类浏览已转换的数据集,系统已启动，用户已登录，已存在已转换的数据集,"1. 进入数据可视化页面
2. 查看标题文案
3. 查看副标题","1. 成功进入数据可视化页面
2. 标题文案显示正确
3. 副标题显示为“按分类浏览已转换的数据集”",1,3,功能测试,功能测试阶段
/数据可视化（封伟） - 列表 - 空数据场景/,数据可视化（封伟） - 列表 - 空数据场景 - 空白提示,系统已启动，用户已登录，且列表无数据,"1. 打开数据可视化列表页面。
2. 查看列表内容。","1. 成功打开列表页面。
2. 列表区域显示空白提示信息（如“暂无数据”）。",1,1,功能测试,功能测试阶段
/数据可视化（封伟） - 列表 - 页面初始化加载/,数据可视化（封伟） - 列表 - 页面初始化加载 - cover封面图,系统已启动，用户已登录,"1. 打开数据可视化列表页面
2. 观察页面加载时的封面图显示
3. 等待页面加载完成","1. 页面正常打开
2. 封面图正确显示
3. 页面加载完成后封面图正常展示",1,1,功能测试,功能测试阶段
/数据可视化（封伟） - 列表 - 页面初始化加载/,数据可视化（封伟） - 列表 - 页面初始化加载 - 自适应布局,系统已启动，用户已登录，且进入数据可视化列表页面,"1. 打开数据可视化列表页面
2. 调整浏览器窗口大小（如缩小或放大）
3. 观察页面布局变化","1. 页面成功加载，显示列表数据
2. 窗口大小变化时，列表布局自适应调整，无滚动条异常
3. 页面元素正常显示，无重叠或错位",1,1,功能测试,功能测试阶段
/数据可视化（封伟） - 列表 - 页面初始化加载 - hover视频播放 - 鼠标移入卡片封面区域：自动加载并播放对应分类下的预览视频/,数据可视化（封伟） - 列表 - 页面初始化加载 - hover视频播放 - 鼠标移入卡片封面区域：自动加载并播放对应分类下的预览视频 - 视频正常播放无卡顿,系统已启动，用户已登录,"1. 打开数据可视化列表页面
2. 将鼠标移入卡片封面区域
3. 观察视频加载和播放情况","1. 页面正常加载显示卡片列表
2. 鼠标移入后，自动加载并播放对应分类下的预览视频
3. 视频正常播放，无卡顿现象",1,4,功能测试,功能测试阶段
/数据可视化（封伟） - 列表 - 页面初始化加载 - hover视频播放 - 鼠标移出卡片：视频立刻暂停、画面切回静态 cover 封面/,数据可视化（封伟） - 列表 - 页面初始化加载 - hover视频播放 - 鼠标移出卡片：视频立刻暂停、画面切回静态 cover 封面 - 展示正常,系统已启动，用户已登录,"1. 打开数据可视化列表页面
2. 鼠标悬停在有视频封面的卡片上
3. 鼠标移出卡片","1. 页面初始化加载正常，列表展示卡片
2. 视频开始播放
3. 视频立刻暂停，画面切回静态 cover 封面",1,3,功能测试,功能测试阶段
/数据可视化（封伟） - 列表 - 页面初始化加载 - hover视频播放/,数据可视化（封伟） - 列表 - 页面初始化加载 - hover视频播放 - 来回切换展示正常,系统已启动，用户已登录，数据可视化页面已加载,"1. 打开数据可视化列表页面
2. 将鼠标悬停到第一个视频上
3. 再将鼠标悬停到第二个视频上","1. 页面成功加载，列表显示正常
2. 第一个视频开始播放
3. 第二个视频开始播放，第一个视频停止播放或恢复为静态",1,4,功能测试,功能测试阶段
/数据可视化（封伟） - 列表 - 页面初始化加载 - 底部文案校验 - 分类名称、样本总数、视频总数、更新时间格式YYYY - MM/,数据可视化（封伟） - 列表 - 页面初始化加载 - 底部文案校验 - 分类名称、样本总数、视频总数、更新时间格式YYYY - MM - DD HH:MM,系统已启动，用户已登录,"1. 打开数据可视化列表页面
2. 查看页面底部文案
3. 检查分类名称、样本总数、视频总数、更新时间格式","1. 页面加载成功
2. 底部文案显示完整
3. 分类名称正确，样本总数、视频总数显示数字，更新时间格式为YYYY-MM-DD HH:MM",1,3,功能测试,功能测试阶段
/数据可视化（封伟） - 列表 - 页面初始化加载 - 点击视频进入视频分类 - 数据检索输入框/,数据可视化（封伟） - 列表 - 页面初始化加载 - 点击视频进入视频分类 - 数据检索输入框 - 占位符校验：提示文字【输入关键词后按回车】,系统已启动，用户已登录,"1. 进入数据可视化列表页面
2. 点击一个视频进入视频分类
3. 查看数据检索输入框的占位符文本","1. 成功进入列表页面
2. 进入对应视频分类页面
3. 输入框显示占位符“输入关键词后按回车”",1,3,功能测试,功能测试阶段
/数据可视化（封伟） - 列表 - 页面初始化加载 - 点击视频进入视频分类 - 数据检索输入框 - 检索逻辑/,数据可视化（封伟） - 列表 - 页面初始化加载 - 点击视频进入视频分类 - 数据检索输入框 - 检索逻辑 - 输入完整分类名，精准匹配卡片；,系统已启动，用户已登录，已进入数据可视化列表页面，并通过点击视频进入了视频分类页面,"1. 在数据检索输入框中输入完整的分类名
2. 触发检索（如点击搜索按钮或按下回车）
3. 观察卡片列表显示结果","1. 输入框显示输入的分类名
2. 页面只显示与输入分类名精准匹配的卡片，其他卡片隐藏
3. 系统无报错，检索响应正常",1,1,功能测试,功能测试阶段
/数据可视化（封伟） - 列表 - 页面初始化加载 - 点击视频进入视频分类 - 数据检索输入框 - 检索逻辑/,数据可视化（封伟） - 列表 - 页面初始化加载 - 点击视频进入视频分类 - 数据检索输入框 - 检索逻辑 - 输入部分关键词，模糊匹配对应分类；,系统已启动，用户已登录，位于数据可视化列表页面，点击视频进入视频分类页面，数据检索输入框可见,"1. 在数据检索输入框中输入部分关键词
2. 观察检索结果","1. 输入的关键词显示在输入框中
2. 系统展示匹配该关键词的模糊分类结果",1,3,功能测试,功能测试阶段
/数据可视化（封伟） - 列表 - 页面初始化加载 - 点击视频进入视频分类 - 数据检索输入框 - 检索逻辑/,数据可视化（封伟） - 列表 - 页面初始化加载 - 点击视频进入视频分类 - 数据检索输入框 - 检索逻辑 - 清空输入框，自动恢复展示全部分类卡片；,用户已登录，数据可视化页面已打开，已点击视频进入视频分类页面,"1. 在数据检索输入框中输入检索词
2. 查看检索结果
3. 清空输入框","1. 页面展示符合检索词的卡片
2. 检索结果正确显示
3. 页面自动恢复展示全部分类卡片",1,1,功能测试,功能测试阶段
/数据可视化（封伟） - 列表 - 页面初始化加载 - 点击视频进入视频分类 - 数据检索输入框 - 检索逻辑/,数据可视化（封伟） - 列表 - 页面初始化加载 - 点击视频进入视频分类 - 数据检索输入框 - 检索逻辑 - 支持中英文、数字、特殊标签检索，无检索乱码,系统已启动，用户已登录，进入视频分类页面,"1. 在数据检索输入框中输入中英文、数字和特殊标签（如@#￥%等）
2. 点击检索按钮或按回车键
3. 观察检索结果","1. 输入框正常显示输入内容，无乱码
2. 系统执行检索
3. 检索结果正确显示，无乱码",1,3,功能测试,功能测试阶段
/数据可视化（封伟） - 列表 - 页面初始化加载 - 点击视频进入视频分类 - 全选当前页/,数据可视化（封伟） - 列表 - 页面初始化加载 - 点击视频进入视频分类 - 全选当前页 - 点击勾选全选当前页,系统已启动，用户已登录,"1. 进入数据可视化列表页面
2. 点击视频进入视频分类
3. 点击全选当前页并勾选","1. 页面初始化加载成功
2. 成功进入视频分类页面
3. 当前页所有项被选中",1,2,功能测试,功能测试阶段
/数据可视化（封伟） - 列表 - 页面初始化加载 - 点击视频进入视频分类 - 全选当前页/,数据可视化（封伟） - 列表 - 页面初始化加载 - 点击视频进入视频分类 - 全选当前页 - 取消则不选中,系统已启动，用户已登录，已进入数据可视化列表页面，且已点击视频进入视频分类页面,"1. 进入视频分类页面
2. 点击全选按钮
3. 点击取消全选按钮","1. 成功显示视频分类列表
2. 当前页所有视频被选中
3. 当前页所有视频取消选中",1,3,功能测试,功能测试阶段
/数据可视化（封伟） - 列表 - 页面初始化加载 - 点击视频进入视频分类 - 全选当前页/,数据可视化（封伟） - 列表 - 页面初始化加载 - 点击视频进入视频分类 - 全选当前页 - 切换无异常,系统已启动，用户已登录,"1. 进入数据可视化列表页面，点击视频进入视频分类
2. 点击全选当前页
3. 执行切换操作（如切换分类或翻页）","1. 成功进入视频分类页面
2. 当前页所有视频被选中
3. 切换操作正常，无异常（如选中状态正确或提示信息）",1,4,功能测试,功能测试阶段
/数据可视化（封伟） - 列表 - 页面初始化加载 - 点击视频进入视频分类 - 批量导出/,数据可视化（封伟） - 列表 - 页面初始化加载 - 点击视频进入视频分类 - 批量导出 - 所选数量小于1，置灰,系统已启动，用户已登录，进入数据可视化列表页面，并已点击视频进入视频分类页面,"1. 在视频分类页面，不选择任何数据项（所选数量小于1）
2. 点击批量导出按钮","1. 批量导出按钮处于置灰状态，不可点击
2. 页面无任何导出操作发生",1,3,功能测试,功能测试阶段
/数据可视化（封伟） - 列表 - 页面初始化加载 - 点击视频进入视频分类 - 批量导出/,数据可视化（封伟） - 列表 - 页面初始化加载 - 点击视频进入视频分类 - 批量导出 - 所选数量大于≥1时，高亮可选,系统已启动，用户已登录，进入数据可视化列表页面，已通过点击视频进入视频分类,"1. 在视频分类列表中勾选至少1个视频
2. 点击批量导出按钮
3. 观察批量导出按钮状态","1. 勾选至少1个视频后，复选框显示为选中状态
2. 批量导出按钮变为高亮（可选）
3. 按钮可点击",1,4,功能测试,功能测试阶段
/数据可视化（封伟） - 列表 - 页面初始化加载 - 点击视频进入视频分类 - 批量导出/,数据可视化（封伟） - 列表 - 页面初始化加载 - 点击视频进入视频分类 - 批量导出 - 点击后导入数据到本地,系统已启动，用户已登录,"1. 进入数据可视化列表页面，点击视频进入视频分类
2. 在视频分类页面点击批量导出
3. 点击后导入数据到本地","1. 成功进入视频分类页面
2. 系统提示导出成功并生成文件
3. 数据成功导入到本地",1,3,功能测试,功能测试阶段
/数据可视化（封伟） - 列表 - 页面初始化加载 - 点击视频进入视频分类 - 列表 - 页面初始化加载，所选分类进入的对应数据/,数据可视化（封伟） - 列表 - 页面初始化加载 - 点击视频进入视频分类 - 列表 - 页面初始化加载，所选分类进入的对应数据 - cover封面图,系统已启动，用户已登录,"1. 打开数据可视化页面
2. 点击视频进入视频分类
3. 进入视频分类列表页面","1. 页面成功加载
2. 成功进入视频分类
3. 列表显示所选分类对应的数据，封面图正确显示",1,1,功能测试,功能测试阶段
/数据可视化（封伟） - 列表 - 页面初始化加载 - 点击视频进入视频分类 - 列表 - 页面初始化加载，所选分类进入的对应数据/,数据可视化（封伟） - 列表 - 页面初始化加载 - 点击视频进入视频分类 - 列表 - 页面初始化加载，所选分类进入的对应数据 - 自适应布局,系统已启动，用户已登录，数据可视化列表页面已打开,"1. 点击视频分类中的视频条目
2. 观察页面跳转到对应的视频分类列表页面
3. 检查页面布局是否自适应","1. 页面跳转到视频分类列表页面
2. 列表显示所选分类对应的数据
3. 页面布局根据屏幕大小自适应调整",1,4,功能测试,功能测试阶段
/数据可视化（封伟） - 列表 - 页面初始化加载 - 点击视频进入视频分类 - 列表 - 页面初始化加载，所选分类进入的对应数据 - hover视频播放 - 鼠标移入卡片封面区域：自动加载并播放对应分类下的预览视频/,数据可视化（封伟） - 列表 - 页面初始化加载 - 点击视频进入视频分类 - 列表 - 页面初始化加载，所选分类进入的对应数据 - hover视频播放 - 鼠标移入卡片封面区域：自动加载并播放对应分类下的预览视频 - 视频正常播放无卡顿,系统已启动，用户已登录，进入数据可视化列表页面,"1. 点击视频分类进入视频分类列表
2. 等待页面初始化加载所选分类数据
3. 鼠标移入卡片封面区域","1. 成功跳转到视频分类列表
2. 页面正确展示对应分类的数据
3. 视频自动加载并正常播放，无卡顿",1,4,功能测试,功能测试阶段
/数据可视化（封伟） - 列表 - 页面初始化加载 - 点击视频进入视频分类 - 列表 - 页面初始化加载，所选分类进入的对应数据 - hover视频播放 - 鼠标移出卡片：视频立刻暂停、画面切回静态 cover 封面/,数据可视化（封伟） - 列表 - 页面初始化加载 - 点击视频进入视频分类 - 列表 - 页面初始化加载，所选分类进入的对应数据 - hover视频播放 - 鼠标移出卡片：视频立刻暂停、画面切回静态 cover 封面 - 展示正常,系统已启动，用户已登录，数据可视化页面已加载,"1. 点击视频进入视频分类
2. 鼠标悬停到视频卡片上
3. 鼠标移出视频卡片","1. 页面初始化加载，显示所选分类的对应数据
2. 视频开始播放
3. 视频立刻暂停，画面切回静态 cover 封面",1,3,功能测试,功能测试阶段
/数据可视化（封伟） - 列表 - 页面初始化加载 - 点击视频进入视频分类 - 列表 - 页面初始化加载，所选分类进入的对应数据 - hover视频播放/,数据可视化（封伟） - 列表 - 页面初始化加载 - 点击视频进入视频分类 - 列表 - 页面初始化加载，所选分类进入的对应数据 - hover视频播放 - 来回切换展示正常,系统已启动，用户已登录,"1. 进入数据可视化列表页面，页面初始化加载
2. 点击视频进入视频分类，页面加载对应分类的数据列表
3. 在视频列表中进行hover操作，并来回切换展示","1. 列表页面正常显示，数据加载成功
2. 视频分类页面加载，显示所选分类对应的数据列表
3. hover时视频正常播放，来回切换展示无异常",1,1,功能测试,功能测试阶段
/数据可视化（封伟） - 列表 - 页面初始化加载 - 点击视频进入视频分类 - 列表 - 页面初始化加载，所选分类进入的对应数据 - 底部文案校验/,数据可视化（封伟） - 列表 - 页面初始化加载 - 点击视频进入视频分类 - 列表 - 页面初始化加载，所选分类进入的对应数据 - 底部文案校验 - 标签名称，任务名称、分类、格式,系统已启动，用户已登录，存在视频分类数据,"1. 点击视频分类入口，进入视频分类列表页面
2. 观察列表页面底部文案
3. 校验底部文案内容包含标签名称、任务名称、分类、格式","1. 成功进入视频分类列表页面，显示对应分类数据
2. 底部文案正常显示
3. 底部文案正确显示标签名称、任务名称、分类、格式信息",1,4,功能测试,功能测试阶段
/数据可视化（封伟） - 列表 - 页面初始化加载 - 点击视频进入视频分类 - 列表 - 页面初始化加载，所选分类进入的对应数据 - 底部文案校验 - 操作 - 选择/,数据可视化（封伟） - 列表 - 页面初始化加载 - 点击视频进入视频分类 - 列表 - 页面初始化加载，所选分类进入的对应数据 - 底部文案校验 - 操作 - 选择 - 勾选，取消勾选,系统已启动，用户已登录,"1. 点击视频进入视频分类
2. 在分类列表中勾选一个项目
3. 取消勾选该项目","1. 成功进入对应分类列表
2. 该项目被勾选，底部文案更新
3. 项目取消勾选，底部文案恢复",1,4,功能测试,功能测试阶段
/数据可视化（封伟） - 列表 - 页面初始化加载 - 点击视频进入视频分类 - 列表 - 页面初始化加载，所选分类进入的对应数据 - 底部文案校验 - 操作 - 选择/,数据可视化（封伟） - 列表 - 页面初始化加载 - 点击视频进入视频分类 - 列表 - 页面初始化加载，所选分类进入的对应数据 - 底部文案校验 - 操作 - 选择 - 作用于导出结果,系统已启动，用户已登录,"1. 打开数据可视化列表页面，页面初始化加载
2. 点击视频进入视频分类，查看对应数据
3. 校验底部文案，选择操作并导出","1. 列表页面成功加载，显示数据
2. 视频分类页面加载，显示对应数据
3. 底部文案正确，选择操作后导出成功",1,4,功能测试,功能测试阶段
/数据可视化（封伟） - 列表 - 页面初始化加载 - 点击视频进入视频分类 - 列表 - 页面初始化加载，所选分类进入的对应数据 - 底部文案校验 - 操作 - 播放/,数据可视化（封伟） - 列表 - 页面初始化加载 - 点击视频进入视频分类 - 列表 - 页面初始化加载，所选分类进入的对应数据 - 底部文案校验 - 操作 - 播放 - 可以点击cover封面图进入,系统已启动，用户已登录，已进入数据可视化列表页,"1. 点击视频分类入口，进入视频分类列表
2. 检查底部文案内容
3. 点击cover封面图","1. 成功加载对应分类的数据列表
2. 底部文案显示正确
3. 开始播放视频",1,3,功能测试,功能测试阶段
/数据可视化（封伟） - 列表 - 页面初始化加载 - 点击视频进入视频分类 - 列表 - 页面初始化加载，所选分类进入的对应数据 - 底部文案校验 - 操作 - 播放 - 可以点击播放进入 - 视频片段详情页 - 顶部信息展示/,数据可视化（封伟） - 列表 - 页面初始化加载 - 点击视频进入视频分类 - 列表 - 页面初始化加载，所选分类进入的对应数据 - 底部文案校验 - 操作 - 播放 - 可以点击播放进入 - 视频片段详情页 - 顶部信息展示 - 任务编号,用户已登录，进入视频片段详情页,"1. 打开视频片段详情页
2. 查看页面顶部信息区域
3. 检查任务编号字段的显示","1. 页面成功加载，无错误
2. 顶部信息区域显示完整，包含任务编号字段
3. 任务编号正确显示，与所选视频片段关联的任务编号一致",1,4,功能测试,功能测试阶段
/数据可视化（封伟） - 列表 - 页面初始化加载 - 点击视频进入视频分类 - 列表 - 页面初始化加载，所选分类进入的对应数据 - 底部文案校验 - 操作 - 播放 - 可以点击播放进入 - 视频片段详情页 - 顶部信息展示 - 分类标签/,数据可视化（封伟） - 列表 - 页面初始化加载 - 点击视频进入视频分类 - 列表 - 页面初始化加载，所选分类进入的对应数据 - 底部文案校验 - 操作 - 播放 - 可以点击播放进入 - 视频片段详情页 - 顶部信息展示 - 分类标签 - 没有一级的展示2级，例：**+**,系统已启动，用户已登录,1. 进入数据可视化列表，点击视频分类\n2. 在分类列表页底部，点击播放按钮\n3. 进入视频片段详情页，查看顶部分类标签,,1,1,功能测试,功能测试阶段
/数据可视化（封伟） - 列表 - 页面初始化加载 - 点击视频进入视频分类 - 列表 - 页面初始化加载，所选分类进入的对应数据 - 底部文案校验 - 操作 - 播放 - 可以点击播放进入 - 视频片段详情页 - 顶部信息展示 - 右上角“返回”按钮/,数据可视化（封伟） - 列表 - 页面初始化加载 - 点击视频进入视频分类 - 列表 - 页面初始化加载，所选分类进入的对应数据 - 底部文案校验 - 操作 - 播放 - 可以点击播放进入 - 视频片段详情页 - 顶部信息展示 - 右上角“返回”按钮 - 点击返回上一级分类列表,系统已启动，用户已登录,"1. 进入数据可视化列表，点击视频分类
2. 选择分类，点击播放进入视频片段详情页
3. 点击右上角返回按钮","1. 显示视频分类列表数据
2. 显示视频片段详情页顶部信息
3. 返回上一级分类列表",1,1,功能测试,功能测试阶段
/数据可视化（封伟） - 列表 - 页面初始化加载 - 点击视频进入视频分类 - 列表 - 页面初始化加载，所选分类进入的对应数据 - 底部文案校验 - 操作 - 播放 - 可以点击播放进入 - 视频片段详情页 - 双画面基础展示 - 左右分屏布局/,数据可视化（封伟） - 列表 - 页面初始化加载 - 点击视频进入视频分类 - 列表 - 页面初始化加载，所选分类进入的对应数据 - 底部文案校验 - 操作 - 播放 - 可以点击播放进入 - 视频片段详情页 - 双画面基础展示 - 左右分屏布局 - 左画面标题wrist_image_left,系统已登录，已进入视频分类列表，点击播放进入视频片段详情页,"1. 进入视频片段详情页
2. 观察左右分屏布局
3. 检查左画面标题","1. 成功进入详情页
2. 左右分屏布局显示正常
3. 左画面标题显示为wrist_image_left",1,3,功能测试,功能测试阶段
/数据可视化（封伟） - 列表 - 页面初始化加载 - 点击视频进入视频分类 - 列表 - 页面初始化加载，所选分类进入的对应数据 - 底部文案校验 - 操作 - 播放 - 可以点击播放进入 - 视频片段详情页 - 双画面基础展示 - 左右分屏布局/,数据可视化（封伟） - 列表 - 页面初始化加载 - 点击视频进入视频分类 - 列表 - 页面初始化加载，所选分类进入的对应数据 - 底部文案校验 - 操作 - 播放 - 可以点击播放进入 - 视频片段详情页 - 双画面基础展示 - 左右分屏布局 - 右画面标题wrist_image_right,系统已启动，用户已登录,"1. 进入视频分类列表
2. 点击视频播放进入视频片段详情页
3. 查看双画面布局中的右画面标题","1. 列表加载正确，显示所选分类的数据
2. 成功进入详情页，播放视频
3. 右画面标题显示为 wrist_image_right",1,1,功能测试,功能测试阶段
/数据可视化（封伟） - 列表 - 页面初始化加载 - 点击视频进入视频分类 - 列表 - 页面初始化加载，所选分类进入的对应数据 - 底部文案校验 - 操作 - 播放 - 可以点击播放进入 - 视频片段详情页 - 双画面基础展示 - 右上角视图切换按钮/,数据可视化（封伟） - 列表 - 页面初始化加载 - 点击视频进入视频分类 - 列表 - 页面初始化加载，所选分类进入的对应数据 - 底部文案校验 - 操作 - 播放 - 可以点击播放进入 - 视频片段详情页 - 双画面基础展示 - 右上角视图切换按钮 - 左右分屏 / 上下分屏多,系统已启动，用户已登录,"1. 打开视频列表页面
2. 点击视频进入视频分类列表
3. 在视频分类列表中点击播放按钮进入视频片段详情页","1. 视频列表页面加载成功
2. 视频分类列表显示对应数据
3. 进入双画面详情页并显示视图切换按钮",1,1,功能测试,功能测试阶段
/数据可视化（封伟） - 列表 - 页面初始化加载 - 点击视频进入视频分类 - 列表 - 页面初始化加载，所选分类进入的对应数据 - 底部文案校验 - 操作 - 播放 - 可以点击播放进入 - 视频片段详情页 - 双画面基础展示 - 右上角视图切换按钮/,数据可视化（封伟） - 列表 - 页面初始化加载 - 点击视频进入视频分类 - 列表 - 页面初始化加载，所选分类进入的对应数据 - 底部文案校验 - 操作 - 播放 - 可以点击播放进入 - 视频片段详情页 - 双画面基础展示 - 右上角视图切换按钮 - 切换实时生效，视频播放进度不重置、不中断；切换后画面比例正常,系统已启动，用户已登录，在视频片段详情页双画面展示，右上角有视图切换按钮,"1. 点击右上角视图切换按钮
2. 等待画面切换完成
3. 检查视频播放进度条位置","1. 视图切换实时生效，画面改变
2. 视频播放进度不重置、不中断
3. 切换后画面比例正常",1,3,功能测试,功能测试阶段
/数据可视化（封伟） - 列表 - 页面初始化加载 - 点击视频进入视频分类 - 列表 - 页面初始化加载，所选分类进入的对应数据 - 底部文案校验 - 操作 - 播放 - 可以点击播放进入 - 视频片段详情页 - 双画面基础展示/,数据可视化（封伟） - 列表 - 页面初始化加载 - 点击视频进入视频分类 - 列表 - 页面初始化加载，所选分类进入的对应数据 - 底部文案校验 - 操作 - 播放 - 可以点击播放进入 - 视频片段详情页 - 双画面基础展示 - 展示效果是根据构型来回显的，可能是2个或者多个画面,系统已启动，用户已登录，视频分类页面已有数据,"1. 点击视频分类进入视频列表页面
2. 选择一个分类并验证列表加载对应数据
3. 点击播放按钮进入视频片段详情页","1. 列表页面成功加载，显示所选分类的视频数据
2. 底部文案校验通过
3. 视频片段详情页展示双画面，根据构型显示2个或多个画面",1,2,功能测试,功能测试阶段
/数据可视化（封伟） - 列表 - 页面初始化加载 - 点击视频进入视频分类 - 列表 - 页面初始化加载，所选分类进入的对应数据 - 底部文案校验 - 操作 - 播放 - 可以点击播放进入 - 视频片段详情页 - 视频播放控制栏 - 基础播放控件/,数据可视化（封伟） - 列表 - 页面初始化加载 - 点击视频进入视频分类 - 列表 - 页面初始化加载，所选分类进入的对应数据 - 底部文案校验 - 操作 - 播放 - 可以点击播放进入 - 视频片段详情页 - 视频播放控制栏 - 基础播放控件 - 播放 / 暂停圆形按钮,系统已启动，用户已登录，已进入数据可视化列表页面,"1. 点击视频分类中的视频项
2. 在列表页面中点击播放按钮
3. 查看视频详情页的播放控制栏","1. 进入对应视频分类列表，数据加载正确
2. 进入视频片段详情页
3. 显示播放/暂停圆形按钮",1,1,功能测试,功能测试阶段
/数据可视化（封伟） - 列表 - 页面初始化加载 - 点击视频进入视频分类 - 列表 - 页面初始化加载，所选分类进入的对应数据 - 底部文案校验 - 操作 - 播放 - 可以点击播放进入 - 视频片段详情页 - 视频播放控制栏 - 基础播放控件/,数据可视化（封伟） - 列表 - 页面初始化加载 - 点击视频进入视频分类 - 列表 - 页面初始化加载，所选分类进入的对应数据 - 底部文案校验 - 操作 - 播放 - 可以点击播放进入 - 视频片段详情页 - 视频播放控制栏 - 基础播放控件 - 上一帧《,系统已启动，用户已登录，已进入视频片段详情页且视频正在播放,"1. 点击视频播放控制栏中的“上一帧”按钮
2. 观察视频画面是否跳转到前一帧
3. 检查播放进度条显示","1. 画面成功切换到前一帧
2. 播放进度条更新为上一帧的时间点
3. 视频保持播放状态",1,4,功能测试,功能测试阶段
/数据可视化（封伟） - 列表 - 页面初始化加载 - 点击视频进入视频分类 - 列表 - 页面初始化加载，所选分类进入的对应数据 - 底部文案校验 - 操作 - 播放 - 可以点击播放进入 - 视频片段详情页 - 视频播放控制栏 - 基础播放控件/,数据可视化（封伟） - 列表 - 页面初始化加载 - 点击视频进入视频分类 - 列表 - 页面初始化加载，所选分类进入的对应数据 - 底部文案校验 - 操作 - 播放 - 可以点击播放进入 - 视频片段详情页 - 视频播放控制栏 - 基础播放控件 - 下一帧》,系统已启动，用户已登录，数据可视化模块可用,1. 进入列表页面并点击视频进入视频分类列表，页面初始化加载对应数据\n2. 校验底部文案\n3. 点击播放按钮进入视频片段详情页，在播放控制栏点击下一帧,,1,3,功能测试,功能测试阶段
/数据可视化（封伟） - 列表 - 页面初始化加载 - 点击视频进入视频分类 - 列表 - 页面初始化加载，所选分类进入的对应数据 - 底部文案校验 - 操作 - 播放 - 可以点击播放进入 - 视频片段详情页 - 视频播放控制栏 - 基础播放控件/,数据可视化（封伟） - 列表 - 页面初始化加载 - 点击视频进入视频分类 - 列表 - 页面初始化加载，所选分类进入的对应数据 - 底部文案校验 - 操作 - 播放 - 可以点击播放进入 - 视频片段详情页 - 视频播放控制栏 - 基础播放控件 - 暂不支持快捷按键,系统已启动，用户已登录,"1. 点击视频进入视频分类
2. 点击播放进入视频片段详情页
3. 检查播放控制栏基础播放控件","1. 页面加载所选分类对应数据，底部文案正确
2. 成功进入详情页，显示播放控制栏
3. 提示暂不支持快捷按键",1,1,功能测试,功能测试阶段
/数据可视化（封伟） - 列表 - 页面初始化加载 - 点击视频进入视频分类 - 列表 - 页面初始化加载，所选分类进入的对应数据 - 底部文案校验 - 操作 - 播放 - 可以点击播放进入 - 视频片段详情页 - 视频播放控制栏 - 基础播放控件 - 时间进度文本/,数据可视化（封伟） - 列表 - 页面初始化加载 - 点击视频进入视频分类 - 列表 - 页面初始化加载，所选分类进入的对应数据 - 底部文案校验 - 操作 - 播放 - 可以点击播放进入 - 视频片段详情页 - 视频播放控制栏 - 基础播放控件 - 时间进度文本 - 当前播放秒数/总秒数,系统已启动，用户已登录,"1. 进入视频分类列表页面，加载数据
2. 点击一个视频进入视频片段详情页
3. 在视频播放控制栏查看时间进度文本","1. 列表页面成功加载，显示对应分类的视频数据
2. 成功进入视频片段详情页，视频开始播放
3. 时间进度文本显示当前播放秒数/总秒数，格式正确",1,3,功能测试,功能测试阶段
/数据可视化（封伟） - 列表 - 页面初始化加载 - 点击视频进入视频分类 - 列表 - 页面初始化加载，所选分类进入的对应数据 - 底部文案校验 - 操作 - 播放 - 可以点击播放进入 - 视频片段详情页 - 视频播放控制栏 - 基础播放控件 - 时间进度文本/,数据可视化（封伟） - 列表 - 页面初始化加载 - 点击视频进入视频分类 - 列表 - 页面初始化加载，所选分类进入的对应数据 - 底部文案校验 - 操作 - 播放 - 可以点击播放进入 - 视频片段详情页 - 视频播放控制栏 - 基础播放控件 - 时间进度文本 - 毫秒精度展示,系统已启动，用户已登录，进入视频片段详情页并播放视频,"1. 播放视频，观察时间进度文本
2. 检查时间进度文本格式
3. 拖动进度条或等待一段时间，再次观察时间文本","1. 时间进度文本显示当前播放时间，格式为时:分:秒.毫秒
2. 毫秒部分精确到三位数字
3. 时间动态更新，保持毫秒精度",1,2,功能测试,功能测试阶段
/数据可视化（封伟） - 列表 - 页面初始化加载 - 点击视频进入视频分类 - 列表 - 页面初始化加载，所选分类进入的对应数据 - 底部文案校验 - 操作 - 播放 - 可以点击播放进入 - 视频片段详情页 - 时间轴 + 动作标注模块/,数据可视化（封伟） - 列表 - 页面初始化加载 - 点击视频进入视频分类 - 列表 - 页面初始化加载，所选分类进入的对应数据 - 底部文案校验 - 操作 - 播放 - 可以点击播放进入 - 视频片段详情页 - 时间轴 + 动作标注模块 - 时间轨道,系统已启动，用户已登录，已进入数据可视化列表页面,"1. 点击视频进入视频分类，等待列表页面加载完成
2. 校验底部文案显示正确
3. 点击播放按钮，进入视频片段详情页，观察时间轴和动作标注模块的时间轨道","1. 成功进入视频分类列表，数据加载完成
2. 底部文案与预期一致
3. 成功进入详情页，时间轴和动作标注模块正常显示时间轨道",1,2,功能测试,功能测试阶段
/数据可视化（封伟） - 列表 - 页面初始化加载 - 点击视频进入视频分类 - 列表 - 页面初始化加载，所选分类进入的对应数据 - 底部文案校验 - 操作 - 播放 - 可以点击播放进入 - 视频片段详情页 - 时间轴 + 动作标注模块/,数据可视化（封伟） - 列表 - 页面初始化加载 - 点击视频进入视频分类 - 列表 - 页面初始化加载，所选分类进入的对应数据 - 底部文案校验 - 操作 - 播放 - 可以点击播放进入 - 视频片段详情页 - 时间轴 + 动作标注模块 - 动作标签,系统已启动，用户已登录，数据可视化页面已打开,"1. 点击视频进入视频分类
2. 点击播放按钮
3. 进入视频片段详情页，查看时间轴和动作标注模块","1. 成功跳转到对应视频分类列表
2. 播放按钮可点击并进入播放
3. 详情页显示时间轴和动作标注，动作标签正确",1,1,功能测试,功能测试阶段
/数据可视化（封伟） - 列表 - 页面初始化加载 - 点击视频进入视频分类 - 列表 - 页面初始化加载，所选分类进入的对应数据 - 底部文案校验 - 操作 - 播放 - 可以点击播放进入 - 视频片段详情页 - 时间轴 + 动作标注模块/,数据可视化（封伟） - 列表 - 页面初始化加载 - 点击视频进入视频分类 - 列表 - 页面初始化加载，所选分类进入的对应数据 - 底部文案校验 - 操作 - 播放 - 可以点击播放进入 - 视频片段详情页 - 时间轴 + 动作标注模块 - 可以选择2级标签，可以正常播放,系统已启动，用户已登录，数据可视化列表页已显示,"1. 在数据可视化列表页点击某个视频，进入视频分类
2. 校验页面底部文案，点击播放按钮
3. 进入视频片段详情页，在时间轴+动作标注模块选择2级标签","1. 页面初始化加载所选分类的对应数据列表
2. 底部文案正确显示，点击播放后成功进入视频片段详情页
3. 时间轴和动作标注模块正常显示，可选中2级标签，视频正常播放",1,3,功能测试,功能测试阶段
/数据可视化（封伟） - 列表 - 页面初始化加载 - 点击视频进入视频分类 - 列表 - 页面初始化加载，所选分类进入的对应数据 - 底部文案校验 - 操作 - 播放 - 可以点击播放进入 - 视频片段详情页 - 右侧图谱 - 上图 Observation State/,数据可视化（封伟） - 列表 - 页面初始化加载 - 点击视频进入视频分类 - 列表 - 页面初始化加载，所选分类进入的对应数据 - 底部文案校验 - 操作 - 播放 - 可以点击播放进入 - 视频片段详情页 - 右侧图谱 - 上图 Observation State - 数据源：读取转换产物内机器人左右臂关节实时采集数据,系统已启动，用户已登录，存在转换产物内机器人左右臂关节实时采集数据,"1. 打开数据可视化页面，点击视频进入视频分类
2. 列表页面初始化加载，显示所选分类对应数据
3. 点击播放进入视频片段详情页，查看右侧图谱的Observation State","1. 成功进入视频分类页面
2. 列表正确加载所选分类的对应数据
3. 成功进入详情页，右侧图谱显示Observation State",1,4,功能测试,功能测试阶段
/数据可视化（封伟） - 列表 - 页面初始化加载 - 点击视频进入视频分类 - 列表 - 页面初始化加载，所选分类进入的对应数据 - 底部文案校验 - 操作 - 播放 - 可以点击播放进入 - 视频片段详情页 - 右侧图谱 - 上图 Observation State - 下拉枚举/,数据可视化（封伟） - 列表 - 页面初始化加载 - 点击视频进入视频分类 - 列表 - 页面初始化加载，所选分类进入的对应数据 - 底部文案校验 - 操作 - 播放 - 可以点击播放进入 - 视频片段详情页 - 右侧图谱 - 上图 Observation State - 下拉枚举 - 轨迹图根据机器人构型json获取需要的枚举需要哪些key,用户已登录，进入数据可视化页面,"1. 点击视频进入视频分类，列表加载所选分类对应数据
2. 校验底部文案，点击播放按钮
3. 进入视频片段详情页，点击右侧图谱中Observation State下拉枚举","1. 列表正确显示所选分类数据
2. 底部文案正确，成功进入详情页
3. 下拉枚举显示正确选项，轨迹图根据机器人构型json获取所需key",1,3,功能测试,功能测试阶段
/数据可视化（封伟） - 列表 - 页面初始化加载 - 点击视频进入视频分类 - 列表 - 页面初始化加载，所选分类进入的对应数据 - 底部文案校验 - 操作 - 播放 - 可以点击播放进入 - 视频片段详情页 - 右侧图谱 - 上图 Observation State/,数据可视化（封伟） - 列表 - 页面初始化加载 - 点击视频进入视频分类 - 列表 - 页面初始化加载，所选分类进入的对应数据 - 底部文案校验 - 操作 - 播放 - 可以点击播放进入 - 视频片段详情页 - 右侧图谱 - 上图 Observation State - 根据所选下拉数据展示时序折线图内数据,系统已启动，用户已登录,"1. 进入视频片段详情页
2. 在右侧图谱的Observation State下拉选择数据
3. 查看时序折线图","1. 成功进入视频片段详情页
2. 下拉菜单正常响应，选项可切换
3. 折线图展示所选数据对应的时序数据",1,3,功能测试,功能测试阶段
/数据可视化（封伟） - 列表 - 页面初始化加载 - 点击视频进入视频分类 - 列表 - 页面初始化加载，所选分类进入的对应数据 - 底部文案校验 - 操作 - 播放 - 可以点击播放进入 - 视频片段详情页 - 右侧图谱 - 下图 Action/,数据可视化（封伟） - 列表 - 页面初始化加载 - 点击视频进入视频分类 - 列表 - 页面初始化加载，所选分类进入的对应数据 - 底部文案校验 - 操作 - 播放 - 可以点击播放进入 - 视频片段详情页 - 右侧图谱 - 下图 Action - 数据源：读取转换产物下发控制指令位姿数据,系统已启动，用户已登录,"1. 点击视频进入视频分类
2. 在视频分类列表中点击播放按钮
3. 进入视频片段详情页，查看右侧图谱","1. 成功进入视频分类列表
2. 播放按钮可点击，进入播放界面
3. 右侧图谱正常显示，数据源为转换产物的控制指令位姿数据",1,4,功能测试,功能测试阶段
/数据可视化（封伟） - 列表 - 页面初始化加载 - 点击视频进入视频分类 - 列表 - 页面初始化加载，所选分类进入的对应数据 - 底部文案校验 - 操作 - 播放 - 可以点击播放进入 - 视频片段详情页 - 右侧图谱 - 下图 Action - 下拉枚举/,数据可视化（封伟） - 列表 - 页面初始化加载 - 点击视频进入视频分类 - 列表 - 页面初始化加载，所选分类进入的对应数据 - 底部文案校验 - 操作 - 播放 - 可以点击播放进入 - 视频片段详情页 - 右侧图谱 - 下图 Action - 下拉枚举 - 轨迹图根据机器人构型json获取需要的枚举需要哪些key,系统已启动，用户已登录，存在机器人构型数据，已进入视频片段详情页,1. 打开视频片段详情页，显示右侧图谱\n2. 点击下图Action下拉枚举\n3. 查看下拉枚举中的选项,,1,3,功能测试,功能测试阶段
/数据可视化（封伟） - 列表 - 页面初始化加载 - 点击视频进入视频分类 - 列表 - 页面初始化加载，所选分类进入的对应数据 - 底部文案校验 - 操作 - 播放 - 可以点击播放进入 - 视频片段详情页 - 右侧图谱 - 下图 Action/,数据可视化（封伟） - 列表 - 页面初始化加载 - 点击视频进入视频分类 - 列表 - 页面初始化加载，所选分类进入的对应数据 - 底部文案校验 - 操作 - 播放 - 可以点击播放进入 - 视频片段详情页 - 右侧图谱 - 下图 Action - 根据所选下拉数据展示时序折线图内数据,已进入视频片段详情页，右侧图谱已加载，下拉框可操作,"1. 在右侧图谱的下拉框中选择一个数据选项
2. 观察下方时序折线图","1. 下拉框选项被选中
2. 时序折线图展示对应的数据",1,3,功能测试,功能测试阶段
/数据可视化（封伟） - 列表 - 页面初始化加载 - 点击视频进入视频分类 - 列表 - 页面初始化加载，所选分类进入的对应数据/,数据可视化（封伟） - 列表 - 页面初始化加载 - 点击视频进入视频分类 - 列表 - 页面初始化加载，所选分类进入的对应数据 - 没有分页？,系统已启动，用户已登录，存在视频分类数据,"1. 进入数据可视化模块的列表页面，等待页面初始化加载
2. 点击视频分类入口，进入视频分类列表页面
3. 等待视频分类列表页面初始化加载完成","1. 列表页面正常显示，数据加载完成
2. 成功跳转到视频分类列表页面
3. 页面显示所选分类对应的所有数据，且无分页控件",1,3,功能测试,功能测试阶段
/数据可视化（封伟） - 列表/,数据可视化（封伟） - 列表 - 分页系统内一致,系统已启动，用户已登录，且有列表数据,"1. 打开数据可视化列表页面
2. 点击分页控件（如页码或下一页）
3. 从当前页切换到其他页","1. 列表页面成功加载
2. 页面数据更新为对应页码的数据
3. 分页控件状态正确显示当前页码",1,1,功能测试,功能测试阶段
/数据可视化（封伟） - 数据检索输入框/,数据可视化（封伟） - 数据检索输入框 - 占位符校验：提示文字「模糊搜索：分类名称、分类标签…」正常显示，输入内容后占位符消失,系统已启动，用户已登录,"1. 打开数据可视化页面
2. 查看数据检索输入框
3. 在输入框中输入任意内容","1. 页面成功加载
2. 输入框中显示占位符文字「模糊搜索：分类名称、分类标签…」
3. 输入内容后占位符消失",1,4,功能测试,功能测试阶段
/数据可视化（封伟） - 数据检索输入框 - 检索逻辑/,数据可视化（封伟） - 数据检索输入框 - 检索逻辑 - 输入完整分类名，精准匹配卡片；,系统已启动，用户已登录,"1. 打开数据可视化页面
2. 在检索输入框中输入完整的分类名
3. 点击检索按钮","1. 页面成功打开
2. 输入框正确显示输入的分类名
3. 系统精确匹配并显示对应的卡片",1,4,功能测试,功能测试阶段
/数据可视化（封伟） - 数据检索输入框 - 检索逻辑/,数据可视化（封伟） - 数据检索输入框 - 检索逻辑 - 输入部分关键词，模糊匹配对应分类；,系统已启动，用户已登录,"1. 打开数据可视化页面
2. 在数据检索输入框中输入部分关键词
3. 点击检索按钮","1. 成功打开页面
2. 输入框显示输入的内容
3. 系统模糊匹配并展示对应分类的结果",1,3,功能测试,功能测试阶段
/数据可视化（封伟） - 数据检索输入框 - 检索逻辑/,数据可视化（封伟） - 数据检索输入框 - 检索逻辑 - 清空输入框，自动恢复展示全部分类卡片；,系统已启动，用户已登录,"1. 在数据检索输入框中输入关键词，卡片被筛选为匹配的分类
2. 清空输入框","1. 输入关键词后，卡片显示匹配的分类
2. 清空输入框后，自动恢复展示全部分类卡片",1,3,功能测试,功能测试阶段
/数据可视化（封伟） - 数据检索输入框 - 检索逻辑/,数据可视化（封伟） - 数据检索输入框 - 检索逻辑 - 支持中英文、数字、特殊标签检索，无检索乱码,系统已启动，用户已登录，数据可视化页面已打开,1. 打开数据可视化页面，定位数据检索输入框\n2. 输入包含中英文、数字、特殊标签的混合文本\n3. 点击检索按钮或按回车键,,1,2,功能测试,功能测试阶段
/数据可视化（封伟） - 精确匹配下拉筛选框/,数据可视化（封伟） - 精确匹配下拉筛选框 - 占位符：精确匹配：选择分类,系统已启动，用户已登录,"1. 打开数据可视化页面
2. 找到精确匹配下拉筛选框
3. 点击下拉框并选择分类","1. 成功打开数据可视化页面
2. 下拉筛选框显示占位符""精确匹配：选择分类""
3. 成功选择分类并筛选数据",1,2,功能测试,功能测试阶段
/数据可视化（封伟） - 精确匹配下拉筛选框/,数据可视化（封伟） - 精确匹配下拉筛选框 - 组合检索：根据数据检索结果展示分类名称,系统已启动，用户已登录,"1. 进入数据可视化页面
2. 选择精确匹配下拉筛选框，输入检索条件
3. 点击检索按钮","1. 页面成功加载
2. 下拉筛选框正确显示并接受输入
3. 系统根据检索条件展示对应的分类名称",1,3,功能测试,功能测试阶段
/数据可视化（封伟） - 精确匹配下拉筛选框/,数据可视化（封伟） - 精确匹配下拉筛选框 - 如无则不展示,系统已启动，用户已登录，进入数据可视化页面,"1. 打开数据可视化页面
2. 在筛选框中输入一个不存在的数据
3. 点击筛选按钮或触发下拉筛选","1. 页面成功加载
2. 下拉筛选框显示无匹配项或为空
3. 系统不展示任何下拉选项，或提示无数据",1,4,功能测试,功能测试阶段
/数据可视化（封伟） - 精确匹配下拉筛选框/,数据可视化（封伟） - 精确匹配下拉筛选框 - 选中则：模糊搜索 + 精确分类同时生效，双重条件过滤数据，刷新列表展示对应卡片,系统已启动，用户已登录,"1. 打开数据可视化页面
2. 在精确匹配下拉筛选框中选中一个选项
3. 在搜索框输入模糊搜索关键词并按下回车","1. 页面加载完成
2. 下拉选项显示选中状态
3. 列表刷新并展示同时满足下拉筛选和模糊搜索条件的卡片",1,1,功能测试,功能测试阶段
/用户管理（封伟） - 查询 - 账号/姓名/手机号，模糊搜索/,用户管理（封伟） - 查询 - 账号/姓名/手机号，模糊搜索 - 删除文案中的手机号,系统已启动，用户已登录,"1. 进入用户管理页面
2. 在搜索框输入模糊关键词（如账号、姓名或手机号部分）
3. 查看搜索结果列表中的手机号文案","1. 成功进入用户管理页面
2. 搜索结果正确显示匹配项
3. 手机号文案显示为脱敏格式（如138****1234）",1,3,功能测试,功能测试阶段
/用户管理（封伟） - 查询/,用户管理（封伟） - 查询 - 【查询】,系统已启动，用户已登录且有查询权限,"1. 进入用户管理页面
2. 在查询框中输入“封伟”
3. 点击查询按钮","1. 成功进入用户管理页面
2. 输入框中正确显示“封伟”
3. 系统显示包含“封伟”的用户列表",1,2,功能测试,功能测试阶段
/用户管理（封伟） - 查询 - 【重置】/,用户管理（封伟） - 查询 - 【重置】 - 回到默认为空进行查询,系统已启动，用户已登录，进入用户管理查询页面,"1. 在查询条件中输入任意内容
2. 点击“重置”按钮
3. 点击“查询”按钮","1. 输入框内容被清空
2. 查询条件恢复为空值
3. 系统显示全部用户列表",1,3,功能测试,功能测试阶段
/用户管理（封伟） - 【新建用户】 - *账号/,用户管理（封伟） - 【新建用户】 - *账号 - 必填项,系统已启动，用户已登录，进入用户管理页面,"1. 点击新建用户按钮
2. 不输入账号，填写其他必填字段
3. 点击保存按钮","1. 弹出新建用户窗口
2. 账号字段为空
3. 系统提示“账号不能为空”错误信息",1,1,功能测试,功能测试阶段
/用户管理（封伟） - 【新建用户】 - *账号 - 限制：/,"用户管理（封伟） - 【新建用户】 - *账号 - 限制： - 长度 [3,32]",系统已启动，用户已登录,"1. 打开用户管理页面
2. 输入长度为3的账号
3. 点击保存按钮","1. 成功打开页面
2. 账号输入正确
3. 系统成功保存并提示操作成功",1,4,功能测试,功能测试阶段
/用户管理（封伟） - 【新建用户】 - *账号 - 限制：/,用户管理（封伟） - 【新建用户】 - *账号 - 限制： - 仅支持英文字母、数字、_,用户已登录且具有新建用户权限,"1. 进入用户管理页面
2. 点击新建用户，在账号字段输入合法字符（如test_user_123）
3. 点击保存","1. 页面加载正常
2. 账号输入无错误提示
3. 系统提示新建用户成功",1,3,功能测试,功能测试阶段
/用户管理（封伟） - 【新建用户】 - *姓名/,用户管理（封伟） - 【新建用户】 - *姓名 - 必填项,系统已启动，用户已登录,"1. 打开新建用户页面
2. 不输入姓名，点击保存按钮
3. 观察页面提示","1. 成功打开新建用户页面
2. 系统提示“姓名不能为空”
3. 页面停留在新建用户页，未跳转",1,4,功能测试,功能测试阶段
/用户管理（封伟） - 【新建用户】 - *姓名 - 限制：/,"用户管理（封伟） - 【新建用户】 - *姓名 - 限制： - 长度 [1,16]",用户已登录，进入用户管理页面,"1. 打开用户管理页面
2. 在姓名输入框输入长度为1-16的有效姓名
3. 点击保存按钮","1. 页面正常显示
2. 姓名输入框显示输入内容
3. 系统提示新建用户成功",1,4,功能测试,功能测试阶段
/用户管理（封伟） - 【新建用户】 - *姓名 - 限制：/,用户管理（封伟） - 【新建用户】 - *姓名 - 限制： - 仅支持中英文字母、数字,系统已启动，用户已登录，用户管理页面可访问,"1. 打开用户管理页面并点击新建用户按钮
2. 在姓名输入框输入合法字符（如“张三abc123”）
3. 点击保存按钮","1. 成功打开页面且弹出新建用户对话框
2. 输入合法字符后无错误提示
3. 系统提示“新建用户成功”",1,1,功能测试,功能测试阶段
/用户管理（封伟） - 【新建用户】 - *角色/,用户管理（封伟） - 【新建用户】 - *角色 - 管理员,系统已启动，用户已登录且拥有用户管理权限,"1. 进入用户管理页面
2. 点击【新建用户】按钮
3. 填写用户信息并将角色设为【管理员】后提交","1. 成功打开用户管理页面
2. 弹出新建用户表单
3. 提示【新建用户成功】，新用户显示在列表中且角色为管理员",1,1,功能测试,功能测试阶段
/用户管理（封伟） - 【新建用户】 - *角色/,用户管理（封伟） - 【新建用户】 - *角色 - 算法工程师,系统已启动，用户已登录,"1. 进入新建用户页面
2. 在角色字段选择“算法工程师”
3. 点击保存按钮","1. 成功进入新建用户页面
2. 角色选择成功
3. 系统提示创建成功并返回用户列表",1,2,功能测试,功能测试阶段
/用户管理（封伟） - 【新建用户】 - *角色/,用户管理（封伟） - 【新建用户】 - *角色 - 采集工程师,系统已启动，用户已登录,"1. 打开用户管理页面并点击新建用户
2. 在新建用户表单中选择角色为""采集工程师""
3. 点击保存按钮","1. 成功打开新建用户表单
2. 角色字段选择""采集工程师""
3. 系统保存成功并显示提示信息",1,2,功能测试,功能测试阶段
/用户管理（封伟） - 【新建用户】 - *角色/,用户管理（封伟） - 【新建用户】 - *角色 - 标注工程师,系统已启动，用户已登录,"1. 进入用户管理页面
2. 点击新建用户按钮
3. 在角色字段选择“标注工程师”","1. 成功进入用户管理页面
2. 弹出新建用户表单
3. 角色字段显示为“标注工程师”",1,1,功能测试,功能测试阶段
/用户管理（封伟） - 【新建用户】 - *角色/,用户管理（封伟） - 【新建用户】 - *角色 - 质检工程师,系统已启动，用户已登录,"1. 打开用户管理页面
2. 点击新建用户按钮
3. 选择“质检工程师”角色并保存","1. 成功打开用户管理页面
2. 弹出新建用户对话框
3. 系统提示创建成功，用户列表新增该用户",1,1,功能测试,功能测试阶段
/用户管理（封伟） - 【新建用户】 - 手机号/,用户管理（封伟） - 【新建用户】 - 手机号 - 建议删除,系统已启动，用户已登录，处于新建用户页面,"1. 在手机号输入框输入有效手机号
2. 点击手机号输入框旁边的删除按钮
3. 查看手机号输入框内容","1. 手机号成功输入
2. 删除按钮可点击
3. 手机号输入框内容被清空",1,1,功能测试,功能测试阶段
/用户管理（封伟） - 【新建用户】 - *初始密码/,用户管理（封伟） - 【新建用户】 - *初始密码 - 必填项,系统已启动，用户已登录,"1. 打开用户管理页面
2. 点击新建用户按钮
3. 不填写初始密码，其他字段填写完整，点击保存","1. 成功打开用户管理页面
2. 弹出新建用户对话框
3. 系统提示“初始密码为必填项”，保存失败",1,3,功能测试,功能测试阶段
/用户管理（封伟） - 【新建用户】 - *初始密码/,用户管理（封伟） - 【新建用户】 - *初始密码 - 默认：123456,系统已启动，用户已登录,"1. 打开用户管理页面
2. 点击新建用户按钮
3. 输入用户信息，不修改初始密码字段，提交","1. 成功打开用户管理页面
2. 弹出新建用户对话框
3. 系统提示创建成功，初始密码为默认123456",1,4,功能测试,功能测试阶段
/用户管理（封伟） - 【新建用户】 - *初始密码 - 可自行修改，限制：/,"用户管理（封伟） - 【新建用户】 - *初始密码 - 可自行修改，限制： - 长度 [6,32]",系统已启动，用户已登录，进入新建用户页面,"1. 输入长度为8的新初始密码
2. 点击保存按钮
3. 查看系统提示","1. 密码输入成功
2. 系统提示保存成功
3. 用户创建成功，密码为输入的密码",1,3,功能测试,功能测试阶段
/用户管理（封伟） - 【新建用户】 - *初始密码 - 可自行修改，限制：/,用户管理（封伟） - 【新建用户】 - *初始密码 - 可自行修改，限制： - 仅支持英文字母、数字,系统已启动，用户已登录并进入用户管理页面,"1. 点击新建用户按钮
2. 在初始密码输入框中输入英文字母和数字组合
3. 点击保存按钮","1. 弹出新建用户页面
2. 密码输入框可正常输入英文字母和数字
3. 系统提示用户创建成功",1,2,功能测试,功能测试阶段
/用户管理（封伟） - 【新建用户】 - 【取消】/,用户管理（封伟） - 【新建用户】 - 【取消】 - 关闭弹框不保存,系统已启动，用户已登录,"1. 打开用户管理页面
2. 点击新建用户按钮
3. 在弹出的新建用户对话框中点击取消按钮","1. 成功打开用户管理页面
2. 弹出新建用户对话框
3. 对话框关闭，无用户被保存",1,4,功能测试,功能测试阶段
/用户管理（封伟） - 【新建用户】 - 【保存】 - 校验/,用户管理（封伟） - 【新建用户】 - 【保存】 - 校验 - 必填项校验,系统已启动，用户已登录,"1. 打开用户管理页面
2. 点击新建用户按钮
3. 不输入任何必填项，直接点击保存按钮","1. 成功打开用户管理页面
2. 弹出新建用户窗口
3. 系统提示必填项不能为空",1,2,功能测试,功能测试阶段
/用户管理（封伟） - 【新建用户】 - 【保存】 - 校验 - 幂等校验/,用户管理（封伟） - 【新建用户】 - 【保存】 - 校验 - 幂等校验 - 做并发,系统已启动，用户已登录,"1. 打开用户管理新建用户页面
2. 同时发送多个相同的用户数据保存请求
3. 系统处理并发请求","1. 页面加载正常
2. 请求均被接收
3. 仅成功创建一个用户，其他返回重复提示",1,3,功能测试,功能测试阶段
/用户管理（封伟） - 【新建用户】 - 【保存】 - 校验 - 账号唯一性校验/,用户管理（封伟） - 【新建用户】 - 【保存】 - 校验 - 账号唯一性校验 - 提示：“该账号已存在”,系统已启动，用户已登录，存在已创建的账号,"1. 打开用户管理页面
2. 输入已存在的账号信息
3. 点击保存按钮","1. 成功打开页面
2. 正确输入数据
3. 系统提示“该账号已存在”",1,4,功能测试,功能测试阶段
/用户管理（封伟） - 【新建用户】 - 【保存】 - 提示：“创建成功”/,用户管理（封伟） - 【新建用户】 - 【保存】 - 提示：“创建成功” - 列表页最上方显示刚创建的用户信息,系统已启动，用户已登录,"1. 进入用户管理页面
2. 点击新建用户按钮
3. 填写用户信息并点击保存","1. 页面显示用户列表
2. 弹出新建用户表单
3. 系统提示“创建成功”，列表页最上方显示刚创建的用户信息",1,3,功能测试,功能测试阶段
/用户管理（封伟） - 列表页 - 账号/,用户管理（封伟） - 列表页 - 账号 - 新增时填写的账号,系统已启动，用户已登录,"1. 打开用户管理列表页
2. 点击新增按钮
3. 在账号输入框中输入账号","1. 成功打开列表页
2. 弹出新增对话框
3. 账号输入框可正常输入且无异常提示",1,1,功能测试,功能测试阶段
/用户管理（封伟） - 列表页 - 姓名/,用户管理（封伟） - 列表页 - 姓名 - 新增时填写的姓名,系统已启动，用户已登录,"1. 打开用户管理列表页
2. 点击新增按钮
3. 在姓名字段输入测试姓名","1. 成功打开用户管理列表页
2. 弹出新增用户对话框
3. 姓名字段正确显示输入的姓名",1,2,功能测试,功能测试阶段
/用户管理（封伟） - 列表页 - 角色/,用户管理（封伟） - 列表页 - 角色 - 新增时选择的所有角色,系统已启动，用户已登录,"1. 打开用户管理列表页
2. 点击新增按钮
3. 在角色选择框中勾选所有角色","1. 成功打开用户管理列表页
2. 弹出新增用户对话框
3. 所有角色选项被成功勾选",1,2,功能测试,功能测试阶段
/用户管理（封伟） - 列表页 - 状态/,用户管理（封伟） - 列表页 - 状态 - 启用,用户已登录，访问用户管理列表页,"1. 进入用户管理列表页
2. 在状态筛选栏选择“启用”
3. 点击查询按钮","1. 列表页正常显示
2. 筛选条件设为“启用”
3. 列表仅显示状态为启用的用户",1,1,功能测试,功能测试阶段
/用户管理（封伟） - 列表页 - 状态/,用户管理（封伟） - 列表页 - 状态 - 禁用,系统已启动，用户已登录,"1. 打开用户管理列表页
2. 选择一个状态为启用的用户
3. 点击禁用按钮","1. 列表页正常显示
2. 选定用户高亮
3. 系统提示禁用成功，用户状态更新为禁用",1,1,功能测试,功能测试阶段
/用户管理（封伟） - 列表页 - 初始密码/,用户管理（封伟） - 列表页 - 初始密码 - 建议删除,用户已登录，用户管理列表页已打开，存在用户“封伟”且密码状态为初始密码,"1.
2.
3.
",,1,4,功能测试,功能测试阶段
/用户管理（封伟） - 列表页 - 创建时间/,用户管理（封伟） - 列表页 - 创建时间 - 建议展示：年月日 时分秒,系统已启动，用户已登录，进入用户管理列表页,"1. 打开用户管理列表页
2. 查看创建时间列
3. 检查创建时间格式","1. 成功打开列表页，显示用户列表
2. 创建时间列显示
3. 创建时间格式为年月日 时分秒",1,2,功能测试,功能测试阶段
/用户管理（封伟） - 列表页 - 操作 - 【编辑】 - 账号/,用户管理（封伟） - 列表页 - 操作 - 【编辑】 - 账号 - 回显置灰，不允许修改,系统已启动，用户已登录，进入用户管理列表页,"1. 找到用户“封伟”所在行，点击编辑按钮
2. 查看账号输入框
3. 尝试修改账号内容","1. 弹出编辑窗口
2. 账号输入框显示原账号且置灰不可编辑
3. 无法修改账号内容",1,3,功能测试,功能测试阶段
/用户管理（封伟） - 列表页 - 操作 - 【编辑】 - 姓名/,用户管理（封伟） - 列表页 - 操作 - 【编辑】 - 姓名 - 回显，可修改,用户已登录，进入用户管理列表页，存在用户“封伟”,"1. 在列表页找到用户“封伟”所在行，点击“编辑”按钮
2. 查看编辑窗口中姓名字段是否显示为“封伟”
3. 修改姓名字段为“封伟修改”并保存","1. 成功打开编辑窗口
2. 姓名字段回显为“封伟”
3. 修改成功，列表页显示更新后的姓名“封伟修改”",1,4,功能测试,功能测试阶段
/用户管理（封伟） - 列表页 - 操作 - 【编辑】 - 角色/,用户管理（封伟） - 列表页 - 操作 - 【编辑】 - 角色 - 回显，可修改,用户已登录，存在可编辑的用户,"1. 打开用户管理列表页
2. 点击用户对应的“编辑”按钮
3. 查看“角色”字段，修改为新角色","1. 成功显示用户列表
2. 编辑弹窗打开，角色字段回显当前角色
3. 角色字段可修改，修改后保存成功",1,2,功能测试,功能测试阶段
/用户管理（封伟） - 列表页 - 操作 - 【编辑】 - 手机号/,用户管理（封伟） - 列表页 - 操作 - 【编辑】 - 手机号 - 建议删除,用户已登录，存在至少一个用户,"1. 进入用户管理列表页
2. 点击某用户的编辑按钮
3. 清空手机号字段并点击保存","1. 列表页加载正常
2. 编辑对话框弹出
3. 提示操作成功，手机号显示为空",1,3,功能测试,功能测试阶段
/用户管理（封伟） - 列表页 - 操作 - 【编辑】 - 【取消】/,用户管理（封伟） - 列表页 - 操作 - 【编辑】 - 【取消】 - 关闭弹框，不保存,用户已登录，进入用户管理列表页,"1. 点击某用户的编辑按钮
2. 在编辑弹框中修改任意信息
3. 点击取消按钮","1. 弹出编辑弹框
2. 弹框中信息可修改
3. 弹框关闭，不保存修改，列表数据不变",1,2,功能测试,功能测试阶段
/用户管理（封伟） - 列表页 - 操作 - 【编辑】 - 【保存】 - 校验/,用户管理（封伟） - 列表页 - 操作 - 【编辑】 - 【保存】 - 校验 - 必填项,系统已启动，用户已登录，进入用户管理列表页,"1. 选中一个用户，点击编辑按钮
2. 清空必填项（如用户名）
3. 点击保存按钮","1. 弹出编辑窗口
2. 必填项被清空
3. 系统提示“必填项不能为空”",1,2,功能测试,功能测试阶段
/用户管理（封伟） - 列表页 - 操作 - 【编辑】 - 【保存】 - 角色修改后 - 未登录状态/,用户管理（封伟） - 列表页 - 操作 - 【编辑】 - 【保存】 - 角色修改后 - 未登录状态 - 登录后展示修改后角色对应的模块,用户封伟已被修改角色并保存，当前未登录,"1. 输入封伟的账号和密码
2. 点击登录按钮
3. 进入系统主页面","1. 成功登录
2. 系统验证通过
3. 展示与修改后角色对应的模块",1,4,功能测试,功能测试阶段
/用户管理（封伟） - 列表页 - 操作 - 【编辑】 - 【保存】 - 角色修改后 - 已登录状态/,用户管理（封伟） - 列表页 - 操作 - 【编辑】 - 【保存】 - 角色修改后 - 已登录状态 - 不影响使用，退出后重新登录，展示修改后角色对应的模块,系统已启动，用户已登录，具有编辑用户权限,"1. 在用户管理列表页，选择一个用户，点击【编辑】
2. 修改该用户的角色为另一个角色，点击【保存】
3. 退出当前登录，使用该用户重新登录","1. 成功打开编辑页面，可修改角色
2. 保存成功提示，当前登录状态不受影响
3. 重新登录后，用户界面显示新角色对应的模块",1,3,功能测试,功能测试阶段
/用户管理（封伟） - 列表页 - 操作 - 【编辑】 - 【保存】 - 姓名修改后/,用户管理（封伟） - 列表页 - 操作 - 【编辑】 - 【保存】 - 姓名修改后 - 页面右上角会变更为修改后的姓名,用户已登录，用户管理列表页已打开，存在用户封伟,"1. 点击用户封伟所在行的【编辑】按钮
2. 在编辑弹窗中修改姓名为新姓名
3. 点击【保存】按钮","1. 编辑弹窗打开
2. 姓名输入框可编辑，输入新姓名成功
3. 页面右上角显示修改后的姓名",1,4,功能测试,功能测试阶段
/用户管理（封伟） - 列表页 - 操作 - 【编辑】 - 【保存】 - 姓名修改后/,用户管理（封伟） - 列表页 - 操作 - 【编辑】 - 【保存】 - 姓名修改后 - 之前被指派的任务，人员姓名会随之变更,系统已启动，用户已登录，存在用户封伟并被指派了任务,"1. 进入用户管理列表页，找到用户封伟，点击编辑按钮
2. 修改用户姓名为新姓名，点击保存
3. 查看之前被指派给封伟的任务列表","1. 成功打开编辑页面，显示用户信息
2. 系统提示保存成功，用户列表姓名更新
3. 任务列表中执行人姓名变更为新姓名",1,3,功能测试,功能测试阶段
/用户管理（封伟） - 列表页 - 操作 - 【重置密码】 - 二次确认 - 确定重置 [账号] 的密码吗？ - 【取消】/,用户管理（封伟） - 列表页 - 操作 - 【重置密码】 - 二次确认 - 确定重置 [账号] 的密码吗？ - 【取消】 - 关闭弹窗,系统已启动，用户已登录，进入用户管理列表页,"1. 点击某账号的「重置密码」操作按钮
2. 在确认弹窗中点击「取消」按钮","1. 弹出二次确认对话框，显示「确定重置 账号 的密码吗？」
2. 对话框关闭，密码未被重置",1,4,功能测试,功能测试阶段
/用户管理（封伟） - 列表页 - 操作 - 【重置密码】 - 二次确认 - 确定重置 [账号] 的密码吗？ - 【确定】/,用户管理（封伟） - 列表页 - 操作 - 【重置密码】 - 二次确认 - 确定重置 [账号] 的密码吗？ - 【确定】 - 该账号的密码重置为123456,用户已登录，进入用户管理列表页,"1. 在列表页找到账号为""封伟""的用户，点击""重置密码""按钮
2. 在二次确认弹窗中点击""确定""按钮","1. 弹出二次确认提示：""确定重置[账号]的密码吗？""
2. 系统提示""该账号的密码重置为123456""",1,3,功能测试,功能测试阶段
/用户管理（封伟） - 列表页 - 操作 - 【重置密码】 - 二次确认 - 确定重置 [账号] 的密码吗？ - 【确定】/,用户管理（封伟） - 列表页 - 操作 - 【重置密码】 - 二次确认 - 确定重置 [账号] 的密码吗？ - 【确定】 - 已登录的用户不影响使用,系统已启动，用户已登录,"1. 打开用户管理列表页
2. 点击某用户操作的【重置密码】
3. 在二次确认对话框中点击【确定】","1. 成功打开列表页
2. 弹出二次确认对话框
3. 密码重置成功，已登录用户不受影响",1,3,功能测试,功能测试阶段
/用户管理（封伟） - 列表页 - 操作 - 【启用】/【禁用】/,用户管理（封伟） - 列表页 - 操作 - 【启用】/【禁用】 - 点击启用，账号状态为“启用”，可以正常登录使用,系统已启动，用户已登录,"1. 打开用户管理列表页
2. 找到被禁用账号""封伟""，点击启用按钮
3. 使用该账号登录系统","1. 成功打开列表页
2. 账号状态变为""启用""
3. 可以正常登录使用",1,3,功能测试,功能测试阶段
/用户管理（封伟） - 列表页 - 操作 - 【启用】/【禁用】 - 点击禁用，账号状态为“禁用” - 未登录状态/,用户管理（封伟） - 列表页 - 操作 - 【启用】/【禁用】 - 点击禁用，账号状态为“禁用” - 未登录状态 - 提示：“账号或密码错误，或账号已被禁用”,被禁用账号存在，用户未登录,"1. 打开登录页面
2. 输入被禁用账号的用户名和密码
3. 点击登录按钮","1. 成功打开登录页面
2. 输入正确信息
3. 系统提示“账号或密码错误，或账号已被禁用”",1,2,功能测试,功能测试阶段
/用户管理（封伟） - 列表页 - 操作 - 【启用】/【禁用】 - 点击禁用，账号状态为“禁用” - 已登录状态/,用户管理（封伟） - 列表页 - 操作 - 【启用】/【禁用】 - 点击禁用，账号状态为“禁用” - 已登录状态 - 调用接口时，提示：“操作人不存在或已禁用”,系统已启动，当前登录用户已被禁用或不存在,"1.
2.
3.
",,1,1,功能测试,功能测试阶段
/用户管理（封伟） - 列表页 - 操作 - 【启用】/【禁用】 - 点击禁用，账号状态为“禁用”/,用户管理（封伟） - 列表页 - 操作 - 【启用】/【禁用】 - 点击禁用，账号状态为“禁用” - 指派时，下拉不展示禁用的用户,系统已启动，用户已登录，用户管理列表页存在启用和禁用的用户,"1. 在用户管理列表页，点击一个启用用户的“禁用”按钮
2. 查看该用户账号状态变为“禁用”
3. 进入指派功能的下拉列表，检查是否展示该禁用用户","1. 系统提示禁用成功，用户状态显示“禁用”
2. 用户状态更新为“禁用”
3. 下拉列表中不显示该禁用用户",1,3,功能测试,功能测试阶段
/用户管理（封伟） - 列表页 - 操作 - 【删除】 - 二次确认 - 确定删除 [账号] 吗？ - 【取消】/,用户管理（封伟） - 列表页 - 操作 - 【删除】 - 二次确认 - 确定删除 [账号] 吗？ - 【取消】 - 关闭弹窗,用户已登录并进入用户管理列表页,"1. 在列表页找到目标用户，点击删除按钮
2. 在弹出的确认框中点击“取消”按钮","1. 弹出确认删除弹窗，显示“确定删除 [账号] 吗？”
2. 弹窗关闭，用户未被删除，列表页状态不变",1,2,功能测试,功能测试阶段
/用户管理（封伟） - 列表页 - 操作 - 【删除】 - 二次确认 - 确定删除 [账号] 吗？ - 【确定】/,用户管理（封伟） - 列表页 - 操作 - 【删除】 - 二次确认 - 确定删除 [账号] 吗？ - 【确定】 - 提示：“删除成功”,系统已启动，用户已登录，用户管理列表页存在可删除的账号,"1. 在用户管理列表页找到目标账号
2. 点击删除按钮
3. 在弹出的确认框中点击“确定”","1. 页面弹出二次确认对话框
2. 确认对话框显示“确定删除 [账号] 吗？”
3. 系统提示“删除成功”",1,2,功能测试,功能测试阶段
/用户管理（封伟） - 列表页 - 操作 - 【删除】 - 二次确认 - 确定删除 [账号] 吗？ - 【确定】 - 校验 - 已被指派任务的账号，不允许删除/,用户管理（封伟） - 列表页 - 操作 - 【删除】 - 二次确认 - 确定删除 [账号] 吗？ - 【确定】 - 校验 - 已被指派任务的账号，不允许删除 - 提示：“该账号已被指派任务，不允许删除”,系统已启动，用户已登录，且存在一个已被指派任务的账号,"1. 进入用户管理列表页
2. 点击该账号的【删除】操作按钮
3. 在二次确认弹窗中点击【确定】","1. 成功进入用户管理列表页
2. 弹出二次确认弹窗，显示“确定删除 [账号] 吗？”
3. 系统校验失败，提示“该账号已被指派任务，不允许删除”，账号未被删除",1,1,功能测试,功能测试阶段
/用户管理（封伟） - 列表页 - 操作 - 【删除】 - 二次确认 - 确定删除 [账号] 吗？ - 【确定】 - 校验 - 未登录状态/,用户管理（封伟） - 列表页 - 操作 - 【删除】 - 二次确认 - 确定删除 [账号] 吗？ - 【确定】 - 校验 - 未登录状态 - 提示：“账号或密码错误，或账号已被禁用”,用户已登录，系统存在可删除账号,"1. 打开用户管理列表页
2. 点击【删除】按钮
3. 在二次确认对话框中点击【确定】","1. 列表页成功显示
2. 弹出二次确认对话框，内容为“确定删除 [账号] 吗？”
3. 系统校验登录状态，发现未登录，提示“账号或密码错误，或账号已被禁用”",1,2,功能测试,功能测试阶段
/用户管理（封伟） - 列表页 - 操作 - 【删除】 - 二次确认 - 确定删除 [账号] 吗？ - 【确定】 - 校验 - 已登录状态/,用户管理（封伟） - 列表页 - 操作 - 【删除】 - 二次确认 - 确定删除 [账号] 吗？ - 【确定】 - 校验 - 已登录状态 - 调用接口时，提示：“操作人不存在或已禁用”,系统已启动，用户已登录,"1. 进入用户管理列表页
2. 点击某个用户的删除按钮
3. 在二次确认弹窗中点击“确定”","1. 页面显示删除确认弹窗
2. 弹窗显示“确定删除 [账号] 吗？”
3. 调用接口后提示：“操作人不存在或已禁用”",1,4,功能测试,功能测试阶段
/用户管理（封伟） - 列表页 - 操作 - 【删除】 - 二次确认 - 确定删除 [账号] 吗？ - 【确定】 - 校验/,用户管理（封伟） - 列表页 - 操作 - 【删除】 - 二次确认 - 确定删除 [账号] 吗？ - 【确定】 - 校验 - 指派时，下拉不展示已删除的用户,系统已启动，用户已登录，且存在可删除的用户和可指派的页面,"1. 进入用户管理列表页，点击某用户的删除按钮
2. 在二次确认弹窗中点击【确定】
3. 进入指派功能页面，查看用户下拉列表","1. 删除成功，该用户从列表中移除
2. 弹窗关闭
3. 下拉列表中不显示已删除的用户",1,1,功能测试,功能测试阶段
/用户管理（封伟） - 列表页 - 排序/,用户管理（封伟） - 列表页 - 排序 - 创建时间倒序,系统已启动，用户已登录，已进入用户管理列表页,"1. 点击创建时间列标题排序按钮，选择倒序
2. 观察列表排序结果
3. 核对列表顺序","1. 列表按创建时间倒序重新排列
2. 第一条记录创建时间最新
3. 所有记录创建时间依次递减",1,1,功能测试,功能测试阶段
/角色管理（封伟） - 查询/,角色管理（封伟） - 查询 - 角色编码/名称/描述，模糊搜索,系统已启动，用户已登录，已进入角色管理页面,"1. 在角色编码/名称/描述搜索框中输入模糊查询关键字
2. 点击查询按钮
3. 查看搜索结果列表","1. 搜索框正确显示输入的关键字
2. 系统成功发起模糊查询请求
3. 页面显示符合模糊条件的角色列表",1,4,功能测试,功能测试阶段
/角色管理（封伟） - 查询/,角色管理（封伟） - 查询 - 建议删除，角色少，无查询意义,系统已启动，用户已登录,"1. 打开角色管理页面
2. 输入查询条件
3. 点击查询按钮","1. 成功打开角色管理页面
2. 查询条件正确显示在输入框
3. 系统显示符合条件的角色列表",1,2,功能测试,功能测试阶段
/角色管理（封伟） - 列表页 - 角色编码、角色名称、描述、状态、权限 - admin - 管理员/,角色管理（封伟） - 列表页 - 角色编码、角色名称、描述、状态、权限 - admin - 管理员 - 所有权限,系统已启动，用户已登录（admin管理员）,"1. 打开角色管理列表页
2. 查看列表中的角色信息，包括角色编码、角色名称、描述、状态、权限
3. 确认admin管理员角色的权限显示为所有权限","1. 成功打开角色管理列表页
2. 列表正确显示各字段
3. admin管理员角色的权限显示为“所有权限”",1,4,功能测试,功能测试阶段
/角色管理（封伟） - 列表页 - 角色编码、角色名称、描述、状态、权限 - algorithm_engineer - 算法工程师/,角色管理（封伟） - 列表页 - 角色编码、角色名称、描述、状态、权限 - algorithm_engineer - 算法工程师 - 工作台、任务管理、数据转换、数据可视化权限,系统已启动，用户已登录,"1. 打开角色管理列表页
2. 查找角色编码为algorithm_engineer的角色
3. 查看角色名称、描述、状态、权限字段","1. 成功打开列表页
2. 显示角色编码为algorithm_engineer的角色
3. 角色名称为算法工程师，描述正确，状态为启用，权限包含工作台、任务管理、数据转换、数据可视化",1,4,功能测试,功能测试阶段
/角色管理（封伟） - 列表页 - 角色编码、角色名称、描述、状态、权限 - collection_engineer - 采集工程师/,角色管理（封伟） - 列表页 - 角色编码、角色名称、描述、状态、权限 - collection_engineer - 采集工程师 - 工作台、我的采集权限,系统已启动，用户已登录,"1. 打开角色管理列表页
2. 查找角色编码为""collection_engineer""的行
3. 检查该行的角色名称、描述、状态、权限信息","1. 成功打开列表页
2. 角色编码为""collection_engineer""的行存在
3. 角色名称为""采集工程师""，描述正确，状态正常，权限包含工作台和我的采集权限",1,4,功能测试,功能测试阶段
/角色管理（封伟） - 列表页 - 角色编码、角色名称、描述、状态、权限 - annotation_engineer - 标注工程师/,角色管理（封伟） - 列表页 - 角色编码、角色名称、描述、状态、权限 - annotation_engineer - 标注工程师 - 工作台、我的标注权限,系统已启动，用户已登录,"1. 打开角色管理列表页
2. 找到角色名称为“标注工程师”的行
3. 查看该行的角色编码、角色名称、描述、状态、权限字段","1. 页面成功显示角色列表
2. 可见角色名称为“标注工程师”的行
3. 角色编码为“annotation_engineer”，角色名称正确，描述匹配，状态正常，权限包含“工作台、我的标注”",1,2,功能测试,功能测试阶段
/角色管理（封伟） - 列表页 - 角色编码、角色名称、描述、状态、权限 - qc_engineer - 质检工程师/,角色管理（封伟） - 列表页 - 角色编码、角色名称、描述、状态、权限 - qc_engineer - 质检工程师 - 工作台、我的质检权限,系统已启动，用户已登录,"1. 打开角色管理列表页
2. 在列表中查找角色qc_engineer
3. 验证该角色的信息","1. 列表页正常显示
2. 列表中显示该角色行
3. 角色编码为qc_engineer，名称为质检工程师，描述正确，状态正常，权限包含工作台、我的质检权限",1,4,功能测试,功能测试阶段
/角色管理（封伟） - 列表页/,角色管理（封伟） - 列表页 - 角色目前写死，不允许增删改,系统已启动，用户已登录,"1. 打开角色管理列表页
2. 查看角色列表内容
3. 检查页面是否有新建、编辑、删除操作按钮","1. 成功打开列表页
2. 显示角色列表且角色为系统预置数据
3. 页面无新建、编辑、删除按钮",1,2,功能测试,功能测试阶段
/标签管理（林禹成） - 查询/,标签管理（林禹成） - 查询 - 标签名称模糊搜索,系统已启动，用户已登录,"1. 打开标签管理页面
2. 在标签名称输入框输入部分名称
3. 点击查询按钮","1. 成功打开标签管理页面
2. 输入框显示输入的内容
3. 页面显示包含该名称的标签列表",1,1,功能测试,功能测试阶段
/标签管理（林禹成） - 查询 - 标签分类[下拉]/,标签管理（林禹成） - 查询 - 标签分类[下拉] - 质量,系统已启动，用户已登录,"1. 打开标签管理页面
2. 在标签分类下拉框中选择“质量”
3. 点击查询按钮","1. 成功打开标签管理页面
2. 下拉框正确显示并选中“质量”
3. 系统展示标签分类为“质量”的标签列表",1,1,功能测试,功能测试阶段
/标签管理（林禹成） - 查询 - 标签分类[下拉]/,标签管理（林禹成） - 查询 - 标签分类[下拉] - 其他,系统已启动，用户已登录，标签管理页面已打开，存在分类为‘其他’的标签数据,"1. 打开标签管理页面
2. 在标签分类下拉框中选择‘其他’
3. 点击查询按钮","1. 标签管理页面正常显示
2. 下拉框选项切换为‘其他’
3. 页面展示所有分类为‘其他’的标签列表",1,4,功能测试,功能测试阶段
/标签管理（林禹成） - 查询 - 状态[下拉]/,标签管理（林禹成） - 查询 - 状态[下拉] - 禁用,系统已启动，用户已登录，标签管理页面已打开,"1. 在状态下拉框中选择“禁用”
2. 点击查询按钮","1. 下拉框显示“禁用”
2. 页面显示状态为禁用的标签列表",1,3,功能测试,功能测试阶段
/标签管理（林禹成） - 查询 - 状态[下拉]/,标签管理（林禹成） - 查询 - 状态[下拉] - 启用,系统已启动，用户已登录,"1. 打开标签管理页面
2. 在状态下拉框中选择“启用”
3. 点击查询按钮","1. 成功打开标签管理页面
2. 状态下拉框正确显示并选中“启用”
3. 系统显示状态为“启用”的标签列表",1,4,功能测试,功能测试阶段
/标签管理（林禹成） - 查询/,标签管理（林禹成） - 查询 - 【查询】,系统已启动，用户已登录标签管理页面,"1. 打开标签管理页面
2. 输入查询关键词
3. 点击查询按钮","1. 标签管理页面正常显示
2. 查询条件输入正确
3. 系统展示符合条件的标签列表",1,1,功能测试,功能测试阶段
/标签管理（林禹成） - 查询 - 【重置】/,标签管理（林禹成） - 查询 - 【重置】 - 回到默认为空，进行查询,系统已启动，用户已登录，标签管理页面已打开,"1. 在查询条件中输入内容并点击查询
2. 点击【重置】按钮
3. 再次点击查询按钮","1. 查询结果根据输入条件显示
2. 查询条件恢复为空
3. 查询结果显示所有标签数据",1,2,功能测试,功能测试阶段
/标签管理（林禹成） - 【新建标签】 - * 标签名称/,标签管理（林禹成） - 【新建标签】 - * 标签名称 - 默认文案建议删除,用户已登录并打开标签管理页面,"1. 点击新建标签按钮
2. 查看标签名称输入框
3. 检查输入框内默认文案","1. 弹出新建标签窗口
2. 输入框处于可编辑状态
3. 输入框内无默认文案（空）",1,3,功能测试,功能测试阶段
/标签管理（林禹成） - 【新建标签】 - * 标签名称 - 限制/,"标签管理（林禹成） - 【新建标签】 - * 标签名称 - 限制 - 长度 [1,32]",系统已启动，用户已登录,"1. 进入标签管理页面
2. 点击新建标签按钮
3. 输入1-32个字符的标签名称","1. 成功进入标签管理页面
2. 弹出新建标签对话框
3. 输入框正常，无错误提示",1,2,功能测试,功能测试阶段
/标签管理（林禹成） - 【新建标签】 - * 标签名称 - 限制/,标签管理（林禹成） - 【新建标签】 - * 标签名称 - 限制 - 仅支持中英文字母、数字,系统已启动，用户已登录,"1. 打开新建标签页面
2. 输入包含特殊字符的标签名称
3. 点击保存按钮","1. 页面成功加载
2. 输入框无法输入特殊字符或显示错误提示
3. 系统提示标签名称仅支持中英文字母、数字",1,1,功能测试,功能测试阶段
/标签管理（林禹成） - 【新建标签】 - * 标签分类 - 其他/,标签管理（林禹成） - 【新建标签】 - * 标签分类 - 其他 - 默认,系统已启动，用户已登录,"1. 打开标签管理页面
2. 点击新建标签，选择标签分类为“其他”
3. 点击保存","1. 标签管理页面正常显示
2. 标签分类下拉框显示“其他”选项
3. 保存成功，标签列表中出现新标签且分类为“其他”",1,1,功能测试,功能测试阶段
/标签管理（林禹成） - 【新建标签】 - * 标签分类/,标签管理（林禹成） - 【新建标签】 - * 标签分类 - 质量,系统已启动，用户已登录,"1. 进入标签管理页面
2. 点击新建标签，在标签分类下拉框中选择“质量”
3. 点击保存按钮","1. 成功显示标签管理页面
2. 弹出新建标签窗口，分类选项显示为“质量”
3. 系统提示标签创建成功",1,2,功能测试,功能测试阶段
/标签管理（林禹成） - 【新建标签】 - 【取消】/,标签管理（林禹成） - 【新建标签】 - 【取消】 - 关闭弹框，不保存,系统已启动，用户已登录，进入标签管理页面,"1. 点击新建标签按钮
2. 在弹框中输入标签名称
3. 点击取消按钮","1. 弹出新建标签弹框
2. 弹框显示输入框
3. 弹框关闭，标签列表未新增标签",1,2,功能测试,功能测试阶段
/标签管理（林禹成） - 【新建标签】 - 【保存】 - 校验/,标签管理（林禹成） - 【新建标签】 - 【保存】 - 校验 - 必填项校验,系统已启动，用户已登录,"1. 打开标签管理页面
2. 点击新建标签按钮
3. 不填写必填项，直接点击保存","1. 成功打开标签管理页面
2. 弹出新建标签窗口
3. 系统提示必填项不能为空",1,3,功能测试,功能测试阶段
/标签管理（林禹成） - 【新建标签】 - 【保存】 - 校验/,标签管理（林禹成） - 【新建标签】 - 【保存】 - 校验 - 标签名称唯一性校验,系统已启动，用户已登录，标签管理页面已打开,"1. 点击“新建标签”按钮
2. 输入已存在的标签名称
3. 点击“保存”按钮","1. 系统弹出新建标签表单
2. 标签名称输入框正常显示已存在的名称
3. 系统提示“标签名称已存在”",1,4,功能测试,功能测试阶段
/标签管理（林禹成） - 列表页 - 标签名称/,标签管理（林禹成） - 列表页 - 标签名称 - 新增时填写的标签名称,系统已启动，用户已登录,"1. 打开标签管理列表页
2. 点击新增按钮
3. 输入标签名称并保存","1. 成功打开列表页
2. 弹出新增对话框
3. 标签新增成功并显示在列表中",1,4,功能测试,功能测试阶段
/标签管理（林禹成） - 列表页 - 标签分类/,标签管理（林禹成） - 列表页 - 标签分类 - 新增时选择的标签分类,系统已启动，用户已登录,"1. 打开标签管理列表页
2. 点击新增按钮
3. 在新增表单中选择一个标签分类","1. 成功打开标签管理列表页
2. 弹出新增标签对话框
3. 所选标签分类正确显示在表单中",1,3,功能测试,功能测试阶段
/标签管理（林禹成） - 列表页 - 状态/,标签管理（林禹成） - 列表页 - 状态 - 启用,系统已启动，用户已登录，进入标签管理列表页,"1. 在状态筛选下拉框选择“启用”
2. 点击查询按钮","1. 列表仅显示状态为“启用”的标签
2. 查询结果与筛选条件一致",1,3,功能测试,功能测试阶段
/标签管理（林禹成） - 列表页 - 状态/,标签管理（林禹成） - 列表页 - 状态 - 禁用,已登录系统，已进入标签管理列表页，存在状态为禁用的标签,"1. 打开标签管理列表页
2. 查看列表中状态为“禁用”的标签
3. 确认该标签行数据正常显示","1. 成功打开列表页
2. 标签状态栏显示为“禁用”
3. 标签数据完整无误",1,3,功能测试,功能测试阶段
/标签管理（林禹成） - 列表页 - 创建时间/,标签管理（林禹成） - 列表页 - 创建时间 - 显示：年月日 时分秒,系统已启动，用户已登录,"1. 打开标签管理列表页
2. 查看任意标签的创建时间字段
3. 检查显示格式","1. 页面成功加载
2. 创建时间显示为“年-月-日 时:分:秒”格式
3. 时间数据正确",1,3,功能测试,功能测试阶段
/标签管理（林禹成） - 列表页 - 创建时间/,标签管理（林禹成） - 列表页 - 创建时间 - 新增标签时的时间，不会更新,系统已启动，用户已登录,"1. 打开标签管理列表页
2. 点击新增标签按钮
3. 输入标签信息并保存","1. 成功打开列表页
2. 弹出新增标签对话框
3. 标签创建后，创建时间显示为当前时间且后续不更新",1,3,功能测试,功能测试阶段
/标签管理（林禹成） - 列表页 - 更新时间/,标签管理（林禹成） - 列表页 - 更新时间 - 显示：年月日 时分秒,系统已启动，用户已登录,"1. 打开标签管理列表页
2. 查看列表中某标签的更新时间字段","1. 成功打开列表页
2. 显示的时间格式为年月日 时分秒",1,2,功能测试,功能测试阶段
/标签管理（林禹成） - 列表页 - 更新时间/,标签管理（林禹成） - 列表页 - 更新时间 - 编辑、禁用操作时，会更新更新时间，刚创建时与创建时间一致,系统已启动，用户已登录，进入标签管理列表页,"1. 创建新标签并记录创建时间
2. 编辑该标签
3. 禁用该标签","1. 标签创建后，更新时间与创建时间一致
2. 编辑后，更新时间变为当前时间
3. 禁用后，更新时间变为当前时间",1,2,功能测试,功能测试阶段
/标签管理（林禹成） - 列表页 - 操作 - 【编辑】 - 标签名称回显，可修改 - 限制/,"标签管理（林禹成） - 列表页 - 操作 - 【编辑】 - 标签名称回显，可修改 - 限制 - 长度 [1,32]",系统已启动，用户已登录，且存在可编辑的标签,"1. 打开标签管理列表页
2. 点击编辑按钮打开编辑对话框
3. 在标签名称输入框中输入长度为32的字符串","1. 成功打开标签管理列表页
2. 编辑对话框正确显示，标签名称回显原值且可修改
3. 输入成功，无长度限制错误提示",1,3,功能测试,功能测试阶段
/标签管理（林禹成） - 列表页 - 操作 - 【编辑】 - 标签名称回显，可修改 - 限制/,标签管理（林禹成） - 列表页 - 操作 - 【编辑】 - 标签名称回显，可修改 - 限制 - 仅支持中英文字母、数字,系统已启动，用户已登录，标签列表页存在标签数据,"1. 点击某个标签的编辑按钮
2. 在编辑弹窗中查看标签名称输入框
3. 在输入框中输入包含特殊字符的文本（如@#）","1. 编辑弹窗打开，标签名称原值正确回显
2. 输入框可编辑，修改后内容可见
3. 系统提示仅支持中英文字母、数字，特殊字符无法输入",1,1,功能测试,功能测试阶段
/标签管理（林禹成） - 列表页 - 操作 - 【编辑】 - 标签名称回显，可修改/,标签管理（林禹成） - 列表页 - 操作 - 【编辑】 - 标签名称回显，可修改 - 标签名称唯一性校验,系统已启动，用户已登录,"1. 进入标签管理列表页
2. 点击编辑按钮，查看标签名称回显
3. 修改标签名称后，提交保存","1. 成功进入列表页
2. 标签名称正确回显并可编辑
3. 系统提示标签名称重复或保存成功",1,4,功能测试,功能测试阶段
/标签管理（林禹成） - 列表页 - 操作 - 【编辑】 - 校验 - 已被任务使用的标签，不允许修改/,标签管理（林禹成） - 列表页 - 操作 - 【编辑】 - 校验 - 已被任务使用的标签，不允许修改 - 标签「xxx」正在被未转换任务使用，不能修改,系统已启动，用户已登录，存在标签「xxx」且被未转换任务使用,"1. 进入标签管理列表页
2. 找到标签「xxx」并点击编辑按钮
3. 尝试修改标签名称并保存","1. 成功进入列表页
2. 弹出编辑窗口或进入编辑状态
3. 系统提示“标签正在被未转换任务使用，不能修改”，保存失败",1,3,功能测试,功能测试阶段
/标签管理（林禹成） - 列表页 - 操作 - 【禁用】/【启用】 - 校验 - 已被任务使用的标签，不允许禁用/,标签管理（林禹成） - 列表页 - 操作 - 【禁用】/【启用】 - 校验 - 已被任务使用的标签，不允许禁用 - 标签「xxx」正在被未转换任务使用，不能禁用,系统已启动，用户已登录，存在一个标签被未转换任务使用,"1. 打开标签管理列表页
2. 找到被任务使用的标签「xxx」
3. 点击禁用按钮","1. 成功打开列表页
2. 找到标签「xxx」
3. 系统提示“标签正在被未转换任务使用，不能禁用”",1,3,功能测试,功能测试阶段
/标签管理（林禹成） - 列表页 - 操作 - 【删除】 - 二次确认/,标签管理（林禹成） - 列表页 - 操作 - 【删除】 - 二次确认 - 确定删除标签「xxx」吗？,标签管理列表页已打开，存在标签xxx,"1. 点击标签xxx对应的删除按钮
2. 在二次确认对话框中点击“确定”按钮","1. 弹出二次确认对话框，提示“确定删除标签「xxx」吗？”
2. 标签被成功删除，列表刷新且不再显示该标签",1,3,功能测试,功能测试阶段
/标签管理（林禹成） - 列表页 - 操作 - 【删除】 - 校验/,标签管理（林禹成） - 列表页 - 操作 - 【删除】 - 校验 - 标签「xxx」正在被未转换任务使用，不能删除,系统已启动，用户已登录，存在一个标签正在被未转换任务使用,"1. 进入标签管理列表页
2. 点击该标签对应的删除按钮
3. 确认删除操作","1. 标签管理列表页加载成功
2. 系统弹出提示：标签「xxx」正在被未转换任务使用，不能删除
3. 标签未被删除",1,4,功能测试,功能测试阶段
/标签管理（林禹成） - 列表页 - 排序/,标签管理（林禹成） - 列表页 - 排序 - 创建时间倒序,系统已启动，用户已登录,"1. 打开标签管理列表页
2. 点击创建时间排序按钮选择倒序
3. 观察列表顺序","1. 成功打开标签管理列表页
2. 排序按钮变为倒序状态
3. 列表按创建时间从新到旧排列",1,3,功能测试,功能测试阶段
/机器人构型配置（林禹成） - 查询/,机器人构型配置（林禹成） - 查询 - 建议删除,系统已启动，用户已登录,"1. 打开机器人构型配置页面
2. 在查询输入框中输入建议删除条件
3. 点击查询按钮","1. 成功打开机器人构型配置页面
2. 输入条件正确显示
3. 系统显示建议删除的机器人构型配置列表",1,3,功能测试,功能测试阶段
/机器人构型配置（林禹成） - 【新建机器人构型】 - * 构型名称 - 限制/,机器人构型配置（林禹成） - 【新建机器人构型】 - * 构型名称 - 限制 - 长度 [1，32],系统已启动，用户已登录,"1. 打开机器人构型配置页面
2. 在构型名称输入框中输入长度为1的字符
3. 点击保存按钮","1. 页面加载正常
2. 输入内容为1个字符
3. 系统提示保存成功",1,2,功能测试,功能测试阶段
/机器人构型配置（林禹成） - 【新建机器人构型】 - * 构型名称 - 限制/,机器人构型配置（林禹成） - 【新建机器人构型】 - * 构型名称 - 限制 - 仅支持中英文字母、数字、_,系统已启动，用户已登录，进入新建机器人构型页面,"1. 在构型名称输入框输入“测试@！”
2. 点击“保存”按钮","1. 输入框限制输入或显示错误提示
2. 页面弹出错误提示“构型名称仅支持中英文字母、数字、_”",1,3,功能测试,功能测试阶段
/机器人构型配置（林禹成） - 【新建机器人构型】 - * 机器人型号 - 限制/,机器人构型配置（林禹成） - 【新建机器人构型】 - * 机器人型号 - 限制 - 长度 [1，32],系统已启动，用户已登录,"1. 打开机器人构型配置页面
2. 在机器人型号输入框输入长度为1到32的字符串
3. 点击新建按钮","1. 成功打开页面
2. 输入内容正确显示在输入框中
3. 系统成功创建机器人构型并提示成功",1,3,功能测试,功能测试阶段
/机器人构型配置（林禹成） - 【新建机器人构型】 - * 机器人型号 - 限制/,机器人构型配置（林禹成） - 【新建机器人构型】 - * 机器人型号 - 限制 - 仅支持中英文字母、数字、_、,系统已启动，用户已登录,"1. 打开机器人构型配置页面
2. 在机器人型号输入框中输入包含特殊字符（如@）的型号
3. 点击保存按钮","1. 页面成功打开
2. 输入框提示格式错误或无法输入特殊字符
3. 系统提示机器人型号仅支持中英文字母、数字、下划线",1,4,功能测试,功能测试阶段
/机器人构型配置（林禹成） - 【新建机器人构型】 - 描述 - 限制/,机器人构型配置（林禹成） - 【新建机器人构型】 - 描述 - 限制 - 长度<=255,系统已启动，用户已登录且具有新建机器人构型权限,"1. 打开新建机器人构型页面
2. 在描述输入框中输入256个字符
3. 点击保存按钮","1. 成功打开新建页面
2. 描述输入框最多接受255个字符，超出部分被截断或提示长度超限
3. 系统提示描述长度不能超过255个字符，保存失败",1,4,功能测试,功能测试阶段
/机器人构型配置（林禹成） - 【新建机器人构型】 - * 配置文件/,机器人构型配置（林禹成） - 【新建机器人构型】 - * 配置文件 - 仅支持 .json 格式，配置 JSON 必须包含 robot_type 字段,系统已启动，用户已登录,"1. 打开新建机器人构型页面
2. 上传一个非 .json 格式的文件或缺少 robot_type 字段的 .json 文件
3. 点击提交按钮","1. 成功打开页面
2. 页面提示“仅支持 .json 格式”或“配置 JSON 必须包含 robot_type 字段”
3. 提交失败，系统提示错误信息",1,2,功能测试,功能测试阶段
/机器人构型配置（林禹成） - 【新建机器人构型】 - 【取消】/,机器人构型配置（林禹成） - 【新建机器人构型】 - 【取消】 - 关闭弹框，不保存,系统已启动，用户已登录,"1. 打开机器人构型配置页面
2. 点击新建机器人构型按钮，弹出新建弹框
3. 在弹框中点击取消按钮","1. 成功打开页面
2. 正确弹出新建弹框
3. 弹框关闭，不保存任何数据",1,2,功能测试,功能测试阶段
/机器人构型配置（林禹成） - 【新建机器人构型】 - 【保存】 - 校验/,机器人构型配置（林禹成） - 【新建机器人构型】 - 【保存】 - 校验 - 必填项校验,系统已启动，用户已登录，且已进入机器人构型配置页面,"1. 点击新建机器人构型按钮
2. 不填写任何必填字段
3. 点击保存按钮","1. 弹出新建页面
2. 所有必填字段为空
3. 系统提示必填项校验错误，禁止保存",1,3,功能测试,功能测试阶段
/机器人构型配置（林禹成） - 【新建机器人构型】 - 【保存】 - 校验/,机器人构型配置（林禹成） - 【新建机器人构型】 - 【保存】 - 校验 - 构型名称唯一性校验,系统已启动，用户已登录,"1. 打开新建机器人构型页面
2. 输入已存在的构型名称
3. 点击保存按钮","1. 成功打开页面
2. 输入框显示输入的名称
3. 系统提示“构型名称已存在”",1,1,功能测试,功能测试阶段
/机器人构型配置（林禹成） - 列表页 - 构型名称/,机器人构型配置（林禹成） - 列表页 - 构型名称 - 新增时填写的一致,已新增一个机器人构型配置，并记录填写的构型名称,"1. 打开机器人构型配置列表页
2. 在列表中查找新增的构型记录
3. 记录列表中显示的构型名称","1. 列表页成功加载
2. 找到新增的构型记录
3. 列表中构型名称与新增时填写的一致",1,1,功能测试,功能测试阶段
/机器人构型配置（林禹成） - 列表页 - 机器人型号/,机器人构型配置（林禹成） - 列表页 - 机器人型号 - 新增时填写的一致,系统已启动，用户已登录，进入机器人构型配置列表页,"1. 打开机器人构型配置列表页
2. 点击新增按钮
3. 填写机器人型号并提交","1. 成功打开列表页
2. 弹出新增对话框
3. 成功新增并列表显示该型号",1,2,功能测试,功能测试阶段
/机器人构型配置（林禹成） - 列表页 - 描述/,机器人构型配置（林禹成） - 列表页 - 描述 - 新增时填写的一致,系统已启动，用户已登录,"1. 进入机器人构型配置列表页
2. 输入描述（与预期一致）
3. 点击保存","1. 成功进入列表页并弹出新增表单
2. 描述字段显示输入内容
3. 保存成功，列表页显示该描述",1,1,功能测试,功能测试阶段
/机器人构型配置（林禹成） - 列表页 - 配置文件 - 新增时上传的json文件名称/,机器人构型配置（林禹成） - 列表页 - 配置文件 - 新增时上传的json文件名称 - 可点击查看,系统已启动，用户已登录，进入机器人构型配置列表页,"1. 点击新增按钮
2. 上传一个有效的json文件
3. 点击上传后的json文件名链接","1. 弹出新增配置窗口
2. 文件上传成功，显示文件名
3. 新页面或弹窗显示json文件内容",1,3,功能测试,功能测试阶段
/机器人构型配置（林禹成） - 列表页 - 更新时间/,机器人构型配置（林禹成） - 列表页 - 更新时间 - 改为“创建时间”,系统已启动，用户已登录,"1. 打开机器人构型配置列表页
2. 查看列表页的字段名称
3. 确认字段显示为“创建时间”","1. 成功打开列表页
2. 页面显示字段
3. 字段名称已从“更新时间”改为“创建时间”",1,1,功能测试,功能测试阶段
/机器人构型配置（林禹成） - 列表页 - 操作 - 【查看】/,机器人构型配置（林禹成） - 列表页 - 操作 - 【查看】 - 可查看json文件内容,系统已启动，用户已登录，且列表页有机器人构型配置数据,"1. 打开机器人构型配置列表页
2. 点击某条配置的【查看】按钮
3. 查看弹出的详情窗口","1. 列表页正常显示
2. 弹出详情窗口
3. 详情窗口中显示正确的JSON文件内容",1,1,功能测试,功能测试阶段
/机器人构型配置（林禹成） - 列表页 - 操作 - 【删除】 - 校验/,机器人构型配置（林禹成） - 列表页 - 操作 - 【删除】 - 校验 - 已被任务使用的机器人构型，不允许删除,系统已启动，用户已登录，存在一个已被任务使用的机器人构型,"1. 进入机器人构型配置列表页
2. 选择一个已被任务使用的机器人构型
3. 点击删除按钮","1. 成功进入列表页
2. 该构型被选中
3. 系统提示“该构型已被任务使用，不允许删除”",1,2,功能测试,功能测试阶段
/数据分类管理（林禹成） - 查询/,数据分类管理（林禹成） - 查询 - 建议删除,系统已启动，用户已登录,"1. 进入数据分类管理页面
2. 在查询条件中输入建议删除关键字
3. 点击查询按钮","1. 成功进入页面
2. 关键字输入正确
3. 系统显示建议删除的数据分类列表",1,4,功能测试,功能测试阶段
/数据分类管理（林禹成） - 【新建分类】 - * 分类编码 - 限制/,数据分类管理（林禹成） - 【新建分类】 - * 分类编码 - 限制 - 长度 [1，32],系统已启动，用户已登录,"1. 打开数据分类管理页面，点击新建分类
2. 输入长度为1到32的合法分类编码
3. 点击保存按钮","1. 成功打开页面并显示新建分类对话框
2. 输入合法编码
3. 保存成功，提示操作成功",1,3,功能测试,功能测试阶段
/数据分类管理（林禹成） - 【新建分类】 - * 分类编码 - 限制/,数据分类管理（林禹成） - 【新建分类】 - * 分类编码 - 限制 - 仅支持英文字母、数字、_,系统已启动，用户已登录，进入数据分类管理的新建分类页面,"1. 进入新建分类页面
2. 在分类编码输入框中输入包含特殊字符（如中文、空格）
3. 点击保存按钮","1. 成功打开新建分类页面
2. 输入框无法输入或提示错误信息
3. 系统提示编码格式错误，保存失败",1,1,功能测试,功能测试阶段
/数据分类管理（林禹成） - 【新建分类】 - * 分类名称 - 限制/,数据分类管理（林禹成） - 【新建分类】 - * 分类名称 - 限制 - 长度 [1，32],系统已启动，用户已登录，进入数据分类管理页面,1. 点击新建分类按钮\n2. 在分类名称输入框中输入32个字符的字符串\n3. 点击保存按钮,,1,2,功能测试,功能测试阶段
/数据分类管理（林禹成） - 【新建分类】 - * 分类名称 - 限制/,数据分类管理（林禹成） - 【新建分类】 - * 分类名称 - 限制 - 仅支持中英文字母、数字,系统已启动，用户已登录,"1. 打开数据分类管理页面并点击新建分类
2. 输入包含特殊字符的分类名称
3. 点击保存按钮","1. 弹出新建分类对话框
2. 输入框可输入但保存时校验
3. 系统提示“分类名称仅支持中英文字母、数字”且保存失败",1,2,功能测试,功能测试阶段
/数据分类管理（林禹成） - 【新建分类】 - 【取消】/,数据分类管理（林禹成） - 【新建分类】 - 【取消】 - 关闭弹框，不保存,系统已启动，用户已登录,"1. 打开数据分类管理页面
2. 点击新建分类按钮
3. 点击取消按钮","1. 成功打开数据分类管理页面
2. 弹出新建分类弹框
3. 弹框关闭，不保存任何数据",1,3,功能测试,功能测试阶段
/数据分类管理（林禹成） - 【新建分类】 - 【保存】 - 校验/,数据分类管理（林禹成） - 【新建分类】 - 【保存】 - 校验 - 必填项,系统已启动，用户已登录，进入数据分类管理页面,"1. 点击新建分类按钮
2. 不填写必填项，直接点击保存按钮
3. 检查页面提示信息","1. 弹出新建分类窗口
2. 系统提示必填项不能为空
3. 分类未保存成功",1,3,功能测试,功能测试阶段
/数据分类管理（林禹成） - 【新建分类】 - 【保存】 - 校验/,数据分类管理（林禹成） - 【新建分类】 - 【保存】 - 校验 - 分类编码唯一性校验,系统已启动，用户已登录且进入数据分类管理页面,"1. 点击新建分类按钮
2. 输入已存在的分类编码
3. 点击保存按钮","1. 弹出新建分类对话框
2. 输入框中显示编码
3. 系统提示“分类编码已存在”错误信息",1,3,功能测试,功能测试阶段
/数据分类管理（林禹成） - 【新建分类】 - 【保存】 - 校验/,数据分类管理（林禹成） - 【新建分类】 - 【保存】 - 校验 - 分类名称唯一性校验,系统已启动，用户已登录，且已存在一个分类名称,"1. 进入新建分类页面
2. 输入已存在的分类名称
3. 点击保存按钮","1. 成功打开新建分类页面
2. 输入已存在的名称
3. 系统提示分类名称已存在，保存失败",1,2,功能测试,功能测试阶段
/数据分类管理（林禹成） - 列表页 - 分类编码/,数据分类管理（林禹成） - 列表页 - 分类编码 - 新增时填写的一致,系统已启动，用户已登录，至少存在一条分类数据,"1. 进入数据分类管理列表页，记录已有分类编码
2. 点击新增按钮，输入相同的分类编码
3. 点击提交按钮","1. 列表页显示已有的分类编码
2. 可正常输入
3. 系统提示分类编码已存在或保存失败",1,2,功能测试,功能测试阶段
/数据分类管理（林禹成） - 列表页 - 分类名称/,数据分类管理（林禹成） - 列表页 - 分类名称 - 新增时填写的一致,系统已启动，用户已登录,"1. 打开数据分类管理列表页
2. 新增一个分类，填写分类名称
3. 在列表页中查看新增的分类名称","1. 成功打开列表页
2. 新增成功并提示操作成功
3. 列表页显示的分类名称与新增时填写的一致",1,4,功能测试,功能测试阶段
/数据分类管理（林禹成） - 列表页/,数据分类管理（林禹成） - 列表页 - 样本数,系统已启动，用户已登录，且有数据分类管理权限,"1. 打开数据分类管理列表页
2. 查看页面中显示的样本数","1. 成功打开列表页，页面正常加载
2. 样本数显示正确，与后台数据一致",1,4,功能测试,功能测试阶段
/数据分类管理（林禹成） - 列表页/,数据分类管理（林禹成） - 列表页 - 视频数,系统已启动，用户已登录,"1. 进入数据分类管理列表页
2. 查看视频数字段","1. 列表页正常显示
2. 视频数字段正确显示每个分类下的视频数量",1,1,功能测试,功能测试阶段
/数据分类管理（林禹成） - 列表页 - 更新时间/,数据分类管理（林禹成） - 列表页 - 更新时间 - 改为“创建时间”,系统已启动，用户已登录，处于数据分类管理列表页,"1. 打开数据分类管理列表页
2. 查看列表中的时间字段标题
3. 确认时间字段显示为“创建时间”","1. 页面加载成功
2. 时间字段标题从“更新时间”变为“创建时间”
3. 页面无异常提示",1,2,功能测试,功能测试阶段
/数据分类管理（林禹成） - 列表页 - 操作 - 【编辑】 - * 分类编码/,数据分类管理（林禹成） - 列表页 - 操作 - 【编辑】 - * 分类编码 - 应该置灰，不允许修改,系统已启动，用户已登录，位于数据分类管理列表页,"1. 在列表页点击某个数据分类的“编辑”按钮
2. 在弹出的编辑对话框中，检查分类编码输入框","1. 弹出编辑对话框
2. 分类编码输入框置灰且不可编辑",1,1,功能测试,功能测试阶段
/数据分类管理（林禹成） - 列表页 - 操作 - 【编辑】 - * 分类名称 - 限制/,数据分类管理（林禹成） - 列表页 - 操作 - 【编辑】 - * 分类名称 - 限制 - 长度 [1，32],系统已启动，用户已登录,"1. 打开数据分类列表页
2. 点击编辑按钮，在分类名称输入框中输入32个有效字符
3. 点击保存按钮","1. 成功打开列表页
2. 输入内容正确显示且未超出限制
3. 系统提示保存成功",1,4,功能测试,功能测试阶段
/数据分类管理（林禹成） - 列表页 - 操作 - 【编辑】 - * 分类名称 - 限制/,数据分类管理（林禹成） - 列表页 - 操作 - 【编辑】 - * 分类名称 - 限制 - 仅支持中英文字母、数字,系统已启动，用户已登录,"1. 打开数据分类管理列表页
2. 点击编辑按钮进入编辑界面
3. 在分类名称输入框中输入包含特殊字符的文本","1. 成功打开列表页
2. 成功进入编辑界面
3. 系统提示输入格式错误或限制特殊字符输入",1,1,功能测试,功能测试阶段
/数据分类管理（林禹成） - 列表页 - 操作 - 【编辑】 - 【取消】/,数据分类管理（林禹成） - 列表页 - 操作 - 【编辑】 - 【取消】 - 关闭弹框，不保存,系统已启动，用户已登录,"1. 打开数据分类管理列表页
2. 点击某个数据分类的编辑按钮
3. 在编辑弹框中点击取消按钮","1. 列表页正常显示
2. 弹出编辑弹框
3. 弹框关闭，数据未保存",1,1,功能测试,功能测试阶段
/数据分类管理（林禹成） - 列表页 - 操作 - 【编辑】 - 【保存】 - 校验/,数据分类管理（林禹成） - 列表页 - 操作 - 【编辑】 - 【保存】 - 校验 - 必填项,系统已启动，用户已登录，存在数据分类记录,"1. 打开数据分类列表页
2. 点击某条记录的编辑按钮
3. 清空必填项后点击保存","1. 列表页加载正常
2. 弹出编辑窗口或进入编辑页面
3. 系统提示必填项不能为空，保存失败",1,3,功能测试,功能测试阶段
/数据分类管理（林禹成） - 列表页 - 操作 - 【编辑】 - 【保存】 - 校验/,数据分类管理（林禹成） - 列表页 - 操作 - 【编辑】 - 【保存】 - 校验 - 分类名称唯一性校验,系统已启动，用户已登录，数据分类列表存在可编辑的分类,"1. 打开数据分类管理列表页，点击任一分类的【编辑】按钮
2. 在编辑弹窗中，将分类名称修改为一个已存在的分类名称
3. 点击【保存】按钮","1. 页面正常加载，编辑弹窗弹出
2. 输入框显示已存在的分类名称
3. 系统提示“分类名称已存在”或类似唯一性校验错误信息",1,3,功能测试,功能测试阶段
/数据分类管理（林禹成） - 列表页 - 操作 - 【删除】 - 二次确认“确定删除分类「分类名称」吗？” - 【取消】/,数据分类管理（林禹成） - 列表页 - 操作 - 【删除】 - 二次确认“确定删除分类「分类名称」吗？” - 【取消】 - 关闭弹框,系统已启动，用户已登录，在数据分类管理列表页,"1. 点击目标分类的删除按钮
2. 在确认弹框中点击“取消”","1. 弹出确认对话框，显示“确定删除分类「分类名称」吗？”
2. 确认对话框关闭，分类未被删除",1,2,功能测试,功能测试阶段
/数据分类管理（林禹成） - 列表页 - 操作 - 【删除】 - 二次确认“确定删除分类「分类名称」吗？” - 【确认】 - 校验/,数据分类管理（林禹成） - 列表页 - 操作 - 【删除】 - 二次确认“确定删除分类「分类名称」吗？” - 【确认】 - 校验 - 已被任务使用的分类，不允许删除,系统已启动，用户已登录,"1. 在数据分类管理列表页，选择已被任务使用的分类，点击删除按钮
2. 在二次确认弹窗中，点击确认按钮
3. 校验系统提示信息","1. 弹出二次确认对话框，显示“确定删除分类「分类名称」吗？”
2. 系统不执行删除操作
3. 提示“已被任务使用的分类，不允许删除”",1,2,功能测试,功能测试阶段
/其他（共同） - 数据正确性验证/,其他（共同） - 数据正确性验证 - ​全链路数据准确性验证方案​,系统已启动，用户已登录，测试数据准备就绪,"1. 在页面输入测试数据
2. 点击提交按钮
3. 查询数据库和系统返回结果","1. 数据成功输入
2. 系统返回操作成功
3. 数据库记录与输入数据完全一致",1,1,功能测试,功能测试阶段
/其他（共同） - 数据正确性验证 - 单 MCAP 单次转换 + 标注 + 导出全链路验证（封伟） - 步骤 - 1 - 采集工程师进入“我的采集”，选择该任务，上传MCAP文件，完成采集（点击“完成采集”）/,其他（共同） - 数据正确性验证 - 单 MCAP 单次转换 + 标注 + 导出全链路验证（封伟） - 步骤 - 1 - 采集工程师进入“我的采集”，选择该任务，上传MCAP文件，完成采集（点击“完成采集”） - 文件上传成功，任务状态变更为“已采集”，系统自动解析生成transfer_id，mcap_video_frames和mcap_topic_messages表中插入数据,采集工程师已登录，系统正常运行，任务已创建并处于待采集状态,1. 采集工程师进入“我的采集”，选择该任务，上传MCAP文件，完成采集,1. 文件上传成功，任务状态变更为“已采集”，系统自动解析生成transfer_id，mcap_video_frames和mcap_topic_messages表中插入数据,1,1,功能测试,功能测试阶段
/其他（共同） - 数据正确性验证 - 单 MCAP 单次转换 + 标注 + 导出全链路验证（封伟） - 步骤 - 2 - 标注工程师进入“我的标注”，打开该任务，默认基准相机为左臂（或系统指定），不做任何切换，直接标注一段10秒区间（如视频10 - 20秒），标注层级L1、L2、L3均填写描述，点击“保存草稿” - 保存成功，task_annotations表生成记录，playback中baseline_camera_key为默认相机，baseline_start_time_ns与baseline_end_time_ns对应10/,其他（共同） - 数据正确性验证 - 单 MCAP 单次转换 + 标注 + 导出全链路验证（封伟） - 步骤 - 2 - 标注工程师进入“我的标注”，打开该任务，默认基准相机为左臂（或系统指定），不做任何切换，直接标注一段10秒区间（如视频10 - 20秒），标注层级L1、L2、L3均填写描述，点击“保存草稿” - 保存成功，task_annotations表生成记录，playback中baseline_camera_key为默认相机，baseline_start_time_ns与baseline_end_time_ns对应10 - 20秒真实时间戳,标注工程师已登录，且存在一个待标注的任务,1. 标注工程师进入“我的标注”，打开该任务，确认默认基准相机为左臂（或系统指定）\n2. 不做任何切换，直接标注一段10秒区间（如视频10-20秒），标注层级L1、L2、L3均填写描述\n3. 点击“保存草稿”,,1,1,功能测试,功能测试阶段
/其他（共同） - 数据正确性验证 - 单 MCAP 单次转换 + 标注 + 导出全链路验证（封伟） - 步骤 - 3 - 刷新页面，确认基准、标注段均保持不变；继续标注另一段5秒区间，点击“提交标注”/,其他（共同） - 数据正确性验证 - 单 MCAP 单次转换 + 标注 + 导出全链路验证（封伟） - 步骤 - 3 - 刷新页面，确认基准、标注段均保持不变；继续标注另一段5秒区间，点击“提交标注” - 提交成功，任务从“我的标注”消失，进入“我的质检”,系统已启动，用户已登录,"1. 刷新页面
2. 确认基准、标注段均保持不变
3. 继续标注另一段5秒区间，点击“提交标注”","1. 页面刷新成功
2. 基准、标注段内容与刷新前一致
3. 提交成功，任务从“我的标注”消失，进入“我的质检”",1,1,功能测试,功能测试阶段
/其他（共同） - 数据正确性验证 - 单 MCAP 单次转换 + 标注 + 导出全链路验证（封伟） - 步骤 - 4 - 质检工程师进入“我的质检”，打开该任务，确认基准相机为左臂，标注段完整显示；不做修改，点击“完成质检”/,其他（共同） - 数据正确性验证 - 单 MCAP 单次转换 + 标注 + 导出全链路验证（封伟） - 步骤 - 4 - 质检工程师进入“我的质检”，打开该任务，确认基准相机为左臂，标注段完整显示；不做修改，点击“完成质检” - 任务流转，状态变更为“已质检”,系统已启动，用户已登录，且存在已标注的质检任务,"1. 进入“我的质检”，打开该任务
2. 确认基准相机为左臂，标注段完整显示
3. 点击“完成质检”","1. 成功打开任务详情页
2. 显示基准相机为左臂，标注段完整
3. 任务状态变更为“已质检”",1,1,功能测试,功能测试阶段
/其他（共同） - 数据正确性验证 - 单 MCAP 单次转换 + 标注 + 导出全链路验证（封伟） - 步骤 - 5 - 算法工程师进入“数据转换”，选择该任务，目标格式选“leRobotV3”，点击“开始转换”/,其他（共同） - 数据正确性验证 - 单 MCAP 单次转换 + 标注 + 导出全链路验证（封伟） - 步骤 - 5 - 算法工程师进入“数据转换”，选择该任务，目标格式选“leRobotV3”，点击“开始转换” - 转换任务创建成功，conversion_jobs表中生成记录，状态为“进行中”,系统已启动，算法工程师已登录并进入数据转换页面,1. 选择该任务，目标格式选“leRobotV3”，点击“开始转换”,1. 转换任务创建成功，conversion_jobs表中生成记录，状态为“进行中”,1,2,功能测试,功能测试阶段
/其他（共同） - 数据正确性验证 - 单 MCAP 单次转换 + 标注 + 导出全链路验证（封伟） - 步骤 - 6 - 等待转换完成，在“已转换”列表中查看，点击“详情”检查产物/,其他（共同） - 数据正确性验证 - 单 MCAP 单次转换 + 标注 + 导出全链路验证（封伟） - 步骤 - 6 - 等待转换完成，在“已转换”列表中查看，点击“详情”检查产物 - 转换状态变更为“成功”，输出产物包含parquet、video、meta json（含episode_video_map.json、vla_annotation_export.json等）,系统已启动，用户已登录，已提交单MCAP单次转换任务,"1. 等待转换任务完成
2. 在“已转换”列表中查看任务，点击“详情”
3. 检查产物列表","1. 转换状态显示为“成功”
2. 详情页面显示产物信息
3. 输出产物包含parquet、video、meta json（含episode_video_map.json、vla_annotation_export.json等）",1,3,功能测试,功能测试阶段
/其他（共同） - 数据正确性验证 - 单 MCAP 单次转换 + 标注 + 导出全链路验证（封伟） - 步骤 - 7 - 下载parquet文件，读取episode_index=0的数据，检查：①行数=标注段时长×FPS；②original_timestamp_ns在标注段范围内；③annotation.leaf_id与标注时选择的描述一致；④source.transfer_id等于步骤1生成的transfer_id/,其他（共同） - 数据正确性验证 - 单 MCAP 单次转换 + 标注 + 导出全链路验证（封伟） - 步骤 - 7 - 下载parquet文件，读取episode_index=0的数据，检查：①行数=标注段时长×FPS；②original_timestamp_ns在标注段范围内；③annotation.leaf_id与标注时选择的描述一致；④source.transfer_id等于步骤1生成的transfer_id - 所有检查项通过，无异常值,系统已启动，用户已登录，全链路数据已生成,"1. 下载parquet文件
2. 读取episode_index=0的数据
3. 检查行数、original_timestamp_ns、annotation.leaf_id、source.transfer_id","1. 文件下载成功
2. 数据读取正常
3. 所有检查项通过，无异常值",1,3,功能测试,功能测试阶段
/其他（共同） - 数据正确性验证 - 单 MCAP 单次转换 + 标注 + 导出全链路验证（封伟） - 步骤 - 8 - 播放导出的视频文件（基准相机），对比视频时间与parquet的timestamp，开头0点与标注段起始对齐，结尾与结束对齐/,其他（共同） - 数据正确性验证 - 单 MCAP 单次转换 + 标注 + 导出全链路验证（封伟） - 步骤 - 8 - 播放导出的视频文件（基准相机），对比视频时间与parquet的timestamp，开头0点与标注段起始对齐，结尾与结束对齐 - 视频播放正常，时间轴与标注段完全对应,已完成单MCAP单次转换、标注和导出操作,"1. 打开导出的视频文件（基准相机）
2. 播放视频，记录视频起始时间与标注段起始时间
3. 对比视频时间与parquet文件的timestamp对应关系","1. 视频文件正常播放
2. 视频开头0点与标注段起始对齐
3. 视频结尾与标注段结束对齐",1,4,功能测试,功能测试阶段
/其他（共同） - 数据正确性验证 - 单 MCAP 单次转换 + 标注 + 导出全链路验证（封伟） - 结论/,其他（共同） - 数据正确性验证 - 单 MCAP 单次转换 + 标注 + 导出全链路验证（封伟） - 结论 - 任务状态正常流转，无报错,系统已启动，用户已登录,"1. 执行单 MCAP 单次转换任务
2. 对转换结果进行标注
3. 导出标注后的数据","1. 转换任务成功完成
2. 标注操作正常
3. 导出成功且数据正确",1,1,功能测试,功能测试阶段
/其他（共同） - 数据正确性验证 - 单 MCAP 单次转换 + 标注 + 导出全链路验证（封伟） - 结论/,其他（共同） - 数据正确性验证 - 单 MCAP 单次转换 + 标注 + 导出全链路验证（封伟） - 结论 - 最终parquet所有行的时间戳、标注字段、源ID均可追溯到本次唯一的MCAP转换和标注,系统已启动，用户已登录,"1. 执行单MCAP单次转换并标注
2. 导出最终parquet文件
3. 检查parquet文件中所有行的时间戳、标注字段、源ID","1. 成功完成转换和标注
2. 成功导出parquet文件
3. 所有行的时间戳与转换时间一致，标注字段正确，源ID可追溯到本次唯一的MCAP",1,1,功能测试,功能测试阶段
/其他（共同） - 数据正确性验证 - 单 MCAP 单次转换 + 标注 + 导出全链路验证（封伟） - 结论/,其他（共同） - 数据正确性验证 - 单 MCAP 单次转换 + 标注 + 导出全链路验证（封伟） - 结论 - 视频文件时长与标注段时长一致,系统已启动，用户已登录，存在单MCAP测试数据,"1. 执行单MCAP单次转换
2. 对转换后的视频进行标注
3. 导出标注结果，比对视频时长与标注段时长","1. 转换成功生成视频文件
2. 标注操作成功完成
3. 视频文件时长与标注段时长一致",1,1,功能测试,功能测试阶段
/其他（共同） - 数据正确性验证 - 单任务多个MCAP转换后再标注导出数据隔离验证（封伟）/,其他（共同） - 数据正确性验证 - 单任务多个MCAP转换后再标注导出数据隔离验证（封伟） - 前置条件：准备 2 个版本的同场景 MCAP 文件（v1.mcap、v2.mcap，时间范围、内容有差异）,准备 2 个版本的同场景 MCAP 文件（v1.mcap、v2.mcap，时间范围、内容有差异）,"1.
2.
3.
",,1,1,功能测试,功能测试阶段
/其他（共同） - 数据正确性验证 - 单任务多个MCAP转换后再标注导出数据隔离验证（封伟） - 步骤 - 1 - 创建任务，目标数量 = 2，指派给采集工程师/,其他（共同） - 数据正确性验证 - 单任务多个MCAP转换后再标注导出数据隔离验证（封伟） - 步骤 - 1 - 创建任务，目标数量 = 2，指派给采集工程师 - 任务创建成功，task_id=T001,系统已启动，用户已登录,1. 创建任务，目标数量 = 2，指派给采集工程师,1. 任务创建成功，task_id=T001,1,3,功能测试,功能测试阶段
/其他（共同） - 数据正确性验证 - 单任务多个MCAP转换后再标注导出数据隔离验证（封伟） - 步骤 - 2 - 采集工程师上传 v1.mcap，完成采集，系统自动解析/,其他（共同） - 数据正确性验证 - 单任务多个MCAP转换后再标注导出数据隔离验证（封伟） - 步骤 - 2 - 采集工程师上传 v1.mcap，完成采集，系统自动解析 - 解析成功，生成 transfer_id=TR001,系统已启动，用户已登录，采集工程师具备上传权限,"1. 上传 v1.mcap 文件
2. 系统自动完成采集及解析
3. 系统生成 transfer_id","1. 上传成功
2. 解析成功，无错误
3. 生成 transfer_id=TR001",1,4,功能测试,功能测试阶段
"/其他（共同） - 数据正确性验证 - 单任务多个MCAP转换后再标注导出数据隔离验证（封伟） - 步骤 - 3 - 执行 SQL 查询转换记录：SELECT transfer_id, task_file_id, status, created_at FROM mcap_transfers WHERE task_id = 'T001'/","其他（共同） - 数据正确性验证 - 单任务多个MCAP转换后再标注导出数据隔离验证（封伟） - 步骤 - 3 - 执行 SQL 查询转换记录：SELECT transfer_id, task_file_id, status, created_at FROM mcap_transfers WHERE task_id = 'T001' - 返回 1 条记录，transfer_id=TR001，对应 v1.mcap",系统已启动，用户已登录，存在单任务T001且已执行多个MCAP转换并标注,"1. 执行 SQL 查询转换记录：SELECT transfer_id, task_file_id, status, created_at FROM mcap_transfers WHERE task_id = 'T001'",1. 返回 1 条记录，transfer_id=TR001，对应 v1.mcap,1,4,功能测试,功能测试阶段
"/其他（共同） - 数据正确性验证 - 单任务多个MCAP转换后再标注导出数据隔离验证（封伟） - 步骤 - 4 - 执行 SQL 查询 v1 的帧时间：SELECT MIN(publish_time_ns) as min_ns, MAX(publish_time_ns) as max_ns FROM mcap_video_frames WHERE transfer_id = 'TR001'/","其他（共同） - 数据正确性验证 - 单任务多个MCAP转换后再标注导出数据隔离验证（封伟） - 步骤 - 4 - 执行 SQL 查询 v1 的帧时间：SELECT MIN(publish_time_ns) as min_ns, MAX(publish_time_ns) as max_ns FROM mcap_video_frames WHERE transfer_id = 'TR001' - 得到 v1 的时间范围：[T1_start, T1_end]",系统中存在 transfer_id = 'TR001' 的转换任务,"1. 执行 SQL 查询：SELECT MIN(publish_time_ns) as min_ns, MAX(publish_time_ns) as max_ns FROM mcap_video_frames WHERE transfer_id = 'TR001'","1. 查询返回正确的最小和最大时间戳，记为 [T1_start, T1_end]",1,1,功能测试,功能测试阶段
/其他（共同） - 数据正确性验证 - 单任务多个MCAP转换后再标注导出数据隔离验证（封伟） - 步骤 - 5 - 上传 v2.mcap，完成采集，系统自动解析/,其他（共同） - 数据正确性验证 - 单任务多个MCAP转换后再标注导出数据隔离验证（封伟） - 步骤 - 5 - 上传 v2.mcap，完成采集，系统自动解析 - 解析成功，生成 transfer_id=TR002,系统已启动，用户已登录,"1. 上传 v2.mcap 文件
2. 完成采集
3. 系统自动解析","1. 文件上传成功
2. 采集完成
3. 解析成功，生成 transfer_id=TR002",1,3,功能测试,功能测试阶段
/其他（共同） - 数据正确性验证 - 单任务多个MCAP转换后再标注导出数据隔离验证（封伟） - 步骤 - 6 - 重复步骤 3 的查询/,其他（共同） - 数据正确性验证 - 单任务多个MCAP转换后再标注导出数据隔离验证（封伟） - 步骤 - 6 - 重复步骤 3 的查询 - 返回 2 条转换记录，TR001 和 TR002 独立存在，无覆盖,系统已启动，用户已登录，已完成单任务多个MCAP转换并得到转换记录TR001和TR002,1. 重复步骤3的查询操作,1. 返回2条转换记录，TR001和TR002独立存在，无覆盖,1,1,功能测试,功能测试阶段
"/其他（共同） - 数据正确性验证 - 单任务多个MCAP转换后再标注导出数据隔离验证（封伟） - 步骤 - 7 - 执行 SQL 查询 v2 的帧时间：SELECT MIN(publish_time_ns) as min_ns, MAX(publish_time_ns) as max_ns FROM mcap_video_frames WHERE transfer_id = 'TR002'/","其他（共同） - 数据正确性验证 - 单任务多个MCAP转换后再标注导出数据隔离验证（封伟） - 步骤 - 7 - 执行 SQL 查询 v2 的帧时间：SELECT MIN(publish_time_ns) as min_ns, MAX(publish_time_ns) as max_ns FROM mcap_video_frames WHERE transfer_id = 'TR002' - 得到 v2 的时间范围：[T2_start, T2_end]，与 v1 的时间范围有明显差异",系统已启动，用户已登录，存在转换记录 TR001 和 TR002，且 v1 与 v2 时间范围不同,"1. 执行 SQL 查询：SELECT MIN(publish_time_ns) as min_ns, MAX(publish_time_ns) as max_ns FROM mcap_video_frames WHERE transfer_id = 'TR002'","1. 查询成功返回，得到 v2 的时间范围 [T2_start, T2_end]，与 v1 的时间范围有明显差异",1,2,功能测试,功能测试阶段
"/其他（共同） - 数据正确性验证 - 单任务多个MCAP转换后再标注导出数据隔离验证（封伟） - 步骤 - 8 - 执行 SQL 查询帧表是否存在跨 transfer 混用：SELECT COUNT(*) FROM mcap_video_frames WHERE transfer_id NOT IN ('TR001', 'TR002') AND task_id = 'T001'/","其他（共同） - 数据正确性验证 - 单任务多个MCAP转换后再标注导出数据隔离验证（封伟） - 步骤 - 8 - 执行 SQL 查询帧表是否存在跨 transfer 混用：SELECT COUNT(*) FROM mcap_video_frames WHERE transfer_id NOT IN ('TR001', 'TR002') AND task_id = 'T001' - 返回 0，无其他转换的数据残留",系统已启动，用户已登录，任务T001已创建并包含transfer TR001和TR002,"1. 执行SQL查询：SELECT COUNT(*) FROM mcap_video_frames WHERE transfer_id NOT IN ('TR001', 'TR002') AND task_id = 'T001'",1. 查询结果为0，无其他转换的数据残留,1,1,功能测试,功能测试阶段
/其他（共同） - 数据正确性验证 - 单任务多个MCAP转换后再标注导出数据隔离验证（封伟） - 步骤 - 9 - 分别基于 TR001 和 TR002 完成标注、质检，发起 LeRobot 转换/,其他（共同） - 数据正确性验证 - 单任务多个MCAP转换后再标注导出数据隔离验证（封伟） - 步骤 - 9 - 分别基于 TR001 和 TR002 完成标注、质检，发起 LeRobot 转换 - 两个转换任务均成功，生成 job_id=JOB001（对应 TR001）、JOB002（对应 TR002）,系统已登录，已有任务TR001和TR002,1. 分别基于TR001和TR002完成标注、质检，发起LeRobot转换,1. 两个转换任务均成功，生成job_id=JOB001（对应TR001）、JOB002（对应TR002）,1,1,功能测试,功能测试阶段
/其他（共同） - 数据正确性验证 - 单任务多个MCAP转换后再标注导出数据隔离验证（封伟） - 步骤 - 10 - 下载 JOB001 的 parquet 文件，读取 source.transfer_id 字段和 original_timestamp_ns 列/,"其他（共同） - 数据正确性验证 - 单任务多个MCAP转换后再标注导出数据隔离验证（封伟） - 步骤 - 10 - 下载 JOB001 的 parquet 文件，读取 source.transfer_id 字段和 original_timestamp_ns 列 - transfer_id=TR001，所有时间戳落在 [T1_start, T1_end] 范围内",系统已启动，用户已登录,"1. 下载 JOB001 的 parquet 文件
2. 读取 source.transfer_id 字段和 original_timestamp_ns 列
3. 验证 transfer_id=TR001 且所有时间戳在 [T1_start, T1_end] 内","1. 成功下载 parquet 文件
2. 成功读取字段和列
3. 验证通过，所有记录符合条件",1,4,功能测试,功能测试阶段
/其他（共同） - 数据正确性验证 - 单任务多个MCAP转换后再标注导出数据隔离验证（封伟） - 步骤 - 11 - 下载 JOB002 的 parquet 文件，读取 source.transfer_id 字段和 original_timestamp_ns 列/,"其他（共同） - 数据正确性验证 - 单任务多个MCAP转换后再标注导出数据隔离验证（封伟） - 步骤 - 11 - 下载 JOB002 的 parquet 文件，读取 source.transfer_id 字段和 original_timestamp_ns 列 - transfer_id=TR002，所有时间戳落在 [T2_start, T2_end] 范围内",系统已启动，用户已登录，JOB002任务已完成转换且parquet文件已生成,"1. 下载JOB002的parquet文件
2. 读取source.transfer_id字段和original_timestamp_ns列
3. 验证transfer_id为TR002且所有时间戳在[T2_start, T2_end]内","1. 成功下载parquet文件
2. 成功读取字段和列数据
3. 验证通过：transfer_id=TR002，时间戳全部落在[T2_start, T2_end]范围内",1,4,功能测试,功能测试阶段
/其他（共同） - 数据正确性验证 - 单任务多个MCAP转换后再标注导出数据隔离验证（封伟） - 步骤 - 12 - 对比两个 parquet 的 original_timestamp_ns 集合/,其他（共同） - 数据正确性验证 - 单任务多个MCAP转换后再标注导出数据隔离验证（封伟） - 步骤 - 12 - 对比两个 parquet 的 original_timestamp_ns 集合 - 无重叠，两次转换数据完全隔离,系统已启动，用户已登录，单任务多个MCAP转换已完成,"1. 获取第一次转换的parquet文件的original_timestamp_ns集合
2. 获取第二次转换的parquet文件的original_timestamp_ns集合
3. 对比两个集合，检查是否有重叠","1. 成功获取第一次转换的集合
2. 成功获取第二次转换的集合
3. 两个集合无重叠，数据完全隔离",1,1,功能测试,功能测试阶段
/其他（共同） - 数据正确性验证 - 单任务多个MCAP转换后再标注导出数据隔离验证（封伟）/,其他（共同） - 数据正确性验证 - 单任务多个MCAP转换后再标注导出数据隔离验证（封伟） - 结论：数据不覆盖、不混用、输出不交叉,系统已启动，用户已登录，且已准备好包含多个MCAP文件的转换任务,"1. 创建单任务并添加多个MCAP文件进行转换
2. 对转换后的各结果分别进行标注操作
3. 导出所有标注结果","1. 转换成功且各MCAP文件输出独立
2. 各标注数据互不覆盖、互不混用
3. 导出数据各自独立，无交叉",1,1,功能测试,功能测试阶段
/其他（共同） - 数据正确性验证 - 转换数据完整性验证（封伟）/,其他（共同） - 数据正确性验证 - 转换数据完整性验证（封伟） - 前置条件：上传一个包含左右臂相机、pose、gripper、action topic 的 MCAP 文件，生成 transfer_id=TR003,上传一个包含左右臂相机、pose、gripper、action topic 的 MCAP 文件，生成 transfer_id=TR003,"1. 上传MCAP文件
2. 系统处理生成转换数据
3. 验证转换后数据完整性","1. 文件上传成功
2. 生成正确的transfer_id=TR003
3. 所有topic数据完整无缺失",1,4,功能测试,功能测试阶段
"/其他（共同） - 数据正确性验证 - 转换数据完整性验证（封伟） - 步骤 - 1 - 执行 SQL 查询相机帧连续性：SELECT video_id, COUNT(*) as frame_count, MAX(frame_index) - MIN(frame_index) + 1 as expected_count FROM mcap_video_frames WHERE transfer_id = 'TR003' GROUP BY video_id/","其他（共同） - 数据正确性验证 - 转换数据完整性验证（封伟） - 步骤 - 1 - 执行 SQL 查询相机帧连续性：SELECT video_id, COUNT(*) as frame_count, MAX(frame_index) - MIN(frame_index) + 1 as expected_count FROM mcap_video_frames WHERE transfer_id = 'TR003' GROUP BY video_id - 每个 video_id 的 frame_count 等于 expected_count，帧索引连续无缺失",系统已启动，用户已登录，存在transfer_id为TR003的转换数据,"1. 执行 SQL 查询相机帧连续性：SELECT video_id, COUNT(*) as frame_count, MAX(frame_index) - MIN(frame_index) + 1 as expected_count FROM mcap_video_frames WHERE transfer_id = 'TR003' GROUP BY video_id",1. 查询结果中每个 video_id 的 frame_count 等于 expected_count，表示帧索引连续无缺失,1,1,功能测试,功能测试阶段
"/其他（共同） - 数据正确性验证 - 转换数据完整性验证（封伟） - 步骤 - 2 - 执行 SQL 查询帧时间单调性：SELECT COUNT(*) FROM (SELECT publish_time_ns, LAG(publish_time_ns) OVER (ORDER BY frame_index) as prev_ns FROM mcap_video_frames WHERE transfer_id = 'TR003' AND video_id = '左臂视频ID') t WHERE publish_time_ns <= prev_ns/","其他（共同） - 数据正确性验证 - 转换数据完整性验证（封伟） - 步骤 - 2 - 执行 SQL 查询帧时间单调性：SELECT COUNT(*) FROM (SELECT publish_time_ns, LAG(publish_time_ns) OVER (ORDER BY frame_index) as prev_ns FROM mcap_video_frames WHERE transfer_id = 'TR003' AND video_id = '左臂视频ID') t WHERE publish_time_ns <= prev_ns - 返回 0，帧时间严格单调递增，无倒序",系统已启动，用户已登录,"1. 连接数据库
2. 执行SQL查询：SELECT COUNT(*) FROM (SELECT publish_time_ns, LAG(publish_time_ns) OVER (ORDER BY frame_index) as prev_ns FROM mcap_video_frames WHERE transfer_id = 'TR003' AND video_id = '左臂视频ID') t WHERE publish_time_ns <= prev_ns
3. 检查查询结果","1. 成功连接数据库
2. 查询结果返回0
3. 帧时间严格单调递增，无倒序",1,1,功能测试,功能测试阶段
"/其他（共同） - 数据正确性验证 - 转换数据完整性验证（封伟） - 步骤 - 3 - 执行 SQL 查询 topic 消息完整性：SELECT topic_name, role, COUNT(*) as msg_count FROM mcap_topic_messages WHERE transfer_id = 'TR003' GROUP BY topic_name, role/","其他（共同） - 数据正确性验证 - 转换数据完整性验证（封伟） - 步骤 - 3 - 执行 SQL 查询 topic 消息完整性：SELECT topic_name, role, COUNT(*) as msg_count FROM mcap_topic_messages WHERE transfer_id = 'TR003' GROUP BY topic_name, role - 返回所有预期 topic：・相机 topic（2 个：左右臂）・pose topic（2 个：左右臂）・gripper topic（2 个：左右臂）・action topic（1 个）",系统已连接数据库，存在转换数据TR003,"1. 执行 SQL 查询：SELECT topic_name, role, COUNT(*) as msg_count FROM mcap_topic_messages WHERE transfer_id = 'TR003' GROUP BY topic_name, role
2. 检查查询结果
3. 验证结果中 topic 完整性","1. 查询成功执行并返回结果集
2. 结果集按 topic_name 和 role 分组
3. 结果包含：相机 topic (2 个)、pose topic (2 个)、gripper topic (2 个)、action topic (1 个)",1,2,功能测试,功能测试阶段
"/其他（共同） - 数据正确性验证 - 转换数据完整性验证（封伟） - 步骤 - 4 - 执行 SQL 查询 topic 时间单调性：SELECT COUNT(*) FROM (SELECT publish_time_ns, LAG(publish_time_ns) OVER (ORDER BY publish_time_ns) as prev_ns FROM mcap_topic_messages WHERE transfer_id = 'TR003' AND topic_name = '左臂pose topic') t WHERE publish_time_ns <= prev_ns/","其他（共同） - 数据正确性验证 - 转换数据完整性验证（封伟） - 步骤 - 4 - 执行 SQL 查询 topic 时间单调性：SELECT COUNT(*) FROM (SELECT publish_time_ns, LAG(publish_time_ns) OVER (ORDER BY publish_time_ns) as prev_ns FROM mcap_topic_messages WHERE transfer_id = 'TR003' AND topic_name = '左臂pose topic') t WHERE publish_time_ns <= prev_ns - 返回 0，每个 topic 的消息时间严格单调递增",数据库中存在 transfer_id='TR003' 和 topic_name='左臂pose topic' 的数据,"1. 连接到数据库
2. 执行 SQL 查询：SELECT COUNT(*) FROM (SELECT publish_time_ns, LAG(publish_time_ns) OVER (ORDER BY publish_time_ns) as prev_ns FROM mcap_topic_messages WHERE transfer_id = 'TR003' AND topic_name = '左臂pose topic') t WHERE publish_time_ns <= prev_ns
3. 检查查询结果","1. 数据库连接成功
2. SQL 查询执行成功
3. 返回结果为 0",1,1,功能测试,功能测试阶段
"/其他（共同） - 数据正确性验证 - 转换数据完整性验证（封伟） - 步骤 - 5 - 对比相机帧时间范围和 pose topic 时间范围：SELECT (SELECT MAX(publish_time_ns) FROM mcap_video_frames WHERE transfer_id = 'TR003') - (SELECT MIN(publish_time_ns) FROM mcap_video_frames WHERE transfer_id = 'TR003') as video_duration, (SELECT MAX(publish_time_ns) FROM mcap_topic_messages WHERE transfer_id = 'TR003' AND role = 'pose') - (SELECT MIN(publish_time_ns) FROM mcap_topic_messages WHERE transfer_id = 'TR003' AND role = 'pose') as pose_duration/","其他（共同） - 数据正确性验证 - 转换数据完整性验证（封伟） - 步骤 - 5 - 对比相机帧时间范围和 pose topic 时间范围：SELECT (SELECT MAX(publish_time_ns) FROM mcap_video_frames WHERE transfer_id = 'TR003') - (SELECT MIN(publish_time_ns) FROM mcap_video_frames WHERE transfer_id = 'TR003') as video_duration, (SELECT MAX(publish_time_ns) FROM mcap_topic_messages WHERE transfer_id = 'TR003' AND role = 'pose') - (SELECT MIN(publish_time_ns) FROM mcap_topic_messages WHERE transfer_id = 'TR003' AND role = 'pose') as pose_duration - video_duration 与 pose_duration 差值≤1 秒，时间范围基本重合",系统已启动，用户已登录，数据库中有transfer_id='TR003'的数据,"1. 执行SQL查询计算video_duration和pose_duration
2. 计算差值delta = |video_duration - pose_duration|
3. 检查delta是否≤1秒","1. 查询成功返回两个数值
2. 差值计算正确
3. delta≤1秒，时间范围基本重合",1,2,功能测试,功能测试阶段
/其他（共同） - 数据正确性验证 - 转换数据完整性验证（封伟）/,其他（共同） - 数据正确性验证 - 转换数据完整性验证（封伟） - 结论：数据不丢，顺序正确，时间能够对齐,系统已启动，数据源已连接,"1. 准备包含多条记录的数据源
2. 执行数据转换任务
3. 对比源和目标数据","1. 目标数据记录数与源数据相同
2. 目标数据顺序与源数据一致
3. 时间戳字段完全对齐",1,1,功能测试,功能测试阶段
/其他（共同） - 数据正确性验证 - Parquet 基础结构验证（封伟）/,其他（共同） - 数据正确性验证 - Parquet 基础结构验证（封伟） - 前置条件：已成功导出 LeRobot v3 格式数据集，parquet 文件大小≥1GB,已成功导出 LeRobot v3 格式数据集，parquet 文件大小≥1GB,"1. 打开Parquet文件并读取结构
2. 验证基础结构字段（如action、observation等）
3. 验证文件大小和行数","1. 成功读取Parquet文件，无异常
2. 基础结构字段存在且类型正确
3. 文件大小≥1GB，行数符合预期",1,3,功能测试,功能测试阶段
/其他（共同） - 数据正确性验证 - Parquet 基础结构验证（封伟） - 步骤 - 1 - 使用 parquet - tools 查看文件 schema：parquet - tools schema episode_0.parquet/,其他（共同） - 数据正确性验证 - Parquet 基础结构验证（封伟） - 步骤 - 1 - 使用 parquet - tools 查看文件 schema：parquet - tools schema episode_0.parquet - 包含所有必填字段：・时间字段：timestamp、original_timestamp_ns、original_timestamp_sec・标识字段：episode_index、frame_index・数据字段：state、actions、observation.images.left、observation.images.right・标注字段：annotation.leaf_id、annotation.leaf_name、annotation.path、annotation.hierarchy_json・源字段：source.transfer_id、source.task_file_id、source.mcap_path,系统已安装 parquet-tools，且 episode_0.parquet 文件存在,"1. 运行命令：parquet-tools schema episode_0.parquet
2. 检查命令输出是否包含所有必填字段列表","1. 命令成功执行并输出 schema 信息
2. 输出中包含所有必填字段：timestamp、original_timestamp_ns、original_timestamp_sec、episode_index、frame_index、state、actions、observation.images.left、observation.images.right、annotation.leaf_id、annotation.leaf_name、annotation.path、annotation.hierarchy_json、source.transfer_id、source.task_file_id、source.mcap_path",1,1,功能测试,功能测试阶段
/其他（共同） - 数据正确性验证 - Parquet 基础结构验证（封伟） - 步骤 - 2 - 统计 parquet 行数：parquet - tools rowcount episode_0.parquet/,其他（共同） - 数据正确性验证 - Parquet 基础结构验证（封伟） - 步骤 - 2 - 统计 parquet 行数：parquet - tools rowcount episode_0.parquet - 行数 = episode 时长 × 导出 FPS（误差≤1%），例如 30 秒 30FPS=900 行,"系统已启动, parquet文件已生成",1. 统计 parquet 行数: parquet-tools rowcount episode_0.parquet,"1. 行数等于 episode 时长 × 导出 FPS, 误差≤1%",1,2,功能测试,功能测试阶段
"/其他（共同） - 数据正确性验证 - Parquet 基础结构验证（封伟） - 步骤 - 3 - 验证 timestamp 单调性：SELECT COUNT(*) FROM (SELECT timestamp, LAG(timestamp) OVER (ORDER BY timestamp) as prev_ts FROM parquet.episode_0.parquet) t WHERE timestamp <= prev_ts/","其他（共同） - 数据正确性验证 - Parquet 基础结构验证（封伟） - 步骤 - 3 - 验证 timestamp 单调性：SELECT COUNT(*) FROM (SELECT timestamp, LAG(timestamp) OVER (ORDER BY timestamp) as prev_ts FROM parquet.episode_0.parquet) t WHERE timestamp <= prev_ts - 返回 0，timestamp 从 0 开始严格单调递增，步长 = 1/FPS",系统已启动，用户已登录，Parquet 数据已加载,"1. 执行 SQL 查询：SELECT COUNT(*) FROM (SELECT timestamp, LAG(timestamp) OVER (ORDER BY timestamp) as prev_ts FROM parquet.episode_0.parquet) t WHERE timestamp <= prev_ts",1. 查询返回 0，表示 timestamp 严格单调递增，步长 = 1/FPS,1,4,功能测试,功能测试阶段
/其他（共同） - 数据正确性验证 - Parquet 基础结构验证（封伟） - 步骤 - 4 - 验证 timestamp 计算逻辑：SELECT COUNT(*) FROM parquet.episode_0.parquet WHERE timestamp != (original_timestamp_ns - [episode_start_ns]) / 1e9 - 返回 0，timestamp = (original_timestamp_ns/,其他（共同） - 数据正确性验证 - Parquet 基础结构验证（封伟） - 步骤 - 4 - 验证 timestamp 计算逻辑：SELECT COUNT(*) FROM parquet.episode_0.parquet WHERE timestamp != (original_timestamp_ns - [episode_start_ns]) / 1e9 - 返回 0，timestamp = (original_timestamp_ns - episode 起始时间) / 1e9，计算正确,Parquet 表已创建，episode_0.parquet 文件已加载,1. 执行 SQL：SELECT COUNT(*) FROM parquet.episode_0.parquet WHERE timestamp != (original_timestamp_ns - episode_start_ns) / 1e9,1. 查询返回 0，timestamp 计算正确,1,4,功能测试,功能测试阶段
"/其他（共同） - 数据正确性验证 - Parquet 基础结构验证（封伟） - 步骤 - 5 - 验证 original_timestamp_ns 单调性：SELECT COUNT(*) FROM (SELECT original_timestamp_ns, LAG(original_timestamp_ns) OVER (ORDER BY original_timestamp_ns) as prev_ns FROM parquet.episode_0.parquet) t WHERE original_timestamp_ns <= prev_ns/","其他（共同） - 数据正确性验证 - Parquet 基础结构验证（封伟） - 步骤 - 5 - 验证 original_timestamp_ns 单调性：SELECT COUNT(*) FROM (SELECT original_timestamp_ns, LAG(original_timestamp_ns) OVER (ORDER BY original_timestamp_ns) as prev_ns FROM parquet.episode_0.parquet) t WHERE original_timestamp_ns <= prev_ns - 返回 0，原始时间戳严格单调递增",系统已启动，Parquet数据文件存在,"1. 连接到数据库
2. 执行SQL查询：SELECT COUNT(*) FROM (SELECT original_timestamp_ns, LAG(original_timestamp_ns) OVER (ORDER BY original_timestamp_ns) as prev_ns FROM parquet.episode_0.parquet) t WHERE original_timestamp_ns <= prev_ns
3. 获取查询结果","1. 成功连接
2. 查询执行无错误
3. 返回结果为0",1,1,功能测试,功能测试阶段
/其他（共同） - 数据正确性验证 - Parquet 基础结构验证（封伟） - 步骤 - 6 - 验证字段非空性：SELECT COUNT(*) FROM parquet.episode_0.parquet WHERE state IS NULL OR actions IS NULL OR observation.images.left IS NULL OR annotation.leaf_id IS NULL/,其他（共同） - 数据正确性验证 - Parquet 基础结构验证（封伟） - 步骤 - 6 - 验证字段非空性：SELECT COUNT(*) FROM parquet.episode_0.parquet WHERE state IS NULL OR actions IS NULL OR observation.images.left IS NULL OR annotation.leaf_id IS NULL - 返回 0，所有必填字段非空,Parquet 数据已导入，环境配置正确,1. 执行SQL查询：SELECT COUNT(*) FROM parquet.episode_0.parquet WHERE state IS NULL OR actions IS NULL OR observation.images.left IS NULL OR annotation.leaf_id IS NULL,1. 返回结果为0，所有必填字段非空,1,3,功能测试,功能测试阶段
"/其他（共同） - 数据正确性验证 - Parquet 基础结构验证（封伟） - 步骤 - 7 - 验证 state/actions 维度：SELECT size(state) as state_dim, size(actions) as action_dim FROM parquet.episode_0.parquet LIMIT 1/","其他（共同） - 数据正确性验证 - Parquet 基础结构验证（封伟） - 步骤 - 7 - 验证 state/actions 维度：SELECT size(state) as state_dim, size(actions) as action_dim FROM parquet.episode_0.parquet LIMIT 1 - state_dim 与机器人构型的状态维度一致，action_dim 与动作维度一致，无维度错误",系统已启动，Parquet文件episode_0.parquet存在,"1. 执行查询：SELECT size(state) as state_dim, size(actions) as action_dim FROM parquet.episode_0.parquet LIMIT 1
2. 检查查询结果中的state_dim和action_dim值","1. 查询成功执行，返回一行数据
2. state_dim与机器人构型的状态维度一致，action_dim与动作维度一致",1,1,功能测试,功能测试阶段
/其他（共同） - 数据正确性验证 - Parquet 基础结构验证（封伟）/,其他（共同） - 数据正确性验证 - Parquet 基础结构验证（封伟） - 结论：导出的parquet文件结构对不对，数据对不对,系统已启动，用户已登录，存在可导出数据,"1. 执行数据导出操作生成Parquet文件
2. 检查Parquet文件的元数据（列名、数据类型）
3. 读取Parquet文件数据并与源数据进行逐行对比","1. 成功生成Parquet文件
2. 元数据中的列名和数据类型与预期结构一致
3. 文件中的数据与源数据完全一致",1,1,功能测试,功能测试阶段
/其他（共同） - 数据正确性验证 - State/Actions 与源 Topic 一致性验证（封伟）/,其他（共同） - 数据正确性验证 - State/Actions 与源 Topic 一致性验证（封伟） - 前置条件：parquet 文件与 mcap_topic_messages 表数据均已准备好,parquet 文件与 mcap_topic_messages 表数据均已准备好,"1. 读取 parquet 文件中的 State/Actions 数据
2. 查询 mcap_topic_messages 表中对应的源 Topic 数据
3. 对比两组数据的一致性","1. parquet 数据成功加载
2. 查询到匹配的源 Topic 数据
3. 所有字段一致，无差异",1,1,功能测试,功能测试阶段
/其他（共同） - 数据正确性验证 - State/Actions 与源 Topic 一致性验证（封伟） - 步骤 - 1 - 从 parquet 中抽取 20 个采样点的 original_timestamp_ns、state、actions 字段/,其他（共同） - 数据正确性验证 - State/Actions 与源 Topic 一致性验证（封伟） - 步骤 - 1 - 从 parquet 中抽取 20 个采样点的 original_timestamp_ns、state、actions 字段 - 采样点均匀分布在整个 episode 时间范围内,系统已启动，parquet数据可用，源Topic可查询,"1. 从parquet中抽取20个采样点的original_timestamp_ns、state、actions字段
2. 确保采样点均匀分布在整个episode时间范围内
3. 查询源Topic中对应时间点的state和actions数据","1. 成功抽取20个采样点
2. 采样点时间分布均匀
3. 抽取的数据与源Topic中数据完全一致",1,1,功能测试,功能测试阶段
"/其他（共同） - 数据正确性验证 - State/Actions 与源 Topic 一致性验证（封伟） - 步骤 - 2 - 对每个采样点 t，执行 SQL 查询最近的 pose 消息：SELECT state_json, publish_time_ns, ABS(publish_time_ns - t.original_timestamp_ns) as delta_ns FROM mcap_topic_messages WHERE transfer_id = 'TR003' AND role = 'pose' AND publish_time_ns BETWEEN t.original_timestamp_ns - 20000000 AND t.original_timestamp_ns + 20000000 ORDER BY delta_ns LIMIT 1/","其他（共同） - 数据正确性验证 - State/Actions 与源 Topic 一致性验证（封伟） - 步骤 - 2 - 对每个采样点 t，执行 SQL 查询最近的 pose 消息：SELECT state_json, publish_time_ns, ABS(publish_time_ns - t.original_timestamp_ns) as delta_ns FROM mcap_topic_messages WHERE transfer_id = 'TR003' AND role = 'pose' AND publish_time_ns BETWEEN t.original_timestamp_ns - 20000000 AND t.original_timestamp_ns + 20000000 ORDER BY delta_ns LIMIT 1 - delta_ns≤20ms（符合 pose topic 频率）",系统已启动，数据已加载,"1. 执行SQL查询：SELECT state_json, publish_time_ns, ABS(publish_time_ns - t.original_timestamp_ns) as delta_ns FROM mcap_topic_messages WHERE transfer_id = 'TR003' AND role = 'pose' AND publish_time_ns BETWEEN t.original_timestamp_ns - 20000000 AND t.original_timestamp_ns + 20000000 ORDER BY delta_ns LIMIT 1
2. 验证delta_ns是否≤20ms","1. SQL查询成功返回结果
2. delta_ns≤20ms",1,3,功能测试,功能测试阶段
/其他（共同） - 数据正确性验证 - State/Actions 与源 Topic 一致性验证（封伟） - 步骤 - 3 - 解析 state_json，与 parquet 的 state 字段对比 - 每个维度的数值误差≤1e/,其他（共同） - 数据正确性验证 - State/Actions 与源 Topic 一致性验证（封伟） - 步骤 - 3 - 解析 state_json，与 parquet 的 state 字段对比 - 每个维度的数值误差≤1e - 6，无维度颠倒、数值错误,系统已准备，包含待验证的state_json和parquet文件,"1. 解析state_json
2. 读取parquet的state字段
3. 逐维度对比数值，验证误差≤1e-6且顺序一致","1. state_json解析成功
2. parquet字段读取成功
3. 每个维度误差不超过1e-6，维度未颠倒，无数值错误",1,1,功能测试,功能测试阶段
"/其他（共同） - 数据正确性验证 - State/Actions 与源 Topic 一致性验证（封伟） - 步骤 - 4 - 对每个采样点 t，执行 SQL 查询最近的 gripper 消息：SELECT state_json, publish_time_ns, ABS(publish_time_ns - t.original_timestamp_ns) as delta_ns FROM mcap_topic_messages WHERE transfer_id = 'TR003' AND role = 'gripper' AND publish_time_ns BETWEEN t.original_timestamp_ns - 20000000 AND t.original_timestamp_ns + 20000000 ORDER BY delta_ns LIMIT 1/","其他（共同） - 数据正确性验证 - State/Actions 与源 Topic 一致性验证（封伟） - 步骤 - 4 - 对每个采样点 t，执行 SQL 查询最近的 gripper 消息：SELECT state_json, publish_time_ns, ABS(publish_time_ns - t.original_timestamp_ns) as delta_ns FROM mcap_topic_messages WHERE transfer_id = 'TR003' AND role = 'gripper' AND publish_time_ns BETWEEN t.original_timestamp_ns - 20000000 AND t.original_timestamp_ns + 20000000 ORDER BY delta_ns LIMIT 1 - delta_ns≤20ms",数据库已准备，包含TR003的gripper消息,"1. 对每个采样点t执行SQL查询
2. 计算publish_time_ns与original_timestamp_ns的差值delta_ns
3. 验证delta_ns≤20ms","1. SQL查询返回结果
2. delta_ns计算正确
3. 所有采样点的delta_ns≤20ms，数据一致",1,2,功能测试,功能测试阶段
/其他（共同） - 数据正确性验证 - State/Actions 与源 Topic 一致性验证（封伟） - 步骤 - 5 - 验证 gripper 转换逻辑：若产品定义 0 = 打开、1 = 闭合，对比 parquet 的 gripper 字段与 state_json 中的值/,其他（共同） - 数据正确性验证 - State/Actions 与源 Topic 一致性验证（封伟） - 步骤 - 5 - 验证 gripper 转换逻辑：若产品定义 0 = 打开、1 = 闭合，对比 parquet 的 gripper 字段与 state_json 中的值 - 转换逻辑正确，无反向错误,系统已启动，用户已登录，且存在包含gripper字段的parquet文件及对应的state_json数据,"1. 准备包含gripper字段的parquet文件和对应的state_json数据
2. 执行gripper转换逻辑（0=打开，1=闭合）
3. 对比parquet的gripper字段值与state_json中的值","1. 数据准备完成
2. 转换逻辑执行成功
3. 比较结果一致，无反向错误",1,4,功能测试,功能测试阶段
"/其他（共同） - 数据正确性验证 - State/Actions 与源 Topic 一致性验证（封伟） - 步骤 - 6 - 对每个采样点 t，执行 SQL 查询最近的 action 消息：SELECT state_json, publish_time_ns, ABS(publish_time_ns - t.original_timestamp_ns) as delta_ns FROM mcap_topic_messages WHERE transfer_id = 'TR003' AND role = 'action' AND publish_time_ns BETWEEN t.original_timestamp_ns - 50000000 AND t.original_timestamp_ns + 50000000 ORDER BY delta_ns LIMIT 1/","其他（共同） - 数据正确性验证 - State/Actions 与源 Topic 一致性验证（封伟） - 步骤 - 6 - 对每个采样点 t，执行 SQL 查询最近的 action 消息：SELECT state_json, publish_time_ns, ABS(publish_time_ns - t.original_timestamp_ns) as delta_ns FROM mcap_topic_messages WHERE transfer_id = 'TR003' AND role = 'action' AND publish_time_ns BETWEEN t.original_timestamp_ns - 50000000 AND t.original_timestamp_ns + 50000000 ORDER BY delta_ns LIMIT 1 - delta_ns≤50ms（符合 action topic 频率）",数据已准备，采样点已定义,"1. 获取采样点列表
2. 对每个采样点执行SQL查询
3. 验证delta_ns≤50ms","1. 成功获取采样点
2. 查询返回结果
3. 所有采样点的delta_ns≤50ms",1,4,功能测试,功能测试阶段
/其他（共同） - 数据正确性验证 - State/Actions 与源 Topic 一致性验证（封伟） - 步骤 - 7 - 解析 action 的 state_json，与 parquet 的 actions 字段对比 - 每个维度的数值误差≤1e/,其他（共同） - 数据正确性验证 - State/Actions 与源 Topic 一致性验证（封伟） - 步骤 - 7 - 解析 action 的 state_json，与 parquet 的 actions 字段对比 - 每个维度的数值误差≤1e - 6，顺序与 machine_config 一致,系统已启动，数据已准备,"1. 读取 parquet 文件的 actions 字段
2. 解析 action 的 state_json
3. 对比每个维度的数值误差及顺序","1. 成功读取 actions 字段
2. 正确解析 state_json
3. 每个维度数值误差 ≤1e-6 且顺序与 machine_config 一致",1,4,功能测试,功能测试阶段
/其他（共同） - 数据正确性验证 - State/Actions 与源 Topic 一致性验证（封伟）/,其他（共同） - 数据正确性验证 - State/Actions 与源 Topic 一致性验证（封伟） - 结论：原始MCAP消息的准确映射,系统已启动，MCAP文件可用,"1. 加载包含State和Actions的MCAP文件
2. 提取源Topic中的原始数据
3. 对比State/Actions与源Topic数据的一致性","1. MCAP文件成功加载
2. 原始数据正确提取
3. State/Actions与源Topic数据完全一致",1,1,功能测试,功能测试阶段
/其他（共同） - 数据正确性验证 - 多版本导出兼容性验证（封伟）/,其他（共同） - 数据正确性验证 - 多版本导出兼容性验证（封伟） - 前置条件：同一任务分别导出 LeRobot v2 和 v3 格式,同一任务分别导出 LeRobot v2 和 v3 格式,"1. 准备一个任务数据集
2. 导出为 LeRobot v2 格式
3. 导出为 LeRobot v3 格式","1. 数据集准备成功且符合规范
2. 导出的 v2 格式数据正确无报错
3. 导出的 v3 格式数据正确无报错",1,4,功能测试,功能测试阶段
"/其他（共同） - 数据正确性验证 - 多版本导出兼容性验证（封伟） - 步骤 - 1 - 对比 v2 和 v3 的输出路径：SELECT output_s3_prefix FROM conversion_jobs WHERE task_id = 'T001' AND target_format IN ('lerobot_v2', 'lerobot_v3')/","其他（共同） - 数据正确性验证 - 多版本导出兼容性验证（封伟） - 步骤 - 1 - 对比 v2 和 v3 的输出路径：SELECT output_s3_prefix FROM conversion_jobs WHERE task_id = 'T001' AND target_format IN ('lerobot_v2', 'lerobot_v3') - 两个路径不同，无覆盖，v2 路径包含 v2 标识，v3 路径包含 v3 标识",系统已启动，用户已登录,"1. 执行SQL查询：SELECT output_s3_prefix FROM conversion_jobs WHERE task_id = 'T001' AND target_format IN ('lerobot_v2', 'lerobot_v3')
2. 获取查询结果中的两个output_s3_prefix值
3. 比较两个路径是否相同","1. SQL查询成功执行并返回两条记录
2. 两个路径不同，且各自包含对应版本标识
3. 确认无覆盖，路径各自独立",1,4,功能测试,功能测试阶段
/其他（共同） - 数据正确性验证 - 多版本导出兼容性验证（封伟） - 步骤 - 2 - 对比 v2 和 v3 的 parquet 字段/,其他（共同） - 数据正确性验证 - 多版本导出兼容性验证（封伟） - 步骤 - 2 - 对比 v2 和 v3 的 parquet 字段 - 业务字段（original_timestamp_ns、state、actions、annotation）完全相同，仅格式特有字段存在差异,系统已启动，用户已登录,"1. 获取v2版本导出的parquet文件
2. 获取v3版本导出的parquet文件
3. 对比两个文件中业务字段（original_timestamp_ns、state、actions、annotation）的值","1. 成功获取v2版本parquet文件
2. 成功获取v3版本parquet文件
3. 业务字段完全相同，格式特有字段存在差异",1,1,功能测试,功能测试阶段
/其他（共同） - 数据正确性验证 - 多版本导出兼容性验证（封伟） - 步骤 - 3 - 对比 v2 和 v3 的 original_timestamp_ns 列/,其他（共同） - 数据正确性验证 - 多版本导出兼容性验证（封伟） - 步骤 - 3 - 对比 v2 和 v3 的 original_timestamp_ns 列 - 100% 一致，格式转换不改变源时间戳,系统已启动，用户已登录，存在v2和v3版本数据,"1. 导出v2版本数据
2. 导出v3版本数据
3. 对比两版本的original_timestamp_ns列","1. v2数据导出成功
2. v3数据导出成功
3. 两列数据100%一致，格式转换不改变源时间戳",1,4,功能测试,功能测试阶段
/其他（共同） - 数据正确性验证 - 多版本导出兼容性验证（封伟） - 步骤 - 4 - 对比 v2 和 v3 的 annotation 字段/,其他（共同） - 数据正确性验证 - 多版本导出兼容性验证（封伟） - 步骤 - 4 - 对比 v2 和 v3 的 annotation 字段 - 100% 一致，格式转换不改变标注内容,系统已准备v2和v3版本数据，用户已登录,"1. 导出v2版本的annotation字段
2. 导出v3版本的annotation字段
3. 对比两个字段内容","1. 成功导出v2 annotation
2. 成功导出v3 annotation
3. 两个字段100%一致，标注内容格式转换后不变",1,2,功能测试,功能测试阶段
/其他（共同） - 数据正确性验证 - 多版本导出兼容性验证（封伟） - 步骤 - 5 - 对比 v2 和 v3 的 state/actions 字段/,其他（共同） - 数据正确性验证 - 多版本导出兼容性验证（封伟） - 步骤 - 5 - 对比 v2 和 v3 的 state/actions 字段 - 数值 100% 一致，无转换误差,系统已启动，用户已登录，v2和v3版本导出数据已就绪,"1. 获取v2版本的state/actions字段数据
2. 获取v3版本的state/actions字段数据
3. 对比两者数值是否100%一致","1. 成功获取v2数据
2. 成功获取v3数据
3. 对比结果：数值100%一致，无转换误差",1,2,功能测试,功能测试阶段
/其他（共同） - 数据正确性验证 - 多版本导出兼容性验证（封伟） - 步骤 - 6 - 分别验证 v2 和 v3 的视频文件/,其他（共同） - 数据正确性验证 - 多版本导出兼容性验证（封伟） - 步骤 - 6 - 分别验证 v2 和 v3 的视频文件 - 均可正常播放，时长一致，内容完全相同,系统已准备好v2和v3视频文件，用户已登录,"1. 打开v2视频文件
2. 打开v3视频文件
3. 比较两个视频的播放情况、时长和内容","1. v2视频正常播放
2. v3视频正常播放
3. 两个视频时长一致，内容完全相同",1,2,功能测试,功能测试阶段
/其他（共同） - 数据正确性验证 - 多版本导出兼容性验证（封伟）/,其他（共同） - 数据正确性验证 - 多版本导出兼容性验证（封伟） - 结论：输出路径互相隔离，不覆盖,系统已启动，存在多个版本数据且用户已登录,"1. 导出版本A的数据到路径A
2. 导出版本B的数据到路径B
3. 检查路径A和路径B的内容","1. 版本A导出成功
2. 版本B导出成功
3. 两个路径的数据互不覆盖，版本A和版本B内容完整",1,2,功能测试,功能测试阶段
/其他（共同） - 数据正确性验证 - 多段视频跳段标注后导出验证（林禹成） - 步骤 - 1 - 标注工程师进入该任务，基准默认左臂，先跳至第3段视频中间（如通过时间轴拖动或点击左侧样本列表的第三段），标注一段5秒区间（例如全局时间1:00 - 1:05），保存草稿/,其他（共同） - 数据正确性验证 - 多段视频跳段标注后导出验证（林禹成） - 步骤 - 1 - 标注工程师进入该任务，基准默认左臂，先跳至第3段视频中间（如通过时间轴拖动或点击左侧样本列表的第三段），标注一段5秒区间（例如全局时间1:00 - 1:05），保存草稿 - 标注段保存成功，start_timestamp_ns和end_timestamp_ns使用全局真实时间，跨越了对应的视频文件,系统已启动，用户已登录，任务已分配，标注工程师具有权限,"1. 标注工程师进入该任务，基准默认左臂
2. 跳至第3段视频中间（通过时间轴拖动或点击左侧样本列表的第三段）
3. 标注一段5秒区间（全局时间1:00-1:05）并保存草稿","1. 成功进入任务，显示左臂基准
2. 成功跳转到第3段视频中间
3. 标注段保存成功，start_timestamp_ns和end_timestamp_ns使用全局真实时间，跨越了对应的视频文件",1,4,功能测试,功能测试阶段
/其他（共同） - 数据正确性验证 - 多段视频跳段标注后导出验证（林禹成） - 步骤 - 2 - 再次跳转至第1段视频开头，标注一段8秒区间（全局0:05 - 0:13），保存草稿后刷新页面/,其他（共同） - 数据正确性验证 - 多段视频跳段标注后导出验证（林禹成） - 步骤 - 2 - 再次跳转至第1段视频开头，标注一段8秒区间（全局0:05 - 0:13），保存草稿后刷新页面 - 两个标注段均正确显示在时间轴上，位置不重叠，无错乱,系统已启动，用户已登录，已完成第一段视频的跳段标注,"1. 跳转至第1段视频开头
2. 标注一段8秒区间（全局0:05 - 0:13）
3. 保存草稿后刷新页面","1. 成功跳转至第1段视频开头
2. 标注区间正确生成
3. 刷新后两个标注段均正确显示，位置不重叠，无错乱",1,2,功能测试,功能测试阶段
/其他（共同） - 数据正确性验证 - 多段视频跳段标注后导出验证（林禹成） - 步骤 - 3 - 再跳转至第2段视频中间，标注一段3秒区间（全局0:30 - 0:33），合并前两个标注段（按住Ctrl选中它们）点击Merge，生成一个新的L2层标注 - Merge后新标注段的起止时间为（0:05/,其他（共同） - 数据正确性验证 - 多段视频跳段标注后导出验证（林禹成） - 步骤 - 3 - 再跳转至第2段视频中间，标注一段3秒区间（全局0:30 - 0:33），合并前两个标注段（按住Ctrl选中它们）点击Merge，生成一个新的L2层标注 - Merge后新标注段的起止时间为（0:05 - 1:05），覆盖所有子段，描述为父层级预设值，标签继承正确,系统已启动，用户已登录，已有前两个标注段,"1. 跳转至第2段视频中间，标注一段3秒区间（全局0:30 - 0:33）
2. 按住Ctrl选中前两个标注段，点击Merge
3. 验证新生成的L2层标注信息","1. 标注成功创建区间0:30-0:33
2. 成功生成新标注段
3. 新标注段起止时间为0:05 - 1:05，描述为父层级预设值，标签继承正确",1,2,功能测试,功能测试阶段
/其他（共同） - 数据正确性验证 - 多段视频跳段标注后导出验证（林禹成） - 步骤 - 4 - 提交标注，完成质检，发起LeRobot导出/,其他（共同） - 数据正确性验证 - 多段视频跳段标注后导出验证（林禹成） - 步骤 - 4 - 提交标注，完成质检，发起LeRobot导出 - 导出成功,系统已启动，用户已登录，多段视频跳段标注已完成,"1. 提交标注
2. 完成质检
3. 发起LeRobot导出","1. 标注提交成功
2. 质检通过
3. 导出成功",1,2,功能测试,功能测试阶段
/其他（共同） - 数据正确性验证 - 多段视频跳段标注后导出验证（林禹成） - 步骤 - 5 - 下载导出的parquet，检查episode_index：预期所有标注段同属一个episode（因为同一任务通常合并为一个episode），检查original_timestamp_ns序列是否跨越了多个视频文件的原始时间，且无跳变或倒序/,其他（共同） - 数据正确性验证 - 多段视频跳段标注后导出验证（林禹成） - 步骤 - 5 - 下载导出的parquet，检查episode_index：预期所有标注段同属一个episode（因为同一任务通常合并为一个episode），检查original_timestamp_ns序列是否跨越了多个视频文件的原始时间，且无跳变或倒序 - 整个episode的时间戳连续单调递增，从第一个标注段起始到最后一个标注段结束,系统已启动，用户已登录,"1. 下载导出的parquet文件
2. 检查episode_index字段
3. 检查original_timestamp_ns序列","1. 成功下载文件
2. 所有标注段同属一个episode
3. 时间戳连续单调递增，无跳变或倒序",1,3,功能测试,功能测试阶段
/其他（共同） - 数据正确性验证 - 多段视频跳段标注后导出验证（林禹成） - 步骤 - 6 - 打开episode_video_map.json，查看该episode对应的视频路径、基准相机、起止时间 - 视频路径为单个合并视频（系统自动拼接），起止时间与标注全局范围一致（0:05/,其他（共同） - 数据正确性验证 - 多段视频跳段标注后导出验证（林禹成） - 步骤 - 6 - 打开episode_video_map.json，查看该episode对应的视频路径、基准相机、起止时间 - 视频路径为单个合并视频（系统自动拼接），起止时间与标注全局范围一致（0:05 - 1:05）,系统已启动，用户已登录,"1. 打开episode_video_map.json文件
2. 查看该episode对应的视频路径、基准相机、起止时间
3. 验证视频路径为单个合并视频，起止时间与标注全局范围一致（0:05 - 1:05）","1. 成功打开文件
2. 正确显示视频路径、基准相机、起止时间
3. 视频路径为合并视频，起止时间为0:05 - 1:05",1,3,功能测试,功能测试阶段
/其他（共同） - 数据正确性验证 - 多段视频跳段标注后导出验证（林禹成） - 步骤 - 7 - 播放导出的视频，拖动进度条到不同位置，检查视频画面、parquet行、标注段是否同步对应/,其他（共同） - 数据正确性验证 - 多段视频跳段标注后导出验证（林禹成） - 步骤 - 7 - 播放导出的视频，拖动进度条到不同位置，检查视频画面、parquet行、标注段是否同步对应 - 时间轴跳转流畅，标注段显示正确，无视觉错位或标注漂移,系统已启动，用户已登录，且已正确导出视频和parquet文件,"1. 播放导出的视频
2. 拖动进度条到不同位置
3. 检查视频画面、parquet行、标注段是否同步对应","1. 视频正常播放
2. 时间轴跳转流畅
3. 标注段显示正确，无视觉错位或标注漂移",1,4,功能测试,功能测试阶段
/其他（共同） - 数据正确性验证 - 多段视频跳段标注后导出验证（林禹成） - 步骤 - 8 - 验证parquet中未标注的时间区间（例如0:00 - 0:05）是否按产品规则处理（若规则为“空标注”则检查字段为空；若为“继承最近标注”则检查继承逻辑）/,其他（共同） - 数据正确性验证 - 多段视频跳段标注后导出验证（林禹成） - 步骤 - 8 - 验证parquet中未标注的时间区间（例如0:00 - 0:05）是否按产品规则处理（若规则为“空标注”则检查字段为空；若为“继承最近标注”则检查继承逻辑） - 行为与产品设计一致，无随机值,系统已启动，用户已登录,"1. 打开包含多段视频标注的功能页面
2. 进行跳段标注操作
3. 导出parquet文件并检查未标注时间区间字段","1. 成功打开页面
2. 跳段标注操作成功
3. parquet中未标注区间按产品规则处理（空或继承），无随机值",1,4,功能测试,功能测试阶段
/其他（共同） - 数据正确性验证 - 多段视频跳段标注后导出验证（林禹成） - 验收标准/,其他（共同） - 数据正确性验证 - 多段视频跳段标注后导出验证（林禹成） - 验收标准 - 标注跨多段视频后，导出的episode时间轴是连续且全局正确的,系统已启动，用户已登录,"1. 打开标注功能页面，载入多段视频并进行跳段标注
2. 完成标注后，点击导出按钮
3. 检查导出的episode时间轴","1. 成功载入多段视频并支持跳段标注
2. 系统成功导出文件
3. 导出的episode时间轴连续且全局正确",1,3,功能测试,功能测试阶段
/其他（共同） - 数据正确性验证 - 多段视频跳段标注后导出验证（林禹成） - 验收标准/,其他（共同） - 数据正确性验证 - 多段视频跳段标注后导出验证（林禹成） - 验收标准 - 合并（Merge）操作后父层覆盖范围正确,系统已启动，用户已登录，存在多段视频跳段标注数据,"1. 打开多段视频标注页面
2. 选择多段标注并执行合并（Merge）操作
3. 导出标注数据并检查父层覆盖范围","1. 成功打开页面并显示标注数据
2. 合并操作成功，无报错提示
3. 导出的数据中父层覆盖范围与合并后预期一致",1,1,功能测试,功能测试阶段
/其他（共同） - 数据正确性验证 - 多段视频跳段标注后导出验证（林禹成） - 验收标准/,其他（共同） - 数据正确性验证 - 多段视频跳段标注后导出验证（林禹成） - 验收标准 - 视频拼接或时间映射无丢失帧、无重复帧,系统已启动，用户已登录,"1. 导入多段视频并进行跳段标注
2. 执行标注导出操作
3. 验证导出的视频或时间映射文件","1. 标注操作成功，无异常
2. 导出成功生成文件
3. 导出的视频拼接或时间映射准确，无丢失帧、无重复帧",1,4,功能测试,功能测试阶段
/其他（共同） - 数据正确性验证 - 多段视频跳段标注后导出验证（林禹成） - 验收标准/,其他（共同） - 数据正确性验证 - 多段视频跳段标注后导出验证（林禹成） - 验收标准 - 所有标注段的层级、描述与原始标注一致,系统已启动，用户已登录，存在包含多段标注的视频项目,"1. 打开视频标注项目，进入标注界面
2. 对视频进行跳段标注，添加多个标注段并设置层级和描述
3. 点击导出按钮，导出标注数据","1. 成功打开标注界面，显示已有标注
2. 标注段成功添加，层级和描述正确
3. 导出的数据中所有标注段的层级、描述与原始标注一致",1,1,功能测试,功能测试阶段
/其他（共同） - 数据正确性验证 - 标注切换对齐基准持久化验证（林禹成）/,其他（共同） - 数据正确性验证 - 标注切换对齐基准持久化验证（林禹成） - 前置条件：已完成 MCAP 转换，transfer_id=TR003，包含左右臂相机,已完成 MCAP 转换，transfer_id=TR003，包含左右臂相机,"1. 打开标注界面，记录当前对齐基准值
2. 切换标注至另一个标注（如从左臂切到右臂），再切回原标注
3. 检查对齐基准值是否与切换前一致","1. 成功显示当前对齐基准
2. 标注切换成功，无报错
3. 对齐基准值与切换前相同，持久化正确",1,3,功能测试,功能测试阶段
/其他（共同） - 数据正确性验证 - 标注切换对齐基准持久化验证（林禹成） - 步骤 - 1 - 标注工程师进入标注工作台，系统默认基准为左臂相机/,其他（共同） - 数据正确性验证 - 标注切换对齐基准持久化验证（林禹成） - 步骤 - 1 - 标注工程师进入标注工作台，系统默认基准为左臂相机 - 页面左上角显示「左臂视角（基准）」，基准选择器选中左臂,系统已启动，标注工程师已登录,1. 标注工程师进入标注工作台,1. 页面左上角显示「左臂视角（基准）」，基准选择器选中左臂,1,2,功能测试,功能测试阶段
/其他（共同） - 数据正确性验证 - 标注切换对齐基准持久化验证（林禹成） - 步骤 - 2 - 切换基准为右臂相机，做 1 段 10 秒的标注，点击「保存草稿」/,其他（共同） - 数据正确性验证 - 标注切换对齐基准持久化验证（林禹成） - 步骤 - 2 - 切换基准为右臂相机，做 1 段 10 秒的标注，点击「保存草稿」 - 保存成功，无报错,系统已启动，用户已登录,"1. 切换基准为右臂相机
2. 做1段10秒的标注
3. 点击「保存草稿」","1. 基准切换成功
2. 标注完成
3. 保存成功，无报错",1,4,功能测试,功能测试阶段
/其他（共同） - 数据正确性验证 - 标注切换对齐基准持久化验证（林禹成） - 步骤 - 3 - 刷新页面，查看当前基准相机/,其他（共同） - 数据正确性验证 - 标注切换对齐基准持久化验证（林禹成） - 步骤 - 3 - 刷新页面，查看当前基准相机 - 仍为右臂相机，未回退为左臂，之前的标注内容完整显示,系统已启动，用户已登录,"1. 刷新页面
2. 查看当前基准相机
3. 检查标注内容","1. 页面刷新成功
2. 当前基准相机仍为右臂相机，未回退为左臂
3. 之前的标注内容完整显示",1,1,功能测试,功能测试阶段
"/其他（共同） - 数据正确性验证 - 标注切换对齐基准持久化验证（林禹成） - 步骤 - 4 - 执行 SQL 查询数据库中保存的基准：SELECT annotation_json - >'playback' - >'baseline_camera_key' as camera_key, annotation_json - >'playback' - >'baseline_topic' as topic, annotation_json - >'playback' - >'baseline_start_time_ns' as start_ns, annotation_json - >'playback' - >'baseline_end_time_ns' as end_ns FROM task_annotations WHERE task_id = 'T001'/","其他（共同） - 数据正确性验证 - 标注切换对齐基准持久化验证（林禹成） - 步骤 - 4 - 执行 SQL 查询数据库中保存的基准：SELECT annotation_json - >'playback' - >'baseline_camera_key' as camera_key, annotation_json - >'playback' - >'baseline_topic' as topic, annotation_json - >'playback' - >'baseline_start_time_ns' as start_ns, annotation_json - >'playback' - >'baseline_end_time_ns' as end_ns FROM task_annotations WHERE task_id = 'T001' - 返回结果：• camera_key = ""right""・topic = 右臂相机 topic・start_ns/end_ns 落在右臂相机帧时间范围内",系统已启动，数据库已连接，已有任务T001的标注数据,"1. 执行SQL查询：SELECT annotation_json->'playback'->'baseline_camera_key' as camera_key, annotation_json->'playback'->'baseline_topic' as topic, annotation_json->'playback'->'baseline_start_time_ns' as start_ns, annotation_json->'playback'->'baseline_end_time_ns' as end_ns FROM task_annotations WHERE task_id = 'T001'
2. 获取查询结果
3. 验证结果字段","1. 查询成功并返回一行记录
2. camera_key = ""right""
3. topic = 右臂相机topic, start_ns/end_ns 落在右臂相机帧时间范围内",1,4,功能测试,功能测试阶段
/其他（共同） - 数据正确性验证 - 标注切换对齐基准持久化验证（林禹成） - 步骤 - 5 - 点击「提交标注」，再次执行步骤 4 的查询/,其他（共同） - 数据正确性验证 - 标注切换对齐基准持久化验证（林禹成） - 步骤 - 5 - 点击「提交标注」，再次执行步骤 4 的查询 - 基准信息未被覆盖，与保存草稿时完全一致,用户已登录，已保存草稿,"1. 点击「提交标注」
2. 再次执行步骤 4 的查询","1. 提交成功
2. 基准信息未被覆盖，与保存草稿时完全一致",1,4,功能测试,功能测试阶段
/其他（共同） - 数据正确性验证 - 标注切换对齐基准持久化验证（林禹成） - 步骤 - 6 - 进入质检工作台，查看标注基准/,其他（共同） - 数据正确性验证 - 标注切换对齐基准持久化验证（林禹成） - 步骤 - 6 - 进入质检工作台，查看标注基准 - 显示基准为右臂相机，与标注时一致,系统已启动，用户已登录，已完成标注并设置对齐基准为右臂相机,"1. 进入质检工作台
2. 查看标注基准","1. 成功打开质检工作台
2. 标注基准显示为右臂相机，与标注时一致",1,3,功能测试,功能测试阶段
/其他（共同） - 数据正确性验证 - 标注切换对齐基准持久化验证（林禹成） - 步骤 - 7 - 质检工程师修改标注内容，保存后再次查询数据库基准信息/,其他（共同） - 数据正确性验证 - 标注切换对齐基准持久化验证（林禹成） - 步骤 - 7 - 质检工程师修改标注内容，保存后再次查询数据库基准信息 - 基准仍为右臂，未因修改标注发生变化,系统已启动，用户已登录，且已存在标注记录，其对齐基准为右臂,"1. 质检工程师打开该标注记录，修改标注内容
2. 保存修改
3. 查询数据库中的基准信息","1. 标注内容可修改
2. 保存成功
3. 基准仍为右臂，未发生变化",1,4,功能测试,功能测试阶段
/其他（共同） - 数据正确性验证 - 标注切换对齐基准持久化验证（林禹成） - 验收标准/,其他（共同） - 数据正确性验证 - 标注切换对齐基准持久化验证（林禹成） - 验收标准 - 切换基准→保存草稿→刷新→基准不变，提交后也不变,系统已启动，用户已登录，进入标注页面，已有标注数据,"1. 切换对齐基准
2. 保存草稿并刷新页面
3. 提交标注数据","1. 对齐基准切换成功
2. 刷新后对齐基准保持不变
3. 提交后对齐基准仍然不变",1,3,功能测试,功能测试阶段
/其他（共同） - 数据正确性验证 - 标注切换对齐基准持久化验证（林禹成） - 验收标准/,其他（共同） - 数据正确性验证 - 标注切换对齐基准持久化验证（林禹成） - 验收标准 - baseline_start_time_ns、baseline_end_time_ns 来自基准相机真实帧时间,系统已启动，用户已登录，标注任务包含基准相机真实帧时间数据,"1. 打开标注任务，查看基准相机真实帧时间
2. 执行标注切换对齐基准持久化操作
3. 检查保存的数据中baseline_start_time_ns和baseline_end_time_ns字段","1. 成功打开标注任务并显示真实帧时间
2. 标注切换对齐基准持久化操作成功完成
3. baseline_start_time_ns和baseline_end_time_ns值与基准相机真实帧时间一致",1,2,功能测试,功能测试阶段
/其他（共同） - 数据正确性验证 - 标注切换对齐基准持久化验证（林禹成） - 验收标准/,其他（共同） - 数据正确性验证 - 标注切换对齐基准持久化验证（林禹成） - 验收标准 - timeline_duration_sec 与基准相机全局时间轴跨度一致,系统已启动，用户已登录，标注数据已存在，对齐基准已设置,"1. 在标注视图中切换到指定标注
2. 查看当前对齐基准的相机全局时间轴跨度
3. 比较标注的timeline_duration_sec与基准相机全局时间轴跨度","1. 标注成功切换并显示
2. 基准相机全局时间轴跨度正确显示
3. timeline_duration_sec与基准相机全局时间轴跨度一致",1,4,功能测试,功能测试阶段
/其他（共同） - 数据正确性验证 - 基准相机主帧来源验证（林禹成）/,其他（共同） - 数据正确性验证 - 基准相机主帧来源验证（林禹成） - 前置条件：标注时选择右臂为基准，已完成标注并提交，annotation_id=AN001，transfer_id=TR003,标注时选择右臂为基准，已完成标注并提交，annotation_id=AN001，transfer_id=TR003,"1. 查询annotation_id=AN001的标注记录
2. 查看基准相机主帧来源字段
3. 确认主帧来源为右臂","1. 查询成功返回标注记录
2. 字段显示主帧来源信息
3. 主帧来源与基准相机（右臂）一致",1,2,功能测试,功能测试阶段
"/其他（共同） - 数据正确性验证 - 基准相机主帧来源验证（林禹成） - 步骤 - 1 - 从 annotation_json 中读取基准信息：• baseline_topic = ""/camera/right/image""• baseline_start_time_ns = 1690000000000000000• baseline_end_time_ns = 1690000030000000000/","其他（共同） - 数据正确性验证 - 基准相机主帧来源验证（林禹成） - 步骤 - 1 - 从 annotation_json 中读取基准信息：• baseline_topic = ""/camera/right/image""• baseline_start_time_ns = 1690000000000000000• baseline_end_time_ns = 1690000030000000000 - 信息完整，无缺失",系统已启动，用户已登录,1. 从 annotation_json 中读取基准信息：baseline_topic、baseline_start_time_ns、baseline_end_time_ns,1. 读取的信息完整，无缺失，且与预期值一致,1,4,功能测试,功能测试阶段
/其他（共同） - 数据正确性验证 - 基准相机主帧来源验证（林禹成） - 步骤 - 2 - 执行 SQL 查询右臂相机（基准）的所有帧时间：SELECT publish_time_ns FROM mcap_video_frames f JOIN mcap_transfer_videos v ON f.video_id = v.video_id WHERE f.transfer_id = 'TR003' AND v.topic_name = '/camera/right/image' AND publish_time_ns BETWEEN 1690000000000000000 AND 1690000030000000000 ORDER BY publish_time_ns/,其他（共同） - 数据正确性验证 - 基准相机主帧来源验证（林禹成） - 步骤 - 2 - 执行 SQL 查询右臂相机（基准）的所有帧时间：SELECT publish_time_ns FROM mcap_video_frames f JOIN mcap_transfer_videos v ON f.video_id = v.video_id WHERE f.transfer_id = 'TR003' AND v.topic_name = '/camera/right/image' AND publish_time_ns BETWEEN 1690000000000000000 AND 1690000030000000000 ORDER BY publish_time_ns - 得到右臂帧时间集合 R，共 N 个时间戳（N=30 秒 ×FPS）,数据库中存在 transfer_id='TR003' 且 topic_name='/camera/right/image' 的帧数据,1. 执行 SQL 查询：SELECT publish_time_ns FROM mcap_video_frames f JOIN mcap_transfer_videos v ON f.video_id = v.video_id WHERE f.transfer_id = 'TR003' AND v.topic_name = '/camera/right/image' AND publish_time_ns BETWEEN 1690000000000000000 AND 1690000030000000000 ORDER BY publish_time_ns,1. 返回右臂帧时间集合 R，共 N 个时间戳（N=30秒 × FPS），且所有时间戳在指定范围内,1,3,功能测试,功能测试阶段
/其他（共同） - 数据正确性验证 - 基准相机主帧来源验证（林禹成） - 步骤 - 3 - 执行 SQL 查询左臂相机（非基准）的所有帧时间：SELECT publish_time_ns FROM mcap_video_frames f JOIN mcap_transfer_videos v ON f.video_id = v.video_id WHERE f.transfer_id = 'TR003' AND v.topic_name = '/camera/left/image' AND publish_time_ns BETWEEN 1690000000000000000 AND 1690000030000000000 ORDER BY publish_time_ns/,其他（共同） - 数据正确性验证 - 基准相机主帧来源验证（林禹成） - 步骤 - 3 - 执行 SQL 查询左臂相机（非基准）的所有帧时间：SELECT publish_time_ns FROM mcap_video_frames f JOIN mcap_transfer_videos v ON f.video_id = v.video_id WHERE f.transfer_id = 'TR003' AND v.topic_name = '/camera/left/image' AND publish_time_ns BETWEEN 1690000000000000000 AND 1690000030000000000 ORDER BY publish_time_ns - 得到左臂帧时间集合 L，共 N 个时间戳,系统已连接数据库，用户具有查询权限,1. 执行 SQL 查询左臂相机所有帧时间：SELECT publish_time_ns FROM mcap_video_frames f JOIN mcap_transfer_videos v ON f.video_id = v.video_id WHERE f.transfer_id = 'TR003' AND v.topic_name = '/camera/left/image' AND publish_time_ns BETWEEN 1690000000000000000 AND 1690000030000000000 ORDER BY publish_time_ns,1. 查询成功执行，返回左臂帧时间集合 L，共 N 个时间戳,1,1,功能测试,功能测试阶段
/其他（共同） - 数据正确性验证 - 基准相机主帧来源验证（林禹成） - 步骤 - 4 - 发起 LeRobot 转换，下载 parquet 文件，读取 original_timestamp_ns 列，得到集合 P（共 M 个时间戳，M=30 秒 × 导出 FPS）/,"其他（共同） - 数据正确性验证 - 基准相机主帧来源验证（林禹成） - 步骤 - 4 - 发起 LeRobot 转换，下载 parquet 文件，读取 original_timestamp_ns 列，得到集合 P（共 M 个时间戳，M=30 秒 × 导出 FPS） - 集合 P 的时间范围为 [1690000000000000000, 1690000030000000000]",系统已启动，用户已登录，相关数据已就绪,"1. 发起 LeRobot 转换
2. 下载 parquet 文件，读取 original_timestamp_ns 列
3. 得到集合 P，验证时间戳范围","1. 转换成功完成
2. parquet 文件下载成功，数据读取无误
3. 集合 P 共 M 个时间戳，范围在 [1690000000000000000, 1690000030000000000]",1,2,功能测试,功能测试阶段
/其他（共同） - 数据正确性验证 - 基准相机主帧来源验证（林禹成） - 步骤 - 5 - 计算集合 P 与 R 的匹配率：・未重采样场景：统计 P 中属于 R 的时间戳占比・重采样场景：统计 P 中与 R 最近帧差值≤16.67ms（30FPS）的占比/,其他（共同） - 数据正确性验证 - 基准相机主帧来源验证（林禹成） - 步骤 - 5 - 计算集合 P 与 R 的匹配率：・未重采样场景：统计 P 中属于 R 的时间戳占比・重采样场景：统计 P 中与 R 最近帧差值≤16.67ms（30FPS）的占比 - 未重采样场景匹配率 = 100%；重采样场景 P95 差值≤16.67ms，匹配率≥99%,系统已启动，用户已登录，基准相机主帧数据P和参考帧数据R已就绪,1. 在未重采样场景下，统计P中属于R的时间戳占比\n2. 在重采样场景下，统计P中与R最近帧差值≤16.67ms的占比,,1,4,功能测试,功能测试阶段
/其他（共同） - 数据正确性验证 - 基准相机主帧来源验证（林禹成） - 步骤 - 6 - 计算集合 P 与 L 的匹配率：统计 P 中属于 L 的时间戳占比/,其他（共同） - 数据正确性验证 - 基准相机主帧来源验证（林禹成） - 步骤 - 6 - 计算集合 P 与 L 的匹配率：统计 P 中属于 L 的时间戳占比 - 匹配率≤10%（仅时间巧合匹配），证明主时间戳不由左臂驱动,系统已加载基准相机主帧时间戳集合P和左臂时间戳集合L,"1. 获取集合P和L
2. 统计P中属于L的时间戳数量，计算匹配率
3. 判断匹配率是否≤10%","1. 成功获取两个时间戳集合
2. 正确计算匹配率
3. 匹配率≤10%，证明主时间戳不由左臂驱动",1,4,功能测试,功能测试阶段
"/其他（共同） - 数据正确性验证 - 基准相机主帧来源验证（林禹成） - 步骤 - 7 - 验证 P 中所有时间戳均落在 [baseline_start_time_ns, baseline_end_time_ns] 范围内/","其他（共同） - 数据正确性验证 - 基准相机主帧来源验证（林禹成） - 步骤 - 7 - 验证 P 中所有时间戳均落在 [baseline_start_time_ns, baseline_end_time_ns] 范围内 - 无越界时间戳",基准相机数据已加载，P集合已生成,"1. 获取P中所有时间戳
2. 遍历每个时间戳，判断是否在[baseline_start_time_ns, baseline_end_time_ns]内
3. 确认无时间戳越界","1. 成功获取时间戳列表
2. 每个时间戳均落在指定范围内
3. 无越界时间戳，验证通过",1,4,功能测试,功能测试阶段
/其他（共同） - 数据正确性验证 - 基准相机主帧来源验证（林禹成） - 步骤 - 8 - 切换基准为左臂，重复以上所有步骤/,其他（共同） - 数据正确性验证 - 基准相机主帧来源验证（林禹成） - 步骤 - 8 - 切换基准为左臂，重复以上所有步骤 - 结果符合左臂为基准的逻辑，P 与 L 的匹配率≥99%，与 R 的匹配率≤10%,系统已启动，用户已登录,"1. 切换基准为左臂
2. 重复以上所有步骤","1. 基准切换成功
2. P与L的匹配率≥99%，与R的匹配率≤10%",1,4,功能测试,功能测试阶段
/其他（共同） - 数据正确性验证 - 基准相机主帧来源验证（林禹成） - 验证标准/,其他（共同） - 数据正确性验证 - 基准相机主帧来源验证（林禹成） - 验证标准 - 最终parquet 的 original_timestamp_ns是否由annotation_json.playback 中保存的基准相机帧时间解释。能解释，说明最后一次转 LeRobot 用的是基准相机主帧；不能解释，就说明主帧来源可能错了,系统已启动，用户已登录，已生成最终parquet文件及annotation_json.playback数据,"1. 打开最终parquet文件，提取original_timestamp_ns字段
2. 读取annotation_json.playback中的基准相机帧时间
3. 对比两者是否一致","1. 成功提取original_timestamp_ns
2. 成功读取基准相机帧时间
3. 若能解释（一致），说明主帧来源正确；否则主帧来源可能错误",1,1,功能测试,功能测试阶段
/其他（共同） - 数据正确性验证 - 标注L1/L2/L3 多层级标注并merge准确性验证（林禹成）/,其他（共同） - 数据正确性验证 - 标注L1/L2/L3 多层级标注并merge准确性验证（林禹成） - 前置条件：已完成 L1/L2/L3 三层标注，annotation_id=AN001,已完成 L1/L2/L3 三层标注，annotation_id=AN001,"1. 打开包含多层级标注的数据页面
2. 执行 merge 操作合并 L1/L2/L3 标注
3. 验证合并后的标注数据准确性","1. 成功打开页面并显示三层标注
2. 系统成功合并标注，无错误提示
3. 合并后的标注数据与原始标注一致，无数据丢失或错误",1,1,功能测试,功能测试阶段
/其他（共同） - 数据正确性验证 - 标注L1/L2/L3 多层级标注并merge准确性验证（林禹成） - 步骤 - 1 - 执行 SQL 查询标注段合法性：SELECT COUNT(*) FROM task_annotation_segments WHERE annotation_id = 'AN001' AND start_timestamp_ns >= end_timestamp_ns/,其他（共同） - 数据正确性验证 - 标注L1/L2/L3 多层级标注并merge准确性验证（林禹成） - 步骤 - 1 - 执行 SQL 查询标注段合法性：SELECT COUNT(*) FROM task_annotation_segments WHERE annotation_id = 'AN001' AND start_timestamp_ns >= end_timestamp_ns - 返回 0，无开始时间≥结束时间的非法段,系统已启动，数据库连接正常，存在标注ID为'AN001'的标注数据,1. 执行 SQL 查询：SELECT COUNT(*) FROM task_annotation_segments WHERE annotation_id = 'AN001' AND start_timestamp_ns >= end_timestamp_ns,1. 查询结果为 0，表示无开始时间≥结束时间的非法段,1,1,功能测试,功能测试阶段
"/其他（共同） - 数据正确性验证 - 标注L1/L2/L3 多层级标注并merge准确性验证（林禹成） - 步骤 - 2 - 执行 SQL 查询标注段时间范围：SELECT MIN(start_timestamp_ns) as min_ns, MAX(end_timestamp_ns) as max_ns FROM task_annotation_segments WHERE annotation_id = 'AN001'/","其他（共同） - 数据正确性验证 - 标注L1/L2/L3 多层级标注并merge准确性验证（林禹成） - 步骤 - 2 - 执行 SQL 查询标注段时间范围：SELECT MIN(start_timestamp_ns) as min_ns, MAX(end_timestamp_ns) as max_ns FROM task_annotation_segments WHERE annotation_id = 'AN001' - 时间范围与基准相机的标注区间完全一致，无越界",系统数据库连接正常，存在annotation_id为'AN001'的标注数据,"1. 登录系统并连接到测试数据库
2. 执行SQL查询：SELECT MIN(start_timestamp_ns) as min_ns, MAX(end_timestamp_ns) as max_ns FROM task_annotation_segments WHERE annotation_id = 'AN001'
3. 获取查询结果","1. 成功登录并连接数据库
2. SQL查询成功执行并返回结果
3. 查询得到的最小时间戳和最大时间戳范围与基准相机的标注区间完全一致，无越界",1,1,功能测试,功能测试阶段
"/其他（共同） - 数据正确性验证 - 标注L1/L2/L3 多层级标注并merge准确性验证（林禹成） - 步骤 - 3 - 执行 SQL 查询层级合法性：SELECT layer_id, description FROM task_annotation_segments WHERE annotation_id = 'AN001' ORDER BY layer_id/","其他（共同） - 数据正确性验证 - 标注L1/L2/L3 多层级标注并merge准确性验证（林禹成） - 步骤 - 3 - 执行 SQL 查询层级合法性：SELECT layer_id, description FROM task_annotation_segments WHERE annotation_id = 'AN001' ORDER BY layer_id - layer_id 取值为 1、2、3，与任务创建时的层级树深度一致，描述内容来自对应层级的预设值，无自定义内容",系统已启动，用户已登录，存在标注任务AN001，包含层级L1、L2、L3及其对应预设描述,"1. 打开标注数据查询页面或执行SQL查询
2. 输入SQL语句：SELECT layer_id, description FROM task_annotation_segments WHERE annotation_id = 'AN001' ORDER BY layer_id
3. 执行查询","1. 成功打开查询界面或连接数据库
2. SQL语句正确输入
3. 查询返回结果：layer_id取值1、2、3，description分别为各层级预设值，无自定义内容",1,4,功能测试,功能测试阶段
"/其他（共同） - 数据正确性验证 - 标注L1/L2/L3 多层级标注并merge准确性验证（林禹成） - 步骤 - 4 - 验证 merge 逻辑：标注 3 段 L3（10 - 12s、12 - 13s、13 - 15s），merge 为 1 段 L2（10 - 15s），执行 SQL 查询：SELECT start_timestamp_ns, end_timestamp_ns, description FROM task_annotation_segments WHERE annotation_id = 'AN001' AND layer_id = 2/","其他（共同） - 数据正确性验证 - 标注L1/L2/L3 多层级标注并merge准确性验证（林禹成） - 步骤 - 4 - 验证 merge 逻辑：标注 3 段 L3（10 - 12s、12 - 13s、13 - 15s），merge 为 1 段 L2（10 - 15s），执行 SQL 查询：SELECT start_timestamp_ns, end_timestamp_ns, description FROM task_annotation_segments WHERE annotation_id = 'AN001' AND layer_id = 2 - 返回 1 条记录：・start=10s，end=15s（覆盖所有子段）・description 为 L2 层级的预设值，与子段的父层级一致",系统已启动，用户已登录，标注数据存在,"1. 标注3段L3：10-12s、12-13s、13-15s
2. Merge为1段L2：10-15s
3. 执行SQL查询：SELECT start_timestamp_ns, end_timestamp_ns, description FROM task_annotation_segments WHERE annotation_id = 'AN001' AND layer_id = 2","1. 成功标注3段L3
2. 成功Merge为1段L2
3. 返回1条记录：start=10s，end=15s，description为L2层级的预设值",1,2,功能测试,功能测试阶段
/其他（共同） - 数据正确性验证 - 标注L1/L2/L3 多层级标注并merge准确性验证（林禹成） - 步骤 - 5 - 验证标注段重叠逻辑：标注两段同层级重叠段（10 - 15s「动作 A」、12 - 17s「动作 B」），执行 SQL 查询重叠区域的标注记录/,其他（共同） - 数据正确性验证 - 标注L1/L2/L3 多层级标注并merge准确性验证（林禹成） - 步骤 - 5 - 验证标注段重叠逻辑：标注两段同层级重叠段（10 - 15s「动作 A」、12 - 17s「动作 B」），执行 SQL 查询重叠区域的标注记录 - 符合产品定义的规则：・若允许重叠：返回 2 条记录・若不允许重叠：仅返回后创建的记录，无冲突,系统已启动，用户已登录，标注模块可用，数据库中已有标注层级定义且存在重叠规则配置,1. 在标注界面上，创建第一段标注：时间10-15秒，动作标签“动作A”，层级L1\n2. 创建第二段标注：时间12-17秒，动作标签“动作B”，同一层级L1\n3. 执行SQL查询重叠区域（10-17秒）的标注记录，并根据产品规则验证结果,,1,4,功能测试,功能测试阶段
/其他（共同） - 数据正确性验证 - 标注L1/L2/L3 多层级标注并merge准确性验证（林禹成） - 步骤 - 6 - 验证边界帧标注：在视频第 0 帧标注起始，最后一帧标注结束，查询标注段时间/,其他（共同） - 数据正确性验证 - 标注L1/L2/L3 多层级标注并merge准确性验证（林禹成） - 步骤 - 6 - 验证边界帧标注：在视频第 0 帧标注起始，最后一帧标注结束，查询标注段时间 - start = 第 0 帧时间，end = 最后一帧时间，覆盖完整视频，无丢头丢尾,视频已加载，标注功能可用,"1. 在视频第0帧添加起始标注
2. 在视频最后一帧添加结束标注
3. 查询标注段的时间信息","1. 起始标注时间等于第0帧时间
2. 结束标注时间等于最后一帧时间
3. 标注段覆盖完整视频，无丢头丢尾",1,1,功能测试,功能测试阶段
/其他（共同） - 数据正确性验证 - 标注L1/L2/L3 多层级标注并merge准确性验证（林禹成） - 验收标准/,其他（共同） - 数据正确性验证 - 标注L1/L2/L3 多层级标注并merge准确性验证（林禹成） - 验收标准 - 无 start >= end 的段,系统已启动，用户已登录，数据准备包含L1/L2/L3多层级标注,"1. 进入标注数据管理页面
2. 加载包含L1/L2/L3多层级的标注数据
3. 执行合并操作并验证数据","1. 页面正常显示多层标注
2. 数据加载正确，无异常
3. 合并后数据中不存在start >= end的段，且层级关系正确",1,4,功能测试,功能测试阶段
/其他（共同） - 数据正确性验证 - 标注L1/L2/L3 多层级标注并merge准确性验证（林禹成） - 验收标准/,其他（共同） - 数据正确性验证 - 标注L1/L2/L3 多层级标注并merge准确性验证（林禹成） - 验收标准 - 同一层级内不应出现非预期重叠,系统已启动，用户已登录，标注数据集已加载,"1. 打开多层级标注界面
2. 在L1、L2、L3层级分别标注多个区域
3. 执行merge操作","1. 界面正确显示各个层级
2. 标注区域无重叠
3. merge后每个层级内无重叠且正确合并",1,2,功能测试,功能测试阶段
/其他（共同） - 数据正确性验证 - 标注L1/L2/L3 多层级标注并merge准确性验证（林禹成） - 验收标准/,其他（共同） - 数据正确性验证 - 标注L1/L2/L3 多层级标注并merge准确性验证（林禹成） - 验收标准 - merge 生成的父层覆盖范围等于子层最小开始到最大结束,系统已启动，用户已登录，已进入标注界面，已有L1/L2/L3多层标注数据,"1. 选择多个子层（如L1、L2、L3）的标注片段
2. 执行merge操作生成父层标注
3. 查看生成的父层覆盖范围","1. 成功选择多个子层标注片段
2. 系统成功执行merge，生成父层标注
3. 父层覆盖范围等于子层最小开始到最大结束",1,1,功能测试,功能测试阶段
/其他（共同） - 数据正确性验证 - 标注L1/L2/L3 多层级标注并merge准确性验证（林禹成） - 验收标准/,其他（共同） - 数据正确性验证 - 标注L1/L2/L3 多层级标注并merge准确性验证（林禹成） - 验收标准 - 标注描述与层级树深度一致，例如 L3 只能取第三层节点,系统已启动，用户已登录，层级树数据已加载,"1. 选择一个数据项，分别标注L1、L2、L3层级节点
2. 执行merge操作
3. 检查标注结果","1. 标注成功，每个层级选择正确的节点
2. merge操作完成，无错误提示
3. 标注描述与层级树深度一致，例如L3节点只属于第三层",1,4,功能测试,功能测试阶段
/其他（共同） - 数据正确性验证 - Parquet 与标注段一致性验证（林禹成）/,其他（共同） - 数据正确性验证 - Parquet 与标注段一致性验证（林禹成） - 前置条件：parquet 文件与标注段数据均已准备好,parquet 文件与标注段数据均已准备好,"1. 读取Parquet文件数据
2. 读取标注段数据
3. 对比两者数据","1. 成功读取Parquet数据
2. 成功读取标注段数据
3. 数据一致且无差异",1,1,功能测试,功能测试阶段
"/其他（共同） - 数据正确性验证 - Parquet 与标注段一致性验证（林禹成） - 步骤 - 1 - 从标注明细表中导出所有标注段：SELECT layer_id, start_timestamp_ns, end_timestamp_ns, description, leaf_id FROM task_annotation_segments WHERE annotation_id = 'AN001' ORDER BY start_timestamp_ns/","其他（共同） - 数据正确性验证 - Parquet 与标注段一致性验证（林禹成） - 步骤 - 1 - 从标注明细表中导出所有标注段：SELECT layer_id, start_timestamp_ns, end_timestamp_ns, description, leaf_id FROM task_annotation_segments WHERE annotation_id = 'AN001' ORDER BY start_timestamp_ns - 得到标注段列表 S，共 K 条记录",数据库连接正常，存在annotation_id为'AN001'的标注数据,"1. 执行SQL查询：SELECT layer_id, start_timestamp_ns, end_timestamp_ns, description, leaf_id FROM task_annotation_segments WHERE annotation_id = 'AN001' ORDER BY start_timestamp_ns
2. 获取查询结果的记录数","1. 查询成功执行，返回标注段列表S
2. 返回K条记录，与预期标注段数量一致",1,2,功能测试,功能测试阶段
/其他（共同） - 数据正确性验证 - Parquet 与标注段一致性验证（林禹成） - 步骤 - 2 - 从 parquet 中抽取 100 个采样点（包含：第一行、最后一行、每个标注段起始点前后各 2 行、每个标注段结束点前后各 2 行、中间随机点），得到采样集合 T/,其他（共同） - 数据正确性验证 - Parquet 与标注段一致性验证（林禹成） - 步骤 - 2 - 从 parquet 中抽取 100 个采样点（包含：第一行、最后一行、每个标注段起始点前后各 2 行、每个标注段结束点前后各 2 行、中间随机点），得到采样集合 T - 采样点覆盖所有边界场景,已准备好包含标注段的 Parquet 文件，标注段起始点和结束点已明确,"1. 从 Parquet 文件中抽取采样点
2. 确保包含第一行、最后一行、每个标注段起始点前后各 2 行、每个标注段结束点前后各 2 行、中间随机点
3. 汇总得到采样集合 T，总数为 100","1. 成功从 Parquet 文件中抽取数据
2. 采样集合 T 包含所有指定的边界场景点
3. 采样集合 T 的样本数量为 100",1,4,功能测试,功能测试阶段
/其他（共同） - 数据正确性验证 - Parquet 与标注段一致性验证（林禹成） - 步骤 - 3 - 对每个采样点 t∈T，找到 S 中满足 start ≤ t.original_timestamp_ns ≤ end 的标注段 s/,其他（共同） - 数据正确性验证 - Parquet 与标注段一致性验证（林禹成） - 步骤 - 3 - 对每个采样点 t∈T，找到 S 中满足 start ≤ t.original_timestamp_ns ≤ end 的标注段 s - 每个采样点都能找到对应的标注段，无无主数据,系统已启动，Parquet数据和标注段数据已加载,"1. 对每个采样点t∈T
2. 在标注段集合S中查找满足start ≤ t.original_timestamp_ns ≤ end的标注段s
3. 记录未找到对应标注段的采样点","1. 每个采样点t∈T都被处理
2. 每个采样点都能找到对应的标注段s
3. 无无主数据（所有采样点均有对应标注段）",1,2,功能测试,功能测试阶段
/其他（共同） - 数据正确性验证 - Parquet 与标注段一致性验证（林禹成） - 步骤 - 4 - 对比 t.annotation.leaf_id 与 s.leaf_id、t.annotation.leaf_name 与 s.description/,其他（共同） - 数据正确性验证 - Parquet 与标注段一致性验证（林禹成） - 步骤 - 4 - 对比 t.annotation.leaf_id 与 s.leaf_id、t.annotation.leaf_name 与 s.description - 100% 匹配，无标注字段错误,数据准备完毕，Parquet文件和标注段数据已加载,"1. 加载Parquet文件和标注段数据
2. 对比t.annotation.leaf_id与s.leaf_id、t.annotation.leaf_name与s.description
3. 检查所有记录是否100%匹配且无字段错误","1. 成功加载数据
2. 对比结果一致
3. 全部匹配，无字段错误",1,1,功能测试,功能测试阶段
/其他（共同） - 数据正确性验证 - Parquet 与标注段一致性验证（林禹成） - 步骤 - 5 - 验证标注段边界逻辑：・标注段 start=1690000010000000000，检查时间等于该值的采样点・标注段 end=1690000015000000000，检查时间等于该值的采样点/,其他（共同） - 数据正确性验证 - Parquet 与标注段一致性验证（林禹成） - 步骤 - 5 - 验证标注段边界逻辑：・标注段 start=1690000010000000000，检查时间等于该值的采样点・标注段 end=1690000015000000000，检查时间等于该值的采样点 - 边界点的标注字段完全匹配，无跨段错误,系统已启动，用户已登录,1. 检查标注段边界点 start=1690000010000000000 的采样点\n2. 检查标注段边界点 end=1690000015000000000 的采样点\n3. 验证边界点的标注字段完全匹配且无跨段错误,,1,1,功能测试,功能测试阶段
/其他（共同） - 数据正确性验证 - Parquet 与标注段一致性验证（林禹成） - 步骤 - 6 - 验证未标注区域逻辑：若存在未标注的时间段，检查该时间段的采样点 annotation 字段/,其他（共同） - 数据正确性验证 - Parquet 与标注段一致性验证（林禹成） - 步骤 - 6 - 验证未标注区域逻辑：若存在未标注的时间段，检查该时间段的采样点 annotation 字段 - 符合产品规则：为空 / 标注为「未标注」/ 继承最近标注，无随机值,系统已启动，用户已登录，存在包含未标注时间段的 Parquet 数据,"1. 打开包含未标注时间段的 Parquet 数据页面
2. 检查未标注时间段的采样点 annotation 字段
3. 验证 annotation 字段值符合产品规则","1. 页面正常显示未标注时间段
2. 采样点 annotation 字段可读取
3. annotation 字段值为空或「未标注」或继承最近标注，无随机值",1,4,功能测试,功能测试阶段
/其他（共同） - 数据正确性验证 - Parquet 与标注段一致性验证（林禹成） - 验证标准/,其他（共同） - 数据正确性验证 - Parquet 与标注段一致性验证（林禹成） - 验证标准 - 任一 parquet 行的 annotation 字段都能被标注段解释,系统已启动，用户已登录,"1. 从 Parquet 文件中随机选取一行数据
2. 提取该行的 annotation 字段值
3. 调用标注段解释接口，传入该 annotation 值","1. 成功读取该行数据
2. 成功提取 annotation 字段值
3. 返回结果包含正确解释，无异常错误提示",1,3,功能测试,功能测试阶段
/其他（共同） - 数据正确性验证 - Parquet 与标注段一致性验证（林禹成） - 验证标准/,其他（共同） - 数据正确性验证 - Parquet 与标注段一致性验证（林禹成） - 验证标准 - 标注段外的数据如果被导出，必须有明确规则，例如空标注或最近标注，不允许随机继承,系统已启动，用户已登录，已存在包含标注段的数据,"1. 选择并导出包含标注段外数据的 Parquet 文件
2. 检查导出的 Parquet 文件中标注段外的数据
3. 验证标注段外的数据是否遵循明确规则（如空标注或最近标注）","1. 成功导出 Parquet 文件
2. 标注段外的数据被正确导出
3. 标注段外的数据遵循明确规则，没有随机继承",1,4,功能测试,功能测试阶段
/其他（共同） - 数据正确性验证 - Parquet 与标注段一致性验证（林禹成） - 验证标准/,其他（共同） - 数据正确性验证 - Parquet 与标注段一致性验证（林禹成） - 验证标准 - 边界帧不应跨错段,系统已启动，用户已登录，相关数据已加载,"1. 打开数据验证功能
2. 加载Parquet文件和标注段数据
3. 检查边界帧是否属于正确的段","1. 成功打开功能页面
2. 数据成功加载
3. 所有边界帧均属于正确段，无跨段错误",1,4,功能测试,功能测试阶段
/其他（共同） - 数据正确性验证 - 视频与 Parquet 时间对齐验证（林禹成）/,其他（共同） - 数据正确性验证 - 视频与 Parquet 时间对齐验证（林禹成） - 前置条件：已导出视频文件与 episode_video_map.json,已导出视频文件与 episode_video_map.json,"1. 加载视频文件
2. 加载对应的 Parquet 文件
3. 比对视频时间戳与 Parquet 时间戳","1. 视频文件成功加载
2. Parquet 文件成功加载
3. 时间戳完全对齐，无偏差",1,1,功能测试,功能测试阶段
"/其他（共同） - 数据正确性验证 - 视频与 Parquet 时间对齐验证（林禹成） - 步骤 - 1 - 读取 episode_video_map.json，得到 episode_0 对应的：・视频路径：episode_0.mp4・基准相机：right・起止时间：[S, E]/","其他（共同） - 数据正确性验证 - 视频与 Parquet 时间对齐验证（林禹成） - 步骤 - 1 - 读取 episode_video_map.json，得到 episode_0 对应的：・视频路径：episode_0.mp4・基准相机：right・起止时间：[S, E] - 信息完整，起止时间与标注段一致",系统已启动，配置文件 episode_video_map.json 已加载,"1. 读取 episode_video_map.json
2. 获取 episode_0 的视频路径、基准相机、起止时间
3. 验证信息完整且起止时间与标注段一致","1. 成功读取配置文件
2. 获取到完整信息：视频路径 episode_0.mp4，基准相机 right，起止时间 [S, E]
3. 起止时间与标注段一致",1,3,功能测试,功能测试阶段
/其他（共同） - 数据正确性验证 - 视频与 Parquet 时间对齐验证（林禹成） - 步骤 - 2 - 使用 ffprobe 查看视频时长：ffprobe - v error - show_entries format=duration - of default=noprint_wrappers=1:nokey=1 episode_0.mp4 - 视频时长 =(E/,其他（共同） - 数据正确性验证 - 视频与 Parquet 时间对齐验证（林禹成） - 步骤 - 2 - 使用 ffprobe 查看视频时长：ffprobe - v error - show_entries format=duration - of default=noprint_wrappers=1:nokey=1 episode_0.mp4 - 视频时长 =(E - S)/1e9，误差≤0.1 秒（编码容器误差）,系统已启动，视频文件 episode_0.mp4 和对应 Parquet 文件存在,"1. 从 Parquet 文件中读取开始时间 S 和结束时间 E，计算期望时长 (E-S)/1e9
2. 使用 ffprobe 命令获取视频实际时长：ffprobe -v error -show_entries format=duration -of default=noprint_wrappers=1:nokey=1 episode_0.mp4
3. 比较期望时长与实际时长，检查差值是否 ≤0.1 秒","1. 成功读取 S 和 E 并计算出期望时长
2. 成功获取视频实际时长
3. 期望时长与实际时长的误差在 0.1 秒以内",1,3,功能测试,功能测试阶段
/其他（共同） - 数据正确性验证 - 视频与 Parquet 时间对齐验证（林禹成） - 步骤 - 3 - 抽取视频所有关键帧的时间戳，得到集合 V/,其他（共同） - 数据正确性验证 - 视频与 Parquet 时间对齐验证（林禹成） - 步骤 - 3 - 抽取视频所有关键帧的时间戳，得到集合 V - 共 M 个时间戳，与 parquet 行数一致,系统已启动，用户已登录，视频和Parquet文件已准备,"1. 抽取视频所有关键帧的时间戳，得到集合V
2. 统计集合V的时间戳数量，记为M
3. 统计Parquet文件的行数","1. 成功抽取视频关键帧时间戳，生成集合V
2. 集合V的时间戳数量M正确获取
3. Parquet文件行数与M一致",1,3,功能测试,功能测试阶段
/其他（共同） - 数据正确性验证 - 视频与 Parquet 时间对齐验证（林禹成） - 步骤 - 4 - 对 parquet 每一行的 original_timestamp_ns，找到 V 中最近的时间戳，计算差值/,其他（共同） - 数据正确性验证 - 视频与 Parquet 时间对齐验证（林禹成） - 步骤 - 4 - 对 parquet 每一行的 original_timestamp_ns，找到 V 中最近的时间戳，计算差值 - P95 差值≤16.67ms（30FPS），最大差值≤33.34ms,系统已启动，用户已登录，测试数据准备完成,"1. 读取parquet文件的original_timestamp_ns列
2. 对每个值查找视频V中最近的时间戳并计算差值
3. 计算所有差值的P95和最大值","1. 成功读取parquet文件
2. 差值计算正确无误
3. P95差值≤16.67ms且最大差值≤33.34ms",1,3,功能测试,功能测试阶段
/其他（共同） - 数据正确性验证 - 视频与 Parquet 时间对齐验证（林禹成） - 步骤 - 5 - 验证非基准相机对齐：・抽取左臂视频的关键帧时间集合 VL・计算 parquet 时间与 VL 的最近帧差值/,其他（共同） - 数据正确性验证 - 视频与 Parquet 时间对齐验证（林禹成） - 步骤 - 5 - 验证非基准相机对齐：・抽取左臂视频的关键帧时间集合 VL・计算 parquet 时间与 VL 的最近帧差值 - P95 差值≤33.34ms（允许非基准相机有更大对齐误差），无超过 100ms 的差值,系统已启动，视频与 Parquet 数据已加载,"1. 抽取左臂视频的关键帧时间集合 VL
2. 计算 parquet 时间与 VL 的最近帧差值
3. 检查 P95 差值≤33.34ms 且无超过 100ms 的差值","1. 成功抽取 VL
2. 成功计算差值
3. P95 差值≤33.34ms 且无超过 100ms 的差值",1,2,功能测试,功能测试阶段
/其他（共同） - 数据正确性验证 - 视频与 Parquet 时间对齐验证（林禹成） - 步骤 - 6 - 随机选择 10 个时间点，对比 parquet 图像帧与视频对应时间点的帧内容/,其他（共同） - 数据正确性验证 - 视频与 Parquet 时间对齐验证（林禹成） - 步骤 - 6 - 随机选择 10 个时间点，对比 parquet 图像帧与视频对应时间点的帧内容 - 内容完全一致，无错位,系统已启动，用户已登录，视频和Parquet数据已准备,"1. 随机选择10个时间点，从Parquet文件中提取对应图像帧
2. 从视频文件中提取对应时间点的帧
3. 对比两帧内容","1. 成功提取10个Parquet帧
2. 成功提取10个视频帧
3. 所有对应帧内容完全一致，无错位",1,2,功能测试,功能测试阶段
/其他（共同） - 数据正确性验证 - 视频与 Parquet 时间对齐验证（林禹成） - 验证标准/,其他（共同） - 数据正确性验证 - 视频与 Parquet 时间对齐验证（林禹成） - 验证标准 - 基准相机帧时间与 parquet 时间严格落在同一 episode,系统已启动，用户已登录,"1. 打开包含视频和 Parquet 数据的 episode
2. 获取基准相机帧时间戳和 Parquet 时间戳
3. 验证两者是否落在同一 episode","1. 成功打开 episode
2. 成功获取时间戳
3. 确认基准相机帧时间与 Parquet 时间严格在同一 episode",1,1,功能测试,功能测试阶段
/其他（共同） - 数据正确性验证 - 视频与 Parquet 时间对齐验证（林禹成） - 验证标准/,其他（共同） - 数据正确性验证 - 视频与 Parquet 时间对齐验证（林禹成） - 验证标准 - 非基准相机最近帧误差不超过半帧周期，特殊缺帧需有日志说明,系统已启动，数据采集完成，包含视频和Parquet数据,"1. 加载视频文件和对应的Parquet数据文件
2. 计算非基准相机最近帧的时间戳与基准相机的时间差
3. 检查误差是否在半帧周期内，并记录缺帧情况","1. 成功加载文件
2. 计算出时间差
3. 误差不超过半帧周期，特殊缺帧有日志说明",1,2,功能测试,功能测试阶段
/其他（共同） - 数据正确性验证 - 视频与 Parquet 时间对齐验证（林禹成） - 验证标准/,其他（共同） - 数据正确性验证 - 视频与 Parquet 时间对齐验证（林禹成） - 验证标准 - 视频文件时长与 episode 时长一致，允许编码容器级微小误差,系统已启动，用户已登录,"1. 获取视频文件时长
2. 获取对应episode时长
3. 比较两者差值是否在允许误差范围内","1. 成功获取视频时长
2. 成功获取episode时长
3. 差值小于允许编码容器级微小误差",1,1,功能测试,功能测试阶段
/其他（共同） - 数据正确性验证 - 缺帧场景验证（林禹成） - 前置条件：准备一个存在 1 秒缺帧的 MCAP 文件（10/,其他（共同） - 数据正确性验证 - 缺帧场景验证（林禹成） - 前置条件：准备一个存在 1 秒缺帧的 MCAP 文件（10 - 11 秒无相机帧）,准备一个存在1秒缺帧的MCAP文件（10-11秒无相机帧）,"1. 加载该MCAP文件
2. 检查时间戳10-11秒的相机帧数据
3. 验证系统对缺帧的处理","1. 文件成功加载
2. 时间戳10-11秒无相机帧数据
3. 系统正确识别缺帧并给出提示或跳过",1,3,功能测试,功能测试阶段
/其他（共同） - 数据正确性验证 - 缺帧场景验证（林禹成） - 步骤 - 1 - 上传 MCAP 并解析/,其他（共同） - 数据正确性验证 - 缺帧场景验证（林禹成） - 步骤 - 1 - 上传 MCAP 并解析 - 解析成功，无崩溃，生成 transfer_id=TR004,系统已启动，用户已登录,"1. 上传MCAP文件
2. 系统解析MCAP
3. 生成transfer_id","1. 上传成功
2. 解析成功，无崩溃
3. 生成transfer_id=TR004",1,4,功能测试,功能测试阶段
/其他（共同） - 数据正确性验证 - 缺帧场景验证（林禹成） - 步骤 - 2 - 执行 SQL 查询帧时间：SELECT publish_time_ns FROM mcap_video_frames WHERE transfer_id = 'TR004' ORDER BY publish_time_ns - 10/,其他（共同） - 数据正确性验证 - 缺帧场景验证（林禹成） - 步骤 - 2 - 执行 SQL 查询帧时间：SELECT publish_time_ns FROM mcap_video_frames WHERE transfer_id = 'TR004' ORDER BY publish_time_ns - 10 - 11 秒无时间戳，前后时间差 = 1 秒,系统已启动，数据库可访问,"1. 打开数据库连接
2. 执行SQL查询：SELECT publish_time_ns FROM mcap_video_frames WHERE transfer_id = 'TR004' ORDER BY publish_time_ns
3. 检查10-11秒时间戳范围","1. 连接成功
2. 查询返回结果集
3. 发现10-11秒内无时间戳，前后时间差为1秒",1,3,功能测试,功能测试阶段
/其他（共同） - 数据正确性验证 - 缺帧场景验证（林禹成） - 步骤 - 3 - 标注包含缺帧区域的时间段（9 - 12 秒），提交并导出/,其他（共同） - 数据正确性验证 - 缺帧场景验证（林禹成） - 步骤 - 3 - 标注包含缺帧区域的时间段（9 - 12 秒），提交并导出 - 转换成功，无失败,系统已启动，用户已登录,"1. 打开功能页面
2. 标注包含缺帧区域的时间段（9 - 12 秒）
3. 提交并导出","1. 成功打开页面
2. 标注正确显示
3. 转换成功，无失败",1,3,功能测试,功能测试阶段
/其他（共同） - 数据正确性验证 - 缺帧场景验证（林禹成） - 步骤 - 4 - 检查 parquet 的时间戳序列 - 10/,其他（共同） - 数据正确性验证 - 缺帧场景验证（林禹成） - 步骤 - 4 - 检查 parquet 的时间戳序列 - 10 - 11 秒无时间戳，前后时间连续，无跳变、无负值,系统已启动，用户已登录,"1. 打开包含时间戳序列的parquet文件
2. 定位到10秒至11秒的时间段
3. 检查时间戳序列","1. 成功打开文件
2. 定位到时间段
3. 在10-11秒区间内无时间戳，前后时间戳连续，无跳变、无负值",1,2,功能测试,功能测试阶段
/其他（共同） - 数据正确性验证 - 缺帧场景验证（林禹成） - 步骤 - 5 - 验证缺帧区域前后的标注字段/,其他（共同） - 数据正确性验证 - 缺帧场景验证（林禹成） - 步骤 - 5 - 验证缺帧区域前后的标注字段 - 标注正确，无错位,系统已启动，用户已登录，有包含缺帧区域的数据集,"1. 打开包含缺帧区域的视频数据
2. 检查缺帧区域前后的标注字段
3. 对比标注字段是否正确且无错位","1. 成功打开视频数据
2. 能清晰查看缺帧区域前后的标注
3. 标注字段正确，无错位现象",1,2,功能测试,功能测试阶段
/其他（共同） - 数据正确性验证 - 缺帧场景验证（林禹成） - 验证标准/,其他（共同） - 数据正确性验证 - 缺帧场景验证（林禹成） - 验证标准 - 解析不崩，时间戳连续无跳变，标注不漂移,系统已启动，数据源已配置,"1. 准备缺帧的输入数据文件
2. 加载数据并进行解析
3. 检查解析结果","1. 系统正常解析，无崩溃
2. 时间戳序列连续，无跳变
3. 标注信息位置正确，无漂移",1,3,功能测试,功能测试阶段
/其他（共同） - 数据正确性验证 - 自动化 lineage 报告生成与字段完整性验证（林禹成）/,其他（共同） - 数据正确性验证 - 自动化 lineage 报告生成与字段完整性验证（林禹成） - 前置条件：已完成一次成功的 LeRobot 导出（job_id=JOB001）,已完成一次成功的 LeRobot 导出（job_id=JOB001）,"1. 请求生成 lineage 报告
2. 检查报告中的必填字段
3. 验证字段值与原始数据一致","1. 报告成功生成
2. 所有必填字段完整
3. 字段值正确无误",1,1,功能测试,功能测试阶段
/其他（共同） - 数据正确性验证 - 自动化 lineage 报告生成与字段完整性验证（林禹成） - 步骤 - 1 - 在转换输出目录中查找 full_lineage_report_JOB001.json 文件/,其他（共同） - 数据正确性验证 - 自动化 lineage 报告生成与字段完整性验证（林禹成） - 步骤 - 1 - 在转换输出目录中查找 full_lineage_report_JOB001.json 文件 - 文件存在,系统已启动，转换输出目录存在,1. 在转换输出目录中查找 full_lineage_report_JOB001.json 文件,1. 文件存在,1,4,功能测试,功能测试阶段
/其他（共同） - 数据正确性验证 - 自动化 lineage 报告生成与字段完整性验证（林禹成） - 步骤 - 2 - 解析 JSON，检查顶层字段是否包含 task_id、annotation_id、job_id、status、baseline、episodes、errors/,其他（共同） - 数据正确性验证 - 自动化 lineage 报告生成与字段完整性验证（林禹成） - 步骤 - 2 - 解析 JSON，检查顶层字段是否包含 task_id、annotation_id、job_id、status、baseline、episodes、errors - 字段完整,系统已启动，用户已登录，存在待解析的JSON数据,"1. 解析JSON数据
2. 检查顶层字段是否包含 task_id、annotation_id、job_id、status、baseline、episodes、errors","1. JSON解析成功
2. 所有指定字段均存在",1,1,功能测试,功能测试阶段
/其他（共同） - 数据正确性验证 - 自动化 lineage 报告生成与字段完整性验证（林禹成） - 步骤 - 3 - 检查 episodes[0].video_delta_ns_p95 ≤ 16.67ms（30FPS）/,其他（共同） - 数据正确性验证 - 自动化 lineage 报告生成与字段完整性验证（林禹成） - 步骤 - 3 - 检查 episodes[0].video_delta_ns_p95 ≤ 16.67ms（30FPS） - 通过,系统已启动，测试数据已加载，lineage报告生成流程已配置,"1. 准备包含30FPS视频片段的测试数据
2. 执行自动化lineage报告生成
3. 检查报告中的episodes[0].video_delta_ns_p95字段值是否≤16.67ms","1. 测试数据就绪
2. 报告生成成功，无错误
3. 字段值满足条件，验证通过",1,4,功能测试,功能测试阶段
/其他（共同） - 数据正确性验证 - 自动化 lineage 报告生成与字段完整性验证（林禹成） - 步骤 - 4 - 检查 episodes[0].state_delta_ns_p95 ≤ 20ms/,其他（共同） - 数据正确性验证 - 自动化 lineage 报告生成与字段完整性验证（林禹成） - 步骤 - 4 - 检查 episodes[0].state_delta_ns_p95 ≤ 20ms - 通过,系统已生成lineage报告，包含episodes数据,"1. 获取lineage报告中episodes[0].state_delta_ns_p95值
2. 比较该值是否≤20ms","1. 成功获取到该字段值
2. 该值≤20ms，验证通过",1,4,功能测试,功能测试阶段
/其他（共同） - 数据正确性验证 - 自动化 lineage 报告生成与字段完整性验证（林禹成） - 步骤 - 5 - 检查 errors 数组为空/,其他（共同） - 数据正确性验证 - 自动化 lineage 报告生成与字段完整性验证（林禹成） - 步骤 - 5 - 检查 errors 数组为空 - 空数组,系统已启动，用户已登录，且已生成lineage报告,"1. 打开lineage报告页面
2. 检查返回结果中的errors数组","1. 页面正确显示报告内容
2. errors数组为空数组",1,4,功能测试,功能测试阶段
/其他（共同） - 数据正确性验证 - 自动化 lineage 报告生成与字段完整性验证（林禹成） - 验证标准/,其他（共同） - 数据正确性验证 - 自动化 lineage 报告生成与字段完整性验证（林禹成） - 验证标准 - 自动化报告自动生成，且字段完整，无报错,系统已启动，用户已登录,"1. 触发自动化lineage报告生成功能
2. 等待报告生成完成
3. 检查报告字段完整性并查看错误日志","1. 报告生成流程正常启动
2. 报告成功生成
3. 报告字段完整，且无错误日志输出",1,4,功能测试,功能测试阶段
/其他（共同） - 性能测试 - 页面加载性能（林禹成） - 1. 普通列表页面接口响应后 1 秒内完成渲染2. 标注工作台首次打开 3 秒内基准视频可播放3. 跳转到已缓存片段 500ms 内恢复播放 - 操作步骤 - 1 - 清空浏览器缓存，打开浏览器开发者工具的「网络」面板/,其他（共同） - 性能测试 - 页面加载性能（林禹成） - 1. 普通列表页面接口响应后 1 秒内完成渲染2. 标注工作台首次打开 3 秒内基准视频可播放3. 跳转到已缓存片段 500ms 内恢复播放 - 操作步骤 - 1 - 清空浏览器缓存，打开浏览器开发者工具的「网络」面板 - 准备完成,系统已启动，用户已登录,1. 清空浏览器缓存，打开浏览器开发者工具的「网络」面板,1. 准备完成,1,1,功能测试,功能测试阶段
/其他（共同） - 性能测试 - 页面加载性能（林禹成） - 1. 普通列表页面接口响应后 1 秒内完成渲染2. 标注工作台首次打开 3 秒内基准视频可播放3. 跳转到已缓存片段 500ms 内恢复播放 - 操作步骤 - 2 - 输入平台地址，登录系统，进入「任务管理」列表页（已有 1000 条任务数据）/,其他（共同） - 性能测试 - 页面加载性能（林禹成） - 1. 普通列表页面接口响应后 1 秒内完成渲染2. 标注工作台首次打开 3 秒内基准视频可播放3. 跳转到已缓存片段 500ms 内恢复播放 - 操作步骤 - 2 - 输入平台地址，登录系统，进入「任务管理」列表页（已有 1000 条任务数据） - 接口响应后 1 秒内页面完成渲染，所有数据、按钮均正常显示,系统已启动，测试环境已配置1000条任务数据,1. 输入平台地址，登录系统，进入「任务管理」列表页（已有1000条任务数据）,1. 接口响应后1秒内页面完成渲染，所有数据、按钮均正常显示,1,3,功能测试,功能测试阶段
/其他（共同） - 性能测试 - 页面加载性能（林禹成） - 1. 普通列表页面接口响应后 1 秒内完成渲染2. 标注工作台首次打开 3 秒内基准视频可播放3. 跳转到已缓存片段 500ms 内恢复播放 - 操作步骤 - 3 - 点击进入一个已有 10 段 episode 的标注任务工作台/,其他（共同） - 性能测试 - 页面加载性能（林禹成） - 1. 普通列表页面接口响应后 1 秒内完成渲染2. 标注工作台首次打开 3 秒内基准视频可播放3. 跳转到已缓存片段 500ms 内恢复播放 - 操作步骤 - 3 - 点击进入一个已有 10 段 episode 的标注任务工作台 - 3 秒内基准视频可正常播放，其他组件加载完成,系统已启动，用户已登录，且存在一个包含10段episode的标注任务,"1. 打开标注任务列表页面
2. 选择一个包含10段episode的标注任务
3. 点击进入该任务的标注工作台","1. 列表页面渲染完成
2. 任务选择成功
3. 3秒内基准视频可正常播放，其他组件加载完成",1,3,功能测试,功能测试阶段
/其他（共同） - 性能测试 - 页面加载性能（林禹成） - 1. 普通列表页面接口响应后 1 秒内完成渲染2. 标注工作台首次打开 3 秒内基准视频可播放3. 跳转到已缓存片段 500ms 内恢复播放 - 操作步骤 - 4 - 在标注工作台的时间轴上点击跳转到一个已经缓存过的视频片段/,其他（共同） - 性能测试 - 页面加载性能（林禹成） - 1. 普通列表页面接口响应后 1 秒内完成渲染2. 标注工作台首次打开 3 秒内基准视频可播放3. 跳转到已缓存片段 500ms 内恢复播放 - 操作步骤 - 4 - 在标注工作台的时间轴上点击跳转到一个已经缓存过的视频片段 - 500ms 内视频恢复播放，无明显卡顿,系统已启动，用户已登录，标注工作台已打开，存在已缓存的视频片段,1. 在标注工作台的时间轴上点击跳转到一个已经缓存过的视频片段,1. 500ms 内视频恢复播放，无明显卡顿,1,2,功能测试,功能测试阶段
/其他（共同） - 性能测试 - 页面加载性能（林禹成） - 1. 普通列表页面接口响应后 1 秒内完成渲染2. 标注工作台首次打开 3 秒内基准视频可播放3. 跳转到已缓存片段 500ms 内恢复播放 - 操作步骤 - 5 - 点击跳转到一个从未访问过的视频片段（第 10 段），观察网络请求瀑布图（Waterfall）/,其他（共同） - 性能测试 - 页面加载性能（林禹成） - 1. 普通列表页面接口响应后 1 秒内完成渲染2. 标注工作台首次打开 3 秒内基准视频可播放3. 跳转到已缓存片段 500ms 内恢复播放 - 操作步骤 - 5 - 点击跳转到一个从未访问过的视频片段（第 10 段），观察网络请求瀑布图（Waterfall） - 2 秒内当前片段视频开始播放（播放按钮可点击）；网络请求列表中，当前片段的视频请求优先完成，邻近片段（第 9、11 段）的请求在后台并行加载，不阻塞主视频的起播,系统已启动，用户已登录，标注工作台已打开并加载了初始视频片段,"1. 点击跳转到一个从未访问过的视频片段（第10段）
2. 观察网络请求瀑布图","1. 2秒内当前片段视频开始播放（播放按钮可点击）
2. 网络请求列表中，当前片段的视频请求优先完成，邻近片段（第9、11段）的请求在后台并行加载，不阻塞主视频的起播",1,1,功能测试,功能测试阶段
"/其他（共同） - 性能测试 - 核心接口性能（林禹成） - 1. 普通列表查询接口响应时间 < 500ms，支持 1000 条 / 页分页2. 任务创建、标注保存、质检提交等核心操作响应时间 < 1 秒3. pose - state 查询接口支持 100QPS 并发，响应时间 < 200ms - 操作步骤 - 1 - 使用 Postman/JMeter 调用任务列表查询接口，参数为 page=1, size=1000/","其他（共同） - 性能测试 - 核心接口性能（林禹成） - 1. 普通列表查询接口响应时间 < 500ms，支持 1000 条 / 页分页2. 任务创建、标注保存、质检提交等核心操作响应时间 < 1 秒3. pose - state 查询接口支持 100QPS 并发，响应时间 < 200ms - 操作步骤 - 1 - 使用 Postman/JMeter 调用任务列表查询接口，参数为 page=1, size=1000 - 接口响应时间 < 500ms，返回数据完整",系统已启动，用户已登录，性能测试环境已准备,"1. 使用 Postman/JMeter 调用任务列表查询接口，参数为 page=1, size=1000",1. 接口响应时间 < 500ms，返回数据完整,1,2,功能测试,功能测试阶段
/其他（共同） - 性能测试 - 核心接口性能（林禹成） - 1. 普通列表查询接口响应时间 < 500ms，支持 1000 条 / 页分页2. 任务创建、标注保存、质检提交等核心操作响应时间 < 1 秒3. pose - state 查询接口支持 100QPS 并发，响应时间 < 200ms - 操作步骤 - 2 - 调用创建任务接口，传入正常的任务参数/,其他（共同） - 性能测试 - 核心接口性能（林禹成） - 1. 普通列表查询接口响应时间 < 500ms，支持 1000 条 / 页分页2. 任务创建、标注保存、质检提交等核心操作响应时间 < 1 秒3. pose - state 查询接口支持 100QPS 并发，响应时间 < 200ms - 操作步骤 - 2 - 调用创建任务接口，传入正常的任务参数 - 接口响应时间 < 1 秒，任务创建成功,系统已启动，用户已登录，测试环境网络正常,1. 调用创建任务接口，传入正常的任务参数,1. 接口响应时间 < 1 秒，任务创建成功,1,1,功能测试,功能测试阶段
/其他（共同） - 性能测试 - 核心接口性能（林禹成） - 1. 普通列表查询接口响应时间 < 500ms，支持 1000 条 / 页分页2. 任务创建、标注保存、质检提交等核心操作响应时间 < 1 秒3. pose - state 查询接口支持 100QPS 并发，响应时间 < 200ms - 操作步骤 - 3 - 使用 JMeter 对 pose - state 接口发起 100QPS 并发请求，持续 1 分钟/,其他（共同） - 性能测试 - 核心接口性能（林禹成） - 1. 普通列表查询接口响应时间 < 500ms，支持 1000 条 / 页分页2. 任务创建、标注保存、质检提交等核心操作响应时间 < 1 秒3. pose - state 查询接口支持 100QPS 并发，响应时间 < 200ms - 操作步骤 - 3 - 使用 JMeter 对 pose - state 接口发起 100QPS 并发请求，持续 1 分钟 - 平均响应时间 < 200ms，无报错，无请求超时,系统已部署并配置好，JMeter 工具已就绪,"1. 打开 JMeter 并配置测试计划
2. 设置 pose-state 接口请求参数，并发数为 100QPS
3. 持续运行 1 分钟，收集响应时间和错误信息","1. 测试计划正确加载并运行
2. 请求按 100QPS 并发正常发送
3. 平均响应时间 < 200ms，无报错，无请求超时",1,2,功能测试,功能测试阶段
/其他（共同） - 性能测试 - 核心接口性能（林禹成） - 1. 普通列表查询接口响应时间 < 500ms，支持 1000 条 / 页分页2. 任务创建、标注保存、质检提交等核心操作响应时间 < 1 秒3. pose - state 查询接口支持 100QPS 并发，响应时间 < 200ms - 操作步骤 - 4 - 使用 JMeter 模拟 100 个用户同时访问同一个视频流接口，持续 5 分钟/,其他（共同） - 性能测试 - 核心接口性能（林禹成） - 1. 普通列表查询接口响应时间 < 500ms，支持 1000 条 / 页分页2. 任务创建、标注保存、质检提交等核心操作响应时间 < 1 秒3. pose - state 查询接口支持 100QPS 并发，响应时间 < 200ms - 操作步骤 - 4 - 使用 JMeter 模拟 100 个用户同时访问同一个视频流接口，持续 5 分钟 - 卡顿率 < 1%，所有用户均可正常播放视频，无服务崩溃,系统已启动，性能测试环境已准备,"1. 使用JMeter模拟100个用户同时访问同一个视频流接口，持续5分钟
2. 监控响应时间和卡顿率
3. 验证服务是否崩溃","1. 所有用户正常播放视频，卡顿率<1%
2. 响应时间符合要求
3. 服务无崩溃",1,1,功能测试,功能测试阶段
/其他（共同） - 性能测试 - 并发操作性能（林禹成） - 1. 支持 50 人同时进行标注操作，系统无卡顿，数据无冲突2. 支持同时发起 10 个转换任务，队列调度正常，单个任务失败不影响其他任务 - 操作步骤 - 1 - 使用 JMeter 模拟 50 个不同的标注工程师用户，同时对不同任务进行标注保存操作，持续 10 分钟/,其他（共同） - 性能测试 - 并发操作性能（林禹成） - 1. 支持 50 人同时进行标注操作，系统无卡顿，数据无冲突2. 支持同时发起 10 个转换任务，队列调度正常，单个任务失败不影响其他任务 - 操作步骤 - 1 - 使用 JMeter 模拟 50 个不同的标注工程师用户，同时对不同任务进行标注保存操作，持续 10 分钟 - 所有标注保存操作均成功，无数据冲突，无服务崩溃，页面操作无明显卡顿,系统已启动，用户已登录,1. 使用 JMeter 模拟 50 个不同的标注工程师用户，同时对不同任务进行标注保存操作，持续 10 分钟,1. 所有标注保存操作均成功，无数据冲突，无服务崩溃，页面操作无明显卡顿,1,4,功能测试,功能测试阶段
/其他（共同） - 性能测试 - 并发操作性能（林禹成） - 1. 支持 50 人同时进行标注操作，系统无卡顿，数据无冲突2. 支持同时发起 10 个转换任务，队列调度正常，单个任务失败不影响其他任务 - 操作步骤 - 2 - 同时选择 10 个不同的已质检任务，发起转换请求/,其他（共同） - 性能测试 - 并发操作性能（林禹成） - 1. 支持 50 人同时进行标注操作，系统无卡顿，数据无冲突2. 支持同时发起 10 个转换任务，队列调度正常，单个任务失败不影响其他任务 - 操作步骤 - 2 - 同时选择 10 个不同的已质检任务，发起转换请求 - 转换任务全部进入队列，按顺序执行，单个任务失败不影响其他任务，最终所有转换均正常完成,系统已启动，用户已登录，且存在至少10个已质检任务,"1. 准备10个不同的已质检任务
2. 同时选择这10个任务，发起转换请求
3. 观察队列状态和转换结果","1. 10个任务均成功发起转换请求
2. 转换任务全部进入队列，按顺序执行
3. 单个任务失败不影响其他任务，最终所有转换均正常完成",1,2,功能测试,功能测试阶段
/其他（共同） - 性能测试 - 增量保存请求体大小与变更量成正比（林禹成） - 前置条件/,其他（共同） - 性能测试 - 增量保存请求体大小与变更量成正比（林禹成） - 前置条件 - 准备一个已有 500 条标注段的长 episode（模拟大任务）,系统已启动，用户已登录，且已有一个包含500条标注段的长episode,"1. 准备一个已有500条标注段的长episode
2. 对其中10条标注段进行增量修改
3. 发送增量保存请求，并记录请求体大小","1. 成功加载长episode
2. 修改成功，变更量为10条
3. 请求体大小与变更量成正比，远小于全量保存的请求体",1,3,功能测试,功能测试阶段
/其他（共同） - 性能测试 - 增量保存请求体大小与变更量成正比（林禹成） - 步骤 - 1/,其他（共同） - 性能测试 - 增量保存请求体大小与变更量成正比（林禹成） - 步骤 - 1 - 打开浏览器开发者工具 Network 面板，清空网络日志,系统已启动，用户已登录，页面存在可编辑内容,"1. 打开浏览器开发者工具 Network 面板，清空网络日志
2. 对内容进行小幅度修改并保存
3. 再次对内容进行大幅度修改并保存","1. Network面板打开且日志清空
2. 第一次保存请求体大小较小
3. 第二次保存请求体大小较大，且与第二次修改量成正比",1,1,功能测试,功能测试阶段
/其他（共同） - 性能测试 - 增量保存请求体大小与变更量成正比（林禹成） - 步骤 - 2 - 在标注工作台中只修改 1 个标注段的描述，点击「保存草稿」/,其他（共同） - 性能测试 - 增量保存请求体大小与变更量成正比（林禹成） - 步骤 - 2 - 在标注工作台中只修改 1 个标注段的描述，点击「保存草稿」 - 抓取保存接口的 Request Payload，查看请求体大小,系统已启动，用户已登录，标注工作台已打开,"1. 进入标注工作台，打开一个标注任务
2. 修改1个标注段的描述
3. 点击「保存草稿」，抓取保存接口的Request Payload，查看请求体大小","1. 成功进入标注工作台并打开标注任务
2. 描述修改成功
3. 请求体大小仅包含修改的字段，大小与变更量成正比（较小）",1,3,功能测试,功能测试阶段
/其他（共同） - 性能测试 - 增量保存请求体大小与变更量成正比（林禹成） - 步骤 - 3 - 记录本次请求体大小（如 1.2KB），检查 Payload 结构/,"其他（共同） - 性能测试 - 增量保存请求体大小与变更量成正比（林禹成） - 步骤 - 3 - 记录本次请求体大小（如 1.2KB），检查 Payload 结构 - Payload 中只包含 added: []、updated: [{id: xxx, description: ""新描述""}]、deleted: []，不包含其他 499 条未变更的标注数据",系统已启动，用户已登录，标注页面已打开,"1.
2.
3.
",,1,1,功能测试,功能测试阶段
/其他（共同） - 性能测试 - 增量保存请求体大小与变更量成正比（林禹成） - 步骤 - 4 - 再次修改 50 个标注段，点击保存，查看请求体大小/,其他（共同） - 性能测试 - 增量保存请求体大小与变更量成正比（林禹成） - 步骤 - 4 - 再次修改 50 个标注段，点击保存，查看请求体大小 - 请求体大小 ≈ 步骤2的 50 倍（线性增长），而不是突然变成 500 条的全量大小,系统已启动，用户已登录,"1. 修改 50 个标注段
2. 点击保存按钮
3. 查看请求体大小","1. 标注段修改成功
2. 保存操作成功
3. 请求体大小约为上次保存（步骤2）请求体大小的 50 倍，且小于全量 500 条的大小",1,1,功能测试,功能测试阶段
/其他（共同） - 性能测试 - 增量保存请求体大小与变更量成正比（林禹成） - 验证标准/,其他（共同） - 性能测试 - 增量保存请求体大小与变更量成正比（林禹成） - 验证标准 - 增量保存接口的请求体大小与变更数量成正比，与总标注数量无关；单次修改请求体 < 50KB,系统已启动，用户已登录,"1. 构造变更数量为N的增量保存请求
2. 发送请求并记录请求体大小
3. 对比不同N下请求体大小与变更量关系","1. 请求体大小随N线性增长
2. 不同总标注数量下相同N的请求体大小一致
3. 单次修改请求体 < 50KB",1,1,功能测试,功能测试阶段
/其他（共同） - 性能测试 - Pose - state 高频请求堆积防护验证（林禹成） - 前置条件/,其他（共同） - 性能测试 - Pose - state 高频请求堆积防护验证（林禹成） - 前置条件 - 打开标注工作台，打开浏览器开发者工具 Network 面板,打开标注工作台，打开浏览器开发者工具 Network 面板,"1. 快速连续发送多个 Pose state 请求
2. 观察 Network 面板中请求状态
3. 检查系统是否出现错误或崩溃","1. 系统限制高频请求，部分请求返回429或超时
2. 请求排队或丢弃
3. 系统保持稳定，无崩溃",1,2,功能测试,功能测试阶段
/其他（共同） - 性能测试 - Pose - state 高频请求堆积防护验证（林禹成） - 步骤 - 1 - 快速反复拖动视频进度条（在 10 秒内来回拖动 20 次） - Network 中 pose/,其他（共同） - 性能测试 - Pose - state 高频请求堆积防护验证（林禹成） - 步骤 - 1 - 快速反复拖动视频进度条（在 10 秒内来回拖动 20 次） - Network 中 pose - state 接口的请求数量 ≤ 20 次（而不是几百次）,系统已启动，用户已登录，视频播放页面已打开,"1. 快速反复拖动视频进度条（在10秒内来回拖动20次）
2. 打开浏览器开发者工具Network面板，过滤pose-state接口
3. 统计该接口的请求数量","1. 视频进度条响应拖动操作
2. 成功过滤出pose-state接口
3. 请求数量≤20次",1,3,功能测试,功能测试阶段
/其他（共同） - 性能测试 - Pose - state 高频请求堆积防护验证（林禹成） - 步骤 - 2 - 检查 pose - state 请求的发起间隔/,其他（共同） - 性能测试 - Pose - state 高频请求堆积防护验证（林禹成） - 步骤 - 2 - 检查 pose - state 请求的发起间隔 - 相邻两次请求间隔 ≥ 200ms（前端做了节流/throttle）,系统已启动，用户已登录,"1. 模拟高频触发 pose-state 请求
2. 记录相邻两次请求的时间戳
3. 计算时间间隔","1. 请求被成功发送
2. 时间戳被正确记录
3. 相邻请求间隔 ≥ 200ms",1,4,功能测试,功能测试阶段
/其他（共同） - 性能测试 - Pose - state 高频请求堆积防护验证（林禹成） - 步骤 - 3 - 模拟服务端 pose - state 接口响应变慢（延迟 2 秒返回），再次快速拖动进度条/,其他（共同） - 性能测试 - Pose - state 高频请求堆积防护验证（林禹成） - 步骤 - 3 - 模拟服务端 pose - state 接口响应变慢（延迟 2 秒返回），再次快速拖动进度条 - 前端不会因请求堆积而卡死，视频播放依然流畅；新请求会取消或覆盖旧请求（使用 AbortController）,系统已启动，用户已登录，视频页面已加载，存在可拖动的进度条,"1. 模拟服务端 pose-state 接口响应延迟 2 秒返回
2. 快速拖动进度条多次
3. 观察视频播放和网络请求状态","1. 接口响应延迟生效
2. 前端不卡死，视频播放流畅
3. 新请求取消或覆盖旧请求，无请求堆积",1,3,功能测试,功能测试阶段
/其他（共同） - 性能测试 - Pose - state 高频请求堆积防护验证（林禹成） - 步骤/,其他（共同） - 性能测试 - Pose - state 高频请求堆积防护验证（林禹成） - 步骤 - 4,系统已部署并处于正常运行状态，测试工具已准备,"1. 使用测试工具模拟高频Pose请求，持续变化state参数
2. 逐步增加请求频率直至超过预设阈值
3. 观察系统响应及资源使用情况","1. 系统在阈值内正常处理请求
2. 超过阈值后返回限流或错误响应
3. 系统资源消耗稳定，无崩溃",1,1,功能测试,功能测试阶段
/其他（共同） - 性能测试 - Pose - state 高频请求堆积防护验证（林禹成） - 验证标准 - 前端对 pose/,其他（共同） - 性能测试 - Pose - state 高频请求堆积防护验证（林禹成） - 验证标准 - 前端对 pose - state 有节流控制（≤ 5次/秒）；后端压力过大时，前端不阻塞视频播放,系统已启动，用户已登录，视频正在播放,"1. 启动视频播放，同时模拟高频发送pose-state请求（如每秒10次）
2. 监控前端实际发出的请求频率
3. 模拟后端响应延迟或超时，观察视频播放状态","1. 前端实际请求频率不超过5次/秒
2. 视频播放不受影响，持续流畅
3. 后端压力过大时，前端不阻塞视频播放",1,4,功能测试,功能测试阶段
/其他（共同） - 性能测试 - 全量 annotation_json 异步聚合不阻塞保存接口（林禹成） - 前置条件/,其他（共同） - 性能测试 - 全量 annotation_json 异步聚合不阻塞保存接口（林禹成） - 前置条件 - 已有 500 条标注段的长 episode,系统已启动，已有包含500条标注段的长episode,"1. 调用全量annotation_json异步聚合不阻塞保存接口
2. 发送保存请求
3. 观察接口是否立即返回响应","1. 接口立即返回响应
2. 保存操作在后台异步执行
3. 接口不阻塞后续操作",1,2,功能测试,功能测试阶段
/其他（共同） - 性能测试 - 全量 annotation_json 异步聚合不阻塞保存接口（林禹成） - 步骤 - 1 - 修改 1 个标注段，点击保存，记录接口返回时间（Response Time）/,其他（共同） - 性能测试 - 全量 annotation_json 异步聚合不阻塞保存接口（林禹成） - 步骤 - 1 - 修改 1 个标注段，点击保存，记录接口返回时间（Response Time） - 接口响应时间 < 500ms,系统已启动，用户已登录,"1. 打开包含标注的页面
2. 修改1个标注段
3. 点击保存按钮","1. 页面正常显示
2. 标注段成功修改
3. 接口响应时间<500ms",1,3,功能测试,功能测试阶段
/其他（共同） - 性能测试 - 全量 annotation_json 异步聚合不阻塞保存接口（林禹成） - 步骤 - 2 - 立即查询数据库 task_annotations 表的 annotation_json 字段/,其他（共同） - 性能测试 - 全量 annotation_json 异步聚合不阻塞保存接口（林禹成） - 步骤 - 2 - 立即查询数据库 task_annotations 表的 annotation_json 字段 - annotation_json 可能尚未更新（仍为旧数据），说明全量聚合是异步的,系统已启动，用户已登录，存在相关 task_annotations 记录,"1. 调用全量聚合保存接口
2. 立即查询数据库 task_annotations 表的 annotation_json 字段","1. 接口返回成功，不阻塞
2. 查询到的 annotation_json 可能尚未更新（仍为旧数据）",1,3,功能测试,功能测试阶段
/其他（共同） - 性能测试 - 全量 annotation_json 异步聚合不阻塞保存接口（林禹成） - 步骤 - 3 - 等待 5 秒后再次查询 annotation_json/,其他（共同） - 性能测试 - 全量 annotation_json 异步聚合不阻塞保存接口（林禹成） - 步骤 - 3 - 等待 5 秒后再次查询 annotation_json - annotation_json 已更新为包含最新修改的全量数据,系统已启动，用户已登录，且已执行异步保存操作,1. 等待5秒后查询 annotation_json,1. annotation_json 已更新为包含最新修改的全量数据,1,2,功能测试,功能测试阶段
/其他（共同） - 性能测试 - 全量 annotation_json 异步聚合不阻塞保存接口（林禹成） - 验证标准/,其他（共同） - 性能测试 - 全量 annotation_json 异步聚合不阻塞保存接口（林禹成） - 验证标准 - 保存接口不等待全量 JSON 聚合完成即返回；全量 JSON 在后台异步更新，最终一致（5 秒内）,系统已启动，用户已登录，存在待保存的 annotation_json 数据,"1. 发送保存接口请求，包含全量 annotation_json 数据
2. 检查保存接口是否立即返回
3. 等待5秒后查询全量 annotation_json 数据","1. 保存接口立即返回成功响应
2. 后台异步开始聚合处理
3. 全量 annotation_json 数据在5秒内更新为最终一致状态",1,2,功能测试,功能测试阶段
/其他（共同） - 性能测试 - 大表查询性能（封伟） - mcap_topic_messages、mcap_video_frames 等百万级大表查询时间 < 1 秒（需验证索引生效） - 操作步骤 - 1 - 确保数据库中 mcap_topic_messages 表已有 100 万条以上数据/,其他（共同） - 性能测试 - 大表查询性能（封伟） - mcap_topic_messages、mcap_video_frames 等百万级大表查询时间 < 1 秒（需验证索引生效） - 操作步骤 - 1 - 确保数据库中 mcap_topic_messages 表已有 100 万条以上数据 - 准备完成,数据库 mcap_topic_messages 表已有 100 万条以上数据，索引已创建并生效,"1. 确认表数据量 >= 100 万
2. 执行典型查询语句（如 SELECT * FROM mcap_topic_messages WHERE ...）
3. 记录查询耗时","1. 数据量满足要求
2. 查询成功返回结果
3. 查询耗时 < 1 秒",1,3,功能测试,功能测试阶段
/其他（共同） - 性能测试 - 大表查询性能（封伟） - mcap_topic_messages、mcap_video_frames 等百万级大表查询时间 < 1 秒（需验证索引生效） - 操作步骤 - 2 - 执行 SQL 查询：SELECT * FROM mcap_topic_messages WHERE transfer_id = 'xxx' AND publish_time_ns BETWEEN 'xxx' AND 'xxx'（查询 1 分钟范围内的数据）/,其他（共同） - 性能测试 - 大表查询性能（封伟） - mcap_topic_messages、mcap_video_frames 等百万级大表查询时间 < 1 秒（需验证索引生效） - 操作步骤 - 2 - 执行 SQL 查询：SELECT * FROM mcap_topic_messages WHERE transfer_id = 'xxx' AND publish_time_ns BETWEEN 'xxx' AND 'xxx'（查询 1 分钟范围内的数据） - 查询时间 < 1 秒，查看执行计划确认索引生效,系统已启动，用户已登录，数据库连接正常，百万级大表 mcap_topic_messages 已创建索引,"1. 执行 SQL 查询：SELECT * FROM mcap_topic_messages WHERE transfer_id = 'xxx' AND publish_time_ns BETWEEN 'xxx' AND 'xxx'
2. 查看查询执行计划","1. 查询完成时间小于 1 秒
2. 执行计划显示使用了索引",1,3,功能测试,功能测试阶段
/其他（共同） - 性能测试 - 大表查询性能（封伟） - mcap_topic_messages、mcap_video_frames 等百万级大表查询时间 < 1 秒（需验证索引生效） - 操作步骤 - 3 - 对 mcap_video_frames 表执行类似的范围查询/,其他（共同） - 性能测试 - 大表查询性能（封伟） - mcap_topic_messages、mcap_video_frames 等百万级大表查询时间 < 1 秒（需验证索引生效） - 操作步骤 - 3 - 对 mcap_video_frames 表执行类似的范围查询 - 查询时间 < 1 秒，索引生效,系统已启动，用户已登录，mcap_video_frames 表有百万级数据,"1. 准备 mcap_video_frames 表，确保数据量百万级
2. 执行类似的范围查询语句
3. 记录查询时间并检查执行计划","1. 表数据量达到百万级
2. 查询语句执行成功
3. 查询时间 < 1 秒，索引生效",1,3,功能测试,功能测试阶段
/其他（共同） - 性能测试 - 大文件上传性能（封伟） - 1. 10GB MCAP 文件上传速度 > 10MB/s，支持断点续传2. 上传过程中断网恢复后可继续上传，无需重新选择文件 - 操作步骤 - 1 - 准备一个大小为 60GB 的有效 MCAP 文件，记录文件大小/,其他（共同） - 性能测试 - 大文件上传性能（封伟） - 1. 10GB MCAP 文件上传速度 > 10MB/s，支持断点续传2. 上传过程中断网恢复后可继续上传，无需重新选择文件 - 操作步骤 - 1 - 准备一个大小为 60GB 的有效 MCAP 文件，记录文件大小 - 准备完成,系统已启动，用户已登录,"1. 准备一个10GB的有效MCAP文件，记录文件大小
2. 开始上传文件，记录上传开始时间
3. 上传过程中断网，恢复网络后检查上传进度","1. 文件大小记录正确
2. 上传速度大于10MB/s
3. 上传可从断点继续，无需重新选择文件",1,2,功能测试,功能测试阶段
/其他（共同） - 性能测试 - 大文件上传性能（封伟） - 1. 10GB MCAP 文件上传速度 > 10MB/s，支持断点续传2. 上传过程中断网恢复后可继续上传，无需重新选择文件 - 操作步骤 - 2 - 进入采集上传页面，选择该文件开始上传，同时记录开始时间/,其他（共同） - 性能测试 - 大文件上传性能（封伟） - 1. 10GB MCAP 文件上传速度 > 10MB/s，支持断点续传2. 上传过程中断网恢复后可继续上传，无需重新选择文件 - 操作步骤 - 2 - 进入采集上传页面，选择该文件开始上传，同时记录开始时间 - 上传进度正常显示,系统已启动，用户已登录，10GB MCAP文件已准备,"1.
2.
3.
",,1,2,功能测试,功能测试阶段
/其他（共同） - 性能测试 - 大文件上传性能（封伟） - 1. 10GB MCAP 文件上传速度 > 10MB/s，支持断点续传2. 上传过程中断网恢复后可继续上传，无需重新选择文件 - 操作步骤 - 3 - 等待上传完成，计算上传耗时/,其他（共同） - 性能测试 - 大文件上传性能（封伟） - 1. 10GB MCAP 文件上传速度 > 10MB/s，支持断点续传2. 上传过程中断网恢复后可继续上传，无需重新选择文件 - 操作步骤 - 3 - 等待上传完成，计算上传耗时 - 上传速度 > 10MB/s，总耗时 < 17 分钟,系统已启动，用户已登录，网络正常，具有10GB MCAP文件,"1. 打开文件上传页面
2. 选择10GB MCAP文件并开始上传
3. 等待上传完成，计算上传耗时","1. 上传页面正常打开
2. 文件被成功选择并开始上传
3. 上传速度 > 10MB/s，总耗时 < 17 分钟",1,4,功能测试,功能测试阶段
/其他（共同） - 性能测试 - 大文件上传性能（封伟） - 1. 10GB MCAP 文件上传速度 > 10MB/s，支持断点续传2. 上传过程中断网恢复后可继续上传，无需重新选择文件 - 操作步骤 - 4 - 上传到 50% 时，断网 1 分钟后恢复网络/,其他（共同） - 性能测试 - 大文件上传性能（封伟） - 1. 10GB MCAP 文件上传速度 > 10MB/s，支持断点续传2. 上传过程中断网恢复后可继续上传，无需重新选择文件 - 操作步骤 - 4 - 上传到 50% 时，断网 1 分钟后恢复网络 - 上传自动续传，无需重新选择文件，最终文件完整,系统已启动，用户已登录，大文件上传功能正常,"1. 选择10GB的MCAP文件开始上传
2. 在上传到50%时，断网1分钟
3. 恢复网络","1. 上传速度超过10MB/s
2. 上传自动续传，无需重新选择文件
3. 最终文件完整上传成功",1,1,功能测试,功能测试阶段
/其他（共同） - 性能测试 - MCAP 文件解析性能（封伟） - 10GB 大小的 MCAP 文件解析生成视频、帧索引、topic 消息的时间 < 10 分钟 - 操作步骤 - 1 - 上传一个 60GB 大小、包含 2 小时视频、左右臂姿态数据的 MCAP 文件/,其他（共同） - 性能测试 - MCAP 文件解析性能（封伟） - 10GB 大小的 MCAP 文件解析生成视频、帧索引、topic 消息的时间 < 10 分钟 - 操作步骤 - 1 - 上传一个 60GB 大小、包含 2 小时视频、左右臂姿态数据的 MCAP 文件 - 上传成功，系统自动开始解析,系统已启动，用户已登录,1. 上传一个 60GB 大小、包含 2 小时视频、左右臂姿态数据的 MCAP 文件,1. 上传成功，系统自动开始解析,1,1,功能测试,功能测试阶段
/其他（共同） - 性能测试 - MCAP 文件解析性能（封伟） - 10GB 大小的 MCAP 文件解析生成视频、帧索引、topic 消息的时间 < 10 分钟 - 操作步骤 - 2 - 记录解析开始时间，等待解析完成/,其他（共同） - 性能测试 - MCAP 文件解析性能（封伟） - 10GB 大小的 MCAP 文件解析生成视频、帧索引、topic 消息的时间 < 10 分钟 - 操作步骤 - 2 - 记录解析开始时间，等待解析完成 - 总解析时间 < 10 分钟，解析完成后可正常进入标注工作台播放视频,系统已启动，用户已登录，准备10GB大小的MCAP文件,"1. 记录解析开始时间
2. 等待解析完成","1. 总解析时间 < 10 分钟
2. 解析完成后可正常进入标注工作台播放视频",1,4,功能测试,功能测试阶段
/其他（共同） - 性能测试 - 数据转换性能（封伟） - 1 小时长度的标注数据转换为 LeRobot 格式的时间 < 5 分钟 - 操作步骤 - 1 - 选择一个包含 1 小时标注数据、10 段 episode 的已质检任务/,其他（共同） - 性能测试 - 数据转换性能（封伟） - 1 小时长度的标注数据转换为 LeRobot 格式的时间 < 5 分钟 - 操作步骤 - 1 - 选择一个包含 1 小时标注数据、10 段 episode 的已质检任务 - 准备完成,系统已启动，用户已登录,"1.
2.
3.
",,1,3,功能测试,功能测试阶段
/其他（共同） - 性能测试 - 数据转换性能（封伟） - 1 小时长度的标注数据转换为 LeRobot 格式的时间 < 5 分钟 - 操作步骤 - 2 - 发起 LeRobot v3 格式转换，记录开始时间/,其他（共同） - 性能测试 - 数据转换性能（封伟） - 1 小时长度的标注数据转换为 LeRobot 格式的时间 < 5 分钟 - 操作步骤 - 2 - 发起 LeRobot v3 格式转换，记录开始时间 - 转换任务正常启动,系统已启动，用户已登录，存在1小时长度的标注数据,1. 发起 LeRobot v3 格式转换，记录开始时间,1. 转换任务正常启动，记录开始时间,1,4,功能测试,功能测试阶段
/其他（共同） - 性能测试 - 数据转换性能（封伟） - 1 小时长度的标注数据转换为 LeRobot 格式的时间 < 5 分钟 - 操作步骤 - 3 - 等待转换完成，计算总耗时/,其他（共同） - 性能测试 - 数据转换性能（封伟） - 1 小时长度的标注数据转换为 LeRobot 格式的时间 < 5 分钟 - 操作步骤 - 3 - 等待转换完成，计算总耗时 - 转换总时间 < 5 分钟，转换结果完整可用,系统已启动，用户已登录，已准备1小时标注数据,"1. 启动数据转换功能
2. 选择1小时标注数据并开始转换
3. 等待转换完成，计算总耗时","1. 转换功能正常启动
2. 转换过程开始执行
3. 转换总时间<5分钟，转换结果完整可用",1,3,功能测试,功能测试阶段
/其他（共同） - 稳定性与异常处理测试 - 对象存储服务异常（封伟） - MinIO/S3 服务不可用时，上传、下载、转换操作失败并给出明确提示，不导致服务崩溃 - 操作步骤 - 1 - 模拟 MinIO/S3 服务宕机（停止对象存储进程）/,其他（共同） - 稳定性与异常处理测试 - 对象存储服务异常（封伟） - MinIO/S3 服务不可用时，上传、下载、转换操作失败并给出明确提示，不导致服务崩溃 - 操作步骤 - 1 - 模拟 MinIO/S3 服务宕机（停止对象存储进程） - 平台服务不崩溃,系统已启动，用户已登录,1. 模拟 MinIO/S3 服务宕机（停止对象存储进程）,1. 平台服务不崩溃，上传、下载、转换操作失败并给出明确错误提示,1,4,功能测试,功能测试阶段
/其他（共同） - 稳定性与异常处理测试 - 对象存储服务异常（封伟） - MinIO/S3 服务不可用时，上传、下载、转换操作失败并给出明确提示，不导致服务崩溃 - 操作步骤 - 2 - 尝试上传一个 MCAP 文件/,其他（共同） - 稳定性与异常处理测试 - 对象存储服务异常（封伟） - MinIO/S3 服务不可用时，上传、下载、转换操作失败并给出明确提示，不导致服务崩溃 - 操作步骤 - 2 - 尝试上传一个 MCAP 文件 - 上传失败，给出明确提示「文件服务暂时不可用，请稍后重试」,MinIO/S3服务已停止或不可用，系统正常运行,1. 尝试上传一个 MCAP 文件,1. 上传失败，给出明确提示「文件服务暂时不可用，请稍后重试」,1,3,功能测试,功能测试阶段
/其他（共同） - 稳定性与异常处理测试 - 对象存储服务异常（封伟） - MinIO/S3 服务不可用时，上传、下载、转换操作失败并给出明确提示，不导致服务崩溃 - 操作步骤 - 3 - 尝试下载已有的转换结果文件/,其他（共同） - 稳定性与异常处理测试 - 对象存储服务异常（封伟） - MinIO/S3 服务不可用时，上传、下载、转换操作失败并给出明确提示，不导致服务崩溃 - 操作步骤 - 3 - 尝试下载已有的转换结果文件 - 下载失败，给出明确提示，不导致页面崩溃,系统已启动，用户已登录，MinIO/S3服务不可用,"1. 打开文件管理页面
2. 找到已有的转换结果文件
3. 点击下载按钮","1. 页面正常加载
2. 文件列表显示正常
3. 下载失败，提示明确错误信息（如""服务不可用""），页面无崩溃",1,4,功能测试,功能测试阶段
/其他（共同） - 稳定性与异常处理测试 - 对象存储服务异常（封伟） - MinIO/S3 服务不可用时，上传、下载、转换操作失败并给出明确提示，不导致服务崩溃 - 操作步骤 - 4 - 恢复对象存储服务/,其他（共同） - 稳定性与异常处理测试 - 对象存储服务异常（封伟） - MinIO/S3 服务不可用时，上传、下载、转换操作失败并给出明确提示，不导致服务崩溃 - 操作步骤 - 4 - 恢复对象存储服务 - 文件上传、下载功能自动恢复正常,系统已启动，用户已登录，MinIO/S3服务不可用，上传/下载操作已失败并给出明确提示,1. 恢复MinIO/S3服务,1. 文件上传、下载功能自动恢复正常,1,3,功能测试,功能测试阶段
/其他（共同） - 稳定性与异常处理测试 - 转换任务异常（封伟） - 1. 转换过程中服务重启后可识别未完成任务，支持重新执行2. 转换任务失败时保留详细错误原因，不影响同批次其他任务3. 转换任务取消后自动清理临时文件 - 操作步骤 - 1 - 发起一个转换任务，进度到 50% 时 kill 掉后端服务进程（不是优雅关闭），然后重启服务/,"其他（共同） - 稳定性与异常处理测试 - 转换任务异常（封伟） - 1. 转换过程中服务重启后可识别未完成任务，支持重新执行2. 转换任务失败时保留详细错误原因，不影响同批次其他任务3. 转换任务取消后自动清理临时文件 - 操作步骤 - 1 - 发起一个转换任务，进度到 50% 时 kill 掉后端服务进程（不是优雅关闭），然后重启服务 - 服务启动后，日志中出现类似 “Recovering orphan jobs: found 1 pending/running job, marked as failed”；任务列表中该任务状态变为「失败」，错误信息含 “service restarted during conversion”",系统已启动，用户已登录，存在一个转换任务正在运行,"1. 发起转换任务，进度到50%时强制关闭后端服务进程
2. 重启后端服务","1. 日志中出现“Recovering orphan jobs: found 1 pending/running job, marked as failed”
2. 任务列表中该任务状态变为「失败」，错误信息含“service restarted during conversion”",1,2,功能测试,功能测试阶段
/其他（共同） - 稳定性与异常处理测试 - 转换任务异常（封伟） - 1. 转换过程中服务重启后可识别未完成任务，支持重新执行2. 转换任务失败时保留详细错误原因，不影响同批次其他任务3. 转换任务取消后自动清理临时文件 - 操作步骤 - 2 - 点击「重试」按钮重新发起转换/,其他（共同） - 稳定性与异常处理测试 - 转换任务异常（封伟） - 1. 转换过程中服务重启后可识别未完成任务，支持重新执行2. 转换任务失败时保留详细错误原因，不影响同批次其他任务3. 转换任务取消后自动清理临时文件 - 操作步骤 - 2 - 点击「重试」按钮重新发起转换 - 转换任务可继续执行，最终成功完成,系统已启动，用户已登录，存在一个因服务重启而未完成的转换任务,"1. 打开转换任务管理页面
2. 点击「重试」按钮重新发起转换","1. 成功打开页面
2. 转换任务可继续执行，最终成功完成",1,2,功能测试,功能测试阶段
/其他（共同） - 稳定性与异常处理测试 - 转换任务异常（封伟） - 1. 转换过程中服务重启后可识别未完成任务，支持重新执行2. 转换任务失败时保留详细错误原因，不影响同批次其他任务3. 转换任务取消后自动清理临时文件 - 操作步骤 - 3 - 同时发起 3 个转换任务，人为让其中 1 个任务的 MCAP 文件损坏/,其他（共同） - 稳定性与异常处理测试 - 转换任务异常（封伟） - 1. 转换过程中服务重启后可识别未完成任务，支持重新执行2. 转换任务失败时保留详细错误原因，不影响同批次其他任务3. 转换任务取消后自动清理临时文件 - 操作步骤 - 3 - 同时发起 3 个转换任务，人为让其中 1 个任务的 MCAP 文件损坏 - 该任务转换失败，显示详细错误原因，其他 2 个任务正常执行完成，不受影响,系统已启动，用户已登录，转换服务正常运行,"1. 同时发起 3 个转换任务
2. 人为损坏其中一个任务的 MCAP 文件
3. 等待任务执行","1. 3 个任务都开始执行
2. 损坏文件的任务转换失败，显示详细错误原因
3. 其他 2 个任务正常完成，不受影响",1,4,功能测试,功能测试阶段
/其他（共同） - 稳定性与异常处理测试 - 转换任务异常（封伟） - 1. 转换过程中服务重启后可识别未完成任务，支持重新执行2. 转换任务失败时保留详细错误原因，不影响同批次其他任务3. 转换任务取消后自动清理临时文件 - 操作步骤 - 4 - 发起一个转换任务，进度到 30% 时点击「取消」/,其他（共同） - 稳定性与异常处理测试 - 转换任务异常（封伟） - 1. 转换过程中服务重启后可识别未完成任务，支持重新执行2. 转换任务失败时保留详细错误原因，不影响同批次其他任务3. 转换任务取消后自动清理临时文件 - 操作步骤 - 4 - 发起一个转换任务，进度到 30% 时点击「取消」 - 转换立即停止，已生成的临时文件自动清理，不占用存储空间,系统已启动，用户已登录，存在可执行的转换任务,1. 发起一个转换任务，进度到 30% 时点击「取消」,1. 转换立即停止，已生成的临时文件自动清理，不占用存储空间,1,1,功能测试,功能测试阶段
/其他（共同） - 稳定性与异常处理测试 - 网络异常处理（封伟） - 1. 网络中断时操作给出提示，已输入内容不丢失2. 网络抖动时接口自动重试，用户无感知3. 弱网环境下大文件上传支持分片续传 - 操作步骤 - 1 - 进入标注工作台，输入一段标注描述，断网后点击「保存草稿」/,其他（共同） - 稳定性与异常处理测试 - 网络异常处理（封伟） - 1. 网络中断时操作给出提示，已输入内容不丢失2. 网络抖动时接口自动重试，用户无感知3. 弱网环境下大文件上传支持分片续传 - 操作步骤 - 1 - 进入标注工作台，输入一段标注描述，断网后点击「保存草稿」 - 给出「网络连接失败，请检查网络设置」提示，已输入的标注描述不丢失，恢复网络后可正常保存,系统已启动，用户已登录,1. 进入标注工作台，输入一段标注描述，断网后点击「保存草稿」,1. 给出「网络连接失败，请检查网络设置」提示，已输入的标注描述不丢失，恢复网络后可正常保存,1,4,功能测试,功能测试阶段
/其他（共同） - 稳定性与异常处理测试 - 网络异常处理（封伟） - 1. 网络中断时操作给出提示，已输入内容不丢失2. 网络抖动时接口自动重试，用户无感知3. 弱网环境下大文件上传支持分片续传 - 操作步骤 - 2 - 上传一个大文件，过程中模拟网络抖动（丢包率 30%）/,其他（共同） - 稳定性与异常处理测试 - 网络异常处理（封伟） - 1. 网络中断时操作给出提示，已输入内容不丢失2. 网络抖动时接口自动重试，用户无感知3. 弱网环境下大文件上传支持分片续传 - 操作步骤 - 2 - 上传一个大文件，过程中模拟网络抖动（丢包率 30%） - 接口自动重试，用户无感知，最终文件上传成功,系统已启动，用户已登录，大文件上传功能可用,"1. 打开大文件上传页面
2. 选择一个大文件开始上传
3. 在上传过程中模拟网络抖动（丢包率30%）","1. 上传进度正常显示
2. 接口自动重试，上传不中断，用户无感知
3. 最终文件上传成功",1,1,功能测试,功能测试阶段
/其他（共同） - 稳定性与异常处理测试 - 网络异常处理（封伟） - 1. 网络中断时操作给出提示，已输入内容不丢失2. 网络抖动时接口自动重试，用户无感知3. 弱网环境下大文件上传支持分片续传 - 操作步骤 - 3 - 模拟弱网环境（带宽 1Mbps，延迟 500ms），上传一个 1GB 的 MCAP 文件/,其他（共同） - 稳定性与异常处理测试 - 网络异常处理（封伟） - 1. 网络中断时操作给出提示，已输入内容不丢失2. 网络抖动时接口自动重试，用户无感知3. 弱网环境下大文件上传支持分片续传 - 操作步骤 - 3 - 模拟弱网环境（带宽 1Mbps，延迟 500ms），上传一个 1GB 的 MCAP 文件 - 上传支持分片续传，速度自适应调整，最终上传成功，文件完整,系统已启动，用户已登录，网络模拟工具已配置,1. 模拟弱网环境（带宽 1Mbps，延迟 500ms），上传一个 1GB 的 MCAP 文件,1. 上传支持分片续传，速度自适应调整，最终上传成功，文件完整,1,2,功能测试,功能测试阶段
/其他（共同） - 稳定性与异常处理测试 - 数据库连接异常（林禹成） - 数据库连接失败时服务不崩溃，接口返回统一错误提示「服务暂时不可用，请稍后重试」，HTTP 状态码 503 - 操作步骤 - 1 - 模拟数据库服务宕机（停止数据库进程）/,其他（共同） - 稳定性与异常处理测试 - 数据库连接异常（林禹成） - 数据库连接失败时服务不崩溃，接口返回统一错误提示「服务暂时不可用，请稍后重试」，HTTP 状态码 503 - 操作步骤 - 1 - 模拟数据库服务宕机（停止数据库进程） - 平台服务不崩溃，仍可正常访问登录页,系统已启动，用户未登录,1. 模拟数据库服务宕机（停止数据库进程）,1. 平台服务不崩溃，仍可正常访问登录页,1,4,功能测试,功能测试阶段
/其他（共同） - 稳定性与异常处理测试 - 数据库连接异常（林禹成） - 数据库连接失败时服务不崩溃，接口返回统一错误提示「服务暂时不可用，请稍后重试」，HTTP 状态码 503 - 操作步骤 - 2 - 尝试登录系统，或查询任务列表/,其他（共同） - 稳定性与异常处理测试 - 数据库连接异常（林禹成） - 数据库连接失败时服务不崩溃，接口返回统一错误提示「服务暂时不可用，请稍后重试」，HTTP 状态码 503 - 操作步骤 - 2 - 尝试登录系统，或查询任务列表 - 接口返回统一错误提示「服务暂时不可用，请稍后重试」，HTTP 状态码为 503，无数据库敏感信息泄露,数据库服务已停止，系统服务正常运行,"1. 启动系统服务，确保数据库连接失败
2. 尝试登录系统或查询任务列表
3. 检查接口返回的HTTP状态码和响应体","1. 系统服务未崩溃，正常运行
2. 接口返回统一错误提示「服务暂时不可用，请稍后重试」
3. HTTP状态码为503，无数据库敏感信息泄露",1,3,功能测试,功能测试阶段
/其他（共同） - 稳定性与异常处理测试 - 数据库连接异常（林禹成） - 数据库连接失败时服务不崩溃，接口返回统一错误提示「服务暂时不可用，请稍后重试」，HTTP 状态码 503 - 操作步骤 - 3 - 恢复数据库服务/,其他（共同） - 稳定性与异常处理测试 - 数据库连接异常（林禹成） - 数据库连接失败时服务不崩溃，接口返回统一错误提示「服务暂时不可用，请稍后重试」，HTTP 状态码 503 - 操作步骤 - 3 - 恢复数据库服务 - 平台自动恢复正常，无需重启服务，之前未完成的操作可继续执行,数据库连接已失败，接口返回503错误,1. 恢复数据库服务,1. 平台自动恢复正常，无需重启服务，之前未完成的操作可继续执行,1,4,功能测试,功能测试阶段
/其他（共同） - 稳定性与异常处理测试 - 数据库连接异常（林禹成） - 数据库连接失败时服务不崩溃，接口返回统一错误提示「服务暂时不可用，请稍后重试」，HTTP 状态码 503 - 操作步骤 - 4 - 数据库服务恢复后，立即（5秒内） 调用业务接口（如查询任务列表）/,其他（共同） - 稳定性与异常处理测试 - 数据库连接异常（林禹成） - 数据库连接失败时服务不崩溃，接口返回统一错误提示「服务暂时不可用，请稍后重试」，HTTP 状态码 503 - 操作步骤 - 4 - 数据库服务恢复后，立即（5秒内） 调用业务接口（如查询任务列表） - 接口正常返回 200，无大量 Connection reset 或 Broken pipe 错误，证明连接池有 pool_pre_ping 或连接有效性校验机制,系统已启动，用户已登录,"1. 停止数据库服务
2. 调用业务接口
3. 启动数据库服务并在5秒内再次调用业务接口","1. 服务不崩溃
2. 接口返回HTTP 503和统一错误提示「服务暂时不可用，请稍后重试」
3. 接口返回HTTP 200，无大量Connection reset或Broken pipe错误",1,2,功能测试,功能测试阶段
/其他（共同） - 稳定性与异常处理测试 - 前端异常处理 - 1. 接口请求超时给出「请求超时，请稍后重试」提示，不无限 loading2. 视频加载失败时标识具体失败的相机和片段，不导致页面崩溃3. 无权限访问时自动跳转工作台或给出明确提示，不显示空白页 - 操作步骤 - 1 - 模拟网络延迟，将接口超时时间设置为 1 秒，访问任务列表页/,其他（共同） - 稳定性与异常处理测试 - 前端异常处理 - 1. 接口请求超时给出「请求超时，请稍后重试」提示，不无限 loading2. 视频加载失败时标识具体失败的相机和片段，不导致页面崩溃3. 无权限访问时自动跳转工作台或给出明确提示，不显示空白页 - 操作步骤 - 1 - 模拟网络延迟，将接口超时时间设置为 1 秒，访问任务列表页 - 页面给出「请求超时，请稍后重试」提示，不无限 loading,系统已启动，用户已登录,"1. 将接口超时时间设置为1秒
2. 模拟网络延迟
3. 访问任务列表页","1. 接口请求超时
2. 页面给出「请求超时，请稍后重试」提示
3. 页面不无限 loading",1,1,功能测试,功能测试阶段
/其他（共同） - 稳定性与异常处理测试 - 前端异常处理 - 1. 接口请求超时给出「请求超时，请稍后重试」提示，不无限 loading2. 视频加载失败时标识具体失败的相机和片段，不导致页面崩溃3. 无权限访问时自动跳转工作台或给出明确提示，不显示空白页 - 操作步骤 - 2 - 进入标注工作台，故意访问一个不存在的视频文件/,其他（共同） - 稳定性与异常处理测试 - 前端异常处理 - 1. 接口请求超时给出「请求超时，请稍后重试」提示，不无限 loading2. 视频加载失败时标识具体失败的相机和片段，不导致页面崩溃3. 无权限访问时自动跳转工作台或给出明确提示，不显示空白页 - 操作步骤 - 2 - 进入标注工作台，故意访问一个不存在的视频文件 - 视频区域显示「视频加载失败，请刷新重试」，明确标识失败的相机和片段，其他功能正常可用，页面不崩溃,系统已启动，用户已登录并有权限访问标注工作台,"1. 进入标注工作台
2. 故意访问一个不存在的视频文件","1. 成功进入标注工作台页面
2. 视频区域显示「视频加载失败，请刷新重试」，明确标识失败的相机和片段，其他功能正常可用，页面不崩溃",1,2,功能测试,功能测试阶段
/其他（共同） - 稳定性与异常处理测试 - 前端异常处理 - 1. 接口请求超时给出「请求超时，请稍后重试」提示，不无限 loading2. 视频加载失败时标识具体失败的相机和片段，不导致页面崩溃3. 无权限访问时自动跳转工作台或给出明确提示，不显示空白页 - 操作步骤 - 3 - 使用标注工程师账号，直接在浏览器地址栏输入用户管理页面的 URL/,其他（共同） - 稳定性与异常处理测试 - 前端异常处理 - 1. 接口请求超时给出「请求超时，请稍后重试」提示，不无限 loading2. 视频加载失败时标识具体失败的相机和片段，不导致页面崩溃3. 无权限访问时自动跳转工作台或给出明确提示，不显示空白页 - 操作步骤 - 3 - 使用标注工程师账号，直接在浏览器地址栏输入用户管理页面的 URL - 自动跳转回工作台，或给出「您暂无权限访问该页面」提示，不显示空白页,系统已启动，用户已登录（标注工程师账号）,"1. 使用标注工程师账号登录系统
2. 在浏览器地址栏输入用户管理页面的 URL
3. 观察页面行为","1. 成功登录系统
2. 页面自动跳转回工作台，或显示提示「您暂无权限访问该页面」
3. 页面不显示空白页",1,3,功能测试,功能测试阶段
/其他（共同） - 稳定性与异常处理测试 - 前端异常处理 - 1. 接口请求超时给出「请求超时，请稍后重试」提示，不无限 loading2. 视频加载失败时标识具体失败的相机和片段，不导致页面崩溃3. 无权限访问时自动跳转工作台或给出明确提示，不显示空白页 - 操作步骤 - 4 - 在任务创建页面的任务名称输入框中输入特殊字符、超长字符/,其他（共同） - 稳定性与异常处理测试 - 前端异常处理 - 1. 接口请求超时给出「请求超时，请稍后重试」提示，不无限 loading2. 视频加载失败时标识具体失败的相机和片段，不导致页面崩溃3. 无权限访问时自动跳转工作台或给出明确提示，不显示空白页 - 操作步骤 - 4 - 在任务创建页面的任务名称输入框中输入特殊字符、超长字符 - 给出明确的格式校验提示，页面不崩溃，任务不会被错误创建,系统正常运行,"1. 进入功能页面
2. 执行核心操作
3. 验证结果正确性","1. 成功进入页面
2. 操作成功执行
3. 结果符合业务逻辑",1,3,功能测试,功能测试阶段
/其他（共同） - 稳定性与异常处理测试 - 长时间运行稳定性 - 1. 服务连续运行 7 天无内存泄漏、无崩溃、性能无明显下降2. 标注工作台连续打开 24 小时操作依然流畅，无内存泄漏 - 操作步骤 - 1 - 启动平台服务，不重启，连续运行 7 天，期间持续执行正常业务操作（创建任务、上传文件、标注、质检、转换）/,其他（共同） - 稳定性与异常处理测试 - 长时间运行稳定性 - 1. 服务连续运行 7 天无内存泄漏、无崩溃、性能无明显下降2. 标注工作台连续打开 24 小时操作依然流畅，无内存泄漏 - 操作步骤 - 1 - 启动平台服务，不重启，连续运行 7 天，期间持续执行正常业务操作（创建任务、上传文件、标注、质检、转换） - 服务无内存泄漏、无崩溃、响应速度无明显下降，所有业务操作正常,系统已启动，用户已登录,1. 启动平台服务，不重启，连续运行 7 天，期间持续执行正常业务操作（创建任务、上传文件、标注、质检、转换）,1. 服务无内存泄漏、无崩溃、响应速度无明显下降，所有业务操作正常,1,2,功能测试,功能测试阶段
/其他（共同） - 稳定性与异常处理测试 - 长时间运行稳定性 - 1. 服务连续运行 7 天无内存泄漏、无崩溃、性能无明显下降2. 标注工作台连续打开 24 小时操作依然流畅，无内存泄漏 - 操作步骤 - 2 - 打开标注工作台，保持页面打开 24 小时，期间持续进行标注播放、跳转、保存操作/,其他（共同） - 稳定性与异常处理测试 - 长时间运行稳定性 - 1. 服务连续运行 7 天无内存泄漏、无崩溃、性能无明显下降2. 标注工作台连续打开 24 小时操作依然流畅，无内存泄漏 - 操作步骤 - 2 - 打开标注工作台，保持页面打开 24 小时，期间持续进行标注播放、跳转、保存操作 - 页面无内存泄漏，操作依然流畅，无卡顿、无崩溃,系统已启动，用户已登录，标注工作台可正常访问,"1. 打开标注工作台
2. 保持页面打开24小时，期间持续进行标注播放、跳转、保存操作
3. 监控页面内存和响应情况","1. 页面正常打开
2. 24小时内操作流畅，无卡顿、无崩溃
3. 页面无内存泄漏",1,2,功能测试,功能测试阶段
/其他（共同） - 安全性测试 - 认证与授权安全（封伟） - 1. 密码加密存储，数据库中无明文密码2. 所有非公开接口必须校验 Bearer Token，未登录 / Token 失效时拒绝访问3. 不同角色用户只能访问对应权限的模块，低权限用户无法访问高权限功能 - 操作步骤 - 1 - 登录数据库后台，查询 user 表中的 password 字段/,其他（共同） - 安全性测试 - 认证与授权安全（封伟） - 1. 密码加密存储，数据库中无明文密码2. 所有非公开接口必须校验 Bearer Token，未登录 / Token 失效时拒绝访问3. 不同角色用户只能访问对应权限的模块，低权限用户无法访问高权限功能 - 操作步骤 - 1 - 登录数据库后台，查询 user 表中的 password 字段 - 所有密码均为加密后的密文，无明文密码存储,系统已部署，数据库可访问,"1. 登录数据库后台
2. 查询user表中的password字段","1. 成功登录数据库后台
2. 所有密码均为加密后的密文，无明文密码存储",1,4,功能测试,功能测试阶段
/其他（共同） - 安全性测试 - 认证与授权安全（封伟） - 1. 密码加密存储，数据库中无明文密码2. 所有非公开接口必须校验 Bearer Token，未登录 / Token 失效时拒绝访问3. 不同角色用户只能访问对应权限的模块，低权限用户无法访问高权限功能 - 操作步骤 - 2 - 不登录，直接调用任务列表查询接口（不带 Token）/,其他（共同） - 安全性测试 - 认证与授权安全（封伟） - 1. 密码加密存储，数据库中无明文密码2. 所有非公开接口必须校验 Bearer Token，未登录 / Token 失效时拒绝访问3. 不同角色用户只能访问对应权限的模块，低权限用户无法访问高权限功能 - 操作步骤 - 2 - 不登录，直接调用任务列表查询接口（不带 Token） - 接口返回 401 未授权错误，拒绝访问,系统已部署，测试环境网络正常,1. 使用接口测试工具，不携带任何Token，发送GET请求到任务列表查询接口,1. 接口返回HTTP状态码401，错误信息提示未授权或拒绝访问,1,1,功能测试,功能测试阶段
/其他（共同） - 安全性测试 - 认证与授权安全（封伟） - 1. 密码加密存储，数据库中无明文密码2. 所有非公开接口必须校验 Bearer Token，未登录 / Token 失效时拒绝访问3. 不同角色用户只能访问对应权限的模块，低权限用户无法访问高权限功能 - 操作步骤 - 3 - 使用标注工程师账号登录，调用用户管理接口（删除用户接口）/,其他（共同） - 安全性测试 - 认证与授权安全（封伟） - 1. 密码加密存储，数据库中无明文密码2. 所有非公开接口必须校验 Bearer Token，未登录 / Token 失效时拒绝访问3. 不同角色用户只能访问对应权限的模块，低权限用户无法访问高权限功能 - 操作步骤 - 3 - 使用标注工程师账号登录，调用用户管理接口（删除用户接口） - 接口返回 403 无权限错误，操作失败,系统已部署，用户数据库中存在标注工程师账号，用户管理接口需要管理员权限,"1. 使用标注工程师账号登录系统
2. 调用用户管理删除接口","1. 登录成功，获取到Bearer Token
2. 接口返回403错误，操作失败",1,3,功能测试,功能测试阶段
/其他（共同） - 安全性测试 - 认证与授权安全（封伟） - 1. 密码加密存储，数据库中无明文密码2. 所有非公开接口必须校验 Bearer Token，未登录 / Token 失效时拒绝访问3. 不同角色用户只能访问对应权限的模块，低权限用户无法访问高权限功能 - 操作步骤 - 4 - 使用已过期的 Token 调用业务接口/,其他（共同） - 安全性测试 - 认证与授权安全（封伟） - 1. 密码加密存储，数据库中无明文密码2. 所有非公开接口必须校验 Bearer Token，未登录 / Token 失效时拒绝访问3. 不同角色用户只能访问对应权限的模块，低权限用户无法访问高权限功能 - 操作步骤 - 4 - 使用已过期的 Token 调用业务接口 - 接口返回 401 错误，拒绝访问,系统已启动，存在一个已过期的Bearer Token,1. 使用已过期的Token调用任意业务接口,1. 接口返回401错误，拒绝访问,1,2,功能测试,功能测试阶段
/其他（共同） - 安全性测试 - 认证与授权安全（封伟） - 1. 密码加密存储，数据库中无明文密码2. 所有非公开接口必须校验 Bearer Token，未登录 / Token 失效时拒绝访问3. 不同角色用户只能访问对应权限的模块，低权限用户无法访问高权限功能 - 操作步骤 - 5 - 未登录状态下直接访问任务管理页面 URL/,其他（共同） - 安全性测试 - 认证与授权安全（封伟） - 1. 密码加密存储，数据库中无明文密码2. 所有非公开接口必须校验 Bearer Token，未登录 / Token 失效时拒绝访问3. 不同角色用户只能访问对应权限的模块，低权限用户无法访问高权限功能 - 操作步骤 - 5 - 未登录状态下直接访问任务管理页面 URL - 自动跳转回登录页,系统已启动，用户未登录,1. 打开任务管理页面URL,1. 页面自动跳转回登录页,1,3,功能测试,功能测试阶段
/其他（共同） - 安全性测试 - 数据导出安全（封伟） - 1. 只有有权限的用户才能导出数据，导出操作记录日志2. 导出数据不包含密码、Token 等敏感信息 - 操作步骤 - 1 - 使用标注工程师账号，尝试调用数据集导出接口/,其他（共同） - 安全性测试 - 数据导出安全（封伟） - 1. 只有有权限的用户才能导出数据，导出操作记录日志2. 导出数据不包含密码、Token 等敏感信息 - 操作步骤 - 1 - 使用标注工程师账号，尝试调用数据集导出接口 - 接口返回 403 无权限错误，只有算法工程师和管理员可导出数据,系统已启动，用户已登录，标注工程师账号可用,"1. 使用标注工程师账号登录系统
2. 调用数据集导出接口
3. 观察接口返回","1. 成功登录
2. 接口返回403错误
3. 接口返回无权限信息，提示只有算法工程师和管理员可导出数据",1,4,功能测试,功能测试阶段
/其他（共同） - 安全性测试 - 数据导出安全（封伟） - 1. 只有有权限的用户才能导出数据，导出操作记录日志2. 导出数据不包含密码、Token 等敏感信息 - 操作步骤 - 2 - 导出一份数据集，解压查看文件内容/,其他（共同） - 安全性测试 - 数据导出安全（封伟） - 1. 只有有权限的用户才能导出数据，导出操作记录日志2. 导出数据不包含密码、Token 等敏感信息 - 操作步骤 - 2 - 导出一份数据集，解压查看文件内容 - 不包含任何用户密码、Token 等敏感信息,用户有导出权限，系统中存在包含敏感信息的数据集,"1. 登录系统
2. 导出一份数据集
3. 解压并查看文件内容","1. 成功登录系统
2. 成功导出数据集
3. 文件内容不包含任何用户密码、Token等敏感信息",1,3,功能测试,功能测试阶段
/其他（共同） - 安全性测试 - 数据导出安全（封伟） - 1. 只有有权限的用户才能导出数据，导出操作记录日志2. 导出数据不包含密码、Token 等敏感信息 - 操作步骤 - 3 - 查询操作日志/,其他（共同） - 安全性测试 - 数据导出安全（封伟） - 1. 只有有权限的用户才能导出数据，导出操作记录日志2. 导出数据不包含密码、Token 等敏感信息 - 操作步骤 - 3 - 查询操作日志 - 导出操作有完整记录，可追溯导出人、导出时间、导出的数据集信息,系统已启动，用户已登录，存在有权限和无权限的用户账号,"1. 使用有权限的用户执行数据导出操作
2. 检查导出的数据文件内容
3. 查询操作日志记录","1. 导出成功，操作日志记录该用户的导出动作
2. 导出文件中不包含密码、Token 等敏感信息
3. 日志中完整记录导出人、导出时间、导出的数据集信息",1,3,功能测试,功能测试阶段
/其他（共同） - 安全性测试 - 数据导出安全（封伟） - 1. 只有有权限的用户才能导出数据，导出操作记录日志2. 导出数据不包含密码、Token 等敏感信息 - 操作步骤 - 4 - 查看操作日志中该条导出记录的 request_body 或 params 字段/,"其他（共同） - 安全性测试 - 数据导出安全（封伟） - 1. 只有有权限的用户才能导出数据，导出操作记录日志2. 导出数据不包含密码、Token 等敏感信息 - 操作步骤 - 4 - 查看操作日志中该条导出记录的 request_body 或 params 字段 - 日志中不包含用户的密码、Token、API Key 等敏感信息；如有请求体记录，密码字段被脱敏为 ""******""",用户已登录且有导出权限，已执行一次导出操作,"1. 打开操作日志页面
2. 找到对应导出记录
3. 查看 request_body 或 params 字段","1. 成功打开日志页面
2. 找到对应记录
3. 日志中不包含密码、Token等敏感信息，密码字段显示为""******""",1,4,功能测试,功能测试阶段
/其他（共同） - 安全性测试 - 数据导出安全（封伟） - 1. 只有有权限的用户才能导出数据，导出操作记录日志2. 导出数据不包含密码、Token 等敏感信息 - 操作步骤 - 5 - 模拟一次登录失败，查看日志/,其他（共同） - 安全性测试 - 数据导出安全（封伟） - 1. 只有有权限的用户才能导出数据，导出操作记录日志2. 导出数据不包含密码、Token 等敏感信息 - 操作步骤 - 5 - 模拟一次登录失败，查看日志 - 日志记录“登录失败，用户名=xxx”，但不记录用户输入的明文密码,系统已启动，日志功能正常,"1. 打开登录页面，输入错误的用户名和明文密码
2. 点击登录按钮
3. 查看系统日志文件","1. 登录失败
2. 系统提示登录失败
3. 日志中记录“登录失败，用户名=xxx”，且不包含明文密码",1,3,功能测试,功能测试阶段
/其他（共同） - 安全性测试 - 接口安全防护（林禹成） - 1. 所有接口参数进行 SQL 注入检测，防止 SQL 注入攻击2. 前端展示内容进行 XSS 过滤，防止跨站脚本攻击3. 关键操作接口支持幂等性，重复提交不产生重复数据 - 操作步骤 - 1 - 在多个参数位置分别注入以下 payload - ① ' OR 1=1/,其他（共同） - 安全性测试 - 接口安全防护（林禹成） - 1. 所有接口参数进行 SQL 注入检测，防止 SQL 注入攻击2. 前端展示内容进行 XSS 过滤，防止跨站脚本攻击3. 关键操作接口支持幂等性，重复提交不产生重复数据 - 操作步骤 - 1 - 在多个参数位置分别注入以下 payload - ① ' OR 1=1 - ①返回空或参数错误,系统已启动，用户已登录,1. 在多个参数位置分别注入 payload ' OR 1=1,1. 系统返回空或参数错误,1,3,功能测试,功能测试阶段
/其他（共同） - 安全性测试 - 接口安全防护（林禹成） - 1. 所有接口参数进行 SQL 注入检测，防止 SQL 注入攻击2. 前端展示内容进行 XSS 过滤，防止跨站脚本攻击3. 关键操作接口支持幂等性，重复提交不产生重复数据 - 操作步骤 - 1 - 在多个参数位置分别注入以下 payload - ② '; DROP TABLE users;/,其他（共同） - 安全性测试 - 接口安全防护（林禹成） - 1. 所有接口参数进行 SQL 注入检测，防止 SQL 注入攻击2. 前端展示内容进行 XSS 过滤，防止跨站脚本攻击3. 关键操作接口支持幂等性，重复提交不产生重复数据 - 操作步骤 - 1 - 在多个参数位置分别注入以下 payload - ② '; DROP TABLE users; - ②未删除任何表,系统已启动，用户已登录,"1. 在多个参数位置注入payload: '; DROP TABLE users;
2. 发送请求
3. 检查数据库状态","1. 请求被拦截或返回错误
2. 数据库未受影响
3. 未删除任何表",1,3,功能测试,功能测试阶段
"/其他（共同） - 安全性测试 - 接口安全防护（林禹成） - 1. 所有接口参数进行 SQL 注入检测，防止 SQL 注入攻击2. 前端展示内容进行 XSS 过滤，防止跨站脚本攻击3. 关键操作接口支持幂等性，重复提交不产生重复数据 - 操作步骤 - 1 - 在多个参数位置分别注入以下 payload - ③ ' UNION SELECT username,password FROM users/","其他（共同） - 安全性测试 - 接口安全防护（林禹成） - 1. 所有接口参数进行 SQL 注入检测，防止 SQL 注入攻击2. 前端展示内容进行 XSS 过滤，防止跨站脚本攻击3. 关键操作接口支持幂等性，重复提交不产生重复数据 - 操作步骤 - 1 - 在多个参数位置分别注入以下 payload - ③ ' UNION SELECT username,password FROM users - ③返回数据不包含用户表内容",系统已启动，用户已登录,"1. 打开待测功能页面
2. 在多个参数位置注入SQL注入payload: ' UNION SELECT username,password FROM users
3. 提交请求","1. 成功打开页面
2. 请求成功发送
3. 返回数据不包含用户表内容，系统未报错",1,2,功能测试,功能测试阶段
/其他（共同） - 安全性测试 - 接口安全防护（林禹成） - 1. 所有接口参数进行 SQL 注入检测，防止 SQL 注入攻击2. 前端展示内容进行 XSS 过滤，防止跨站脚本攻击3. 关键操作接口支持幂等性，重复提交不产生重复数据 - 操作步骤 - 1 - 在多个参数位置分别注入以下 payload - ④ 1; WAITFOR DELAY '0:0:5' - （时间盲注）/,其他（共同） - 安全性测试 - 接口安全防护（林禹成） - 1. 所有接口参数进行 SQL 注入检测，防止 SQL 注入攻击2. 前端展示内容进行 XSS 过滤，防止跨站脚本攻击3. 关键操作接口支持幂等性，重复提交不产生重复数据 - 操作步骤 - 1 - 在多个参数位置分别注入以下 payload - ④ 1; WAITFOR DELAY '0:0:5' - （时间盲注） - ④接口在正常时间内返回（无明显延迟），证明无时间盲注,系统已启动，用户已登录,"1. 在多个参数位置分别注入时间盲注payload '1; WAITFOR DELAY ''0:0:5'''
2. 发送请求
3. 检查响应时间","1. 接口在正常时间内返回
2. 无明显延迟
3. 证明无时间盲注",1,4,功能测试,功能测试阶段
/其他（共同） - 安全性测试 - 接口安全防护（林禹成） - 1. 所有接口参数进行 SQL 注入检测，防止 SQL 注入攻击2. 前端展示内容进行 XSS 过滤，防止跨站脚本攻击3. 关键操作接口支持幂等性，重复提交不产生重复数据 - 操作步骤 - 2 - 在任务描述中输入 XSS 攻击代码：<script>alert('xss')</script>，保存任务后查看任务详情/,其他（共同） - 安全性测试 - 接口安全防护（林禹成） - 1. 所有接口参数进行 SQL 注入检测，防止 SQL 注入攻击2. 前端展示内容进行 XSS 过滤，防止跨站脚本攻击3. 关键操作接口支持幂等性，重复提交不产生重复数据 - 操作步骤 - 2 - 在任务描述中输入 XSS 攻击代码：<script>alert('xss')</script>，保存任务后查看任务详情 - 代码被自动转义，不会执行弹窗，页面正常显示输入的内容,系统已启动，用户已登录,"1. 进入任务创建页面
2. 在任务描述中输入XSS攻击代码：<script>alert('xss')</script>
3. 保存任务并查看任务详情","1. 成功进入任务创建页面
2. 输入框正常接受输入
3. 任务详情中代码被转义，不执行弹窗，显示原始文本",1,4,功能测试,功能测试阶段
/其他（共同） - 安全性测试 - 接口安全防护（林禹成） - 1. 所有接口参数进行 SQL 注入检测，防止 SQL 注入攻击2. 前端展示内容进行 XSS 过滤，防止跨站脚本攻击3. 关键操作接口支持幂等性，重复提交不产生重复数据 - 操作步骤 - 3 - 连续多次点击「创建任务」按钮（重复提交）/,其他（共同） - 安全性测试 - 接口安全防护（林禹成） - 1. 所有接口参数进行 SQL 注入检测，防止 SQL 注入攻击2. 前端展示内容进行 XSS 过滤，防止跨站脚本攻击3. 关键操作接口支持幂等性，重复提交不产生重复数据 - 操作步骤 - 3 - 连续多次点击「创建任务」按钮（重复提交） - 只会创建一个任务，无重复数据，接口支持幂等性,系统已启动，用户已登录,"1. 打开创建任务页面
2. 连续多次点击「创建任务」按钮
3. 查看任务列表","1. 页面正常打开
2. 每次点击均提示成功，但实际只创建一个任务
3. 任务列表中仅显示一个任务，无重复数据",1,4,功能测试,功能测试阶段
/其他（共同） - 安全性测试 - 视频流接口安全（林禹成） - 视频流接口访问控制参数和资源权限，避免未授权用户通过构造路径访问任意视频文件 - 操作步骤 - 1 - 使用标注工程师账号登录，获取一个有权限访问的视频流 URL/,其他（共同） - 安全性测试 - 视频流接口安全（林禹成） - 视频流接口访问控制参数和资源权限，避免未授权用户通过构造路径访问任意视频文件 - 操作步骤 - 1 - 使用标注工程师账号登录，获取一个有权限访问的视频流 URL - 可正常播放视频,系统已启动，标注工程师账号可用,1. 使用标注工程师账号登录，获取一个有权限访问的视频流URL，并播放视频,1. 视频能够正常播放，无权限错误提示,1,4,功能测试,功能测试阶段
/其他（共同） - 安全性测试 - 视频流接口安全（林禹成） - 视频流接口访问控制参数和资源权限，避免未授权用户通过构造路径访问任意视频文件 - 操作步骤 - 2 - 修改 URL 中的任务 ID 参数为一个不属于该用户的任务 ID/,其他（共同） - 安全性测试 - 视频流接口安全（林禹成） - 视频流接口访问控制参数和资源权限，避免未授权用户通过构造路径访问任意视频文件 - 操作步骤 - 2 - 修改 URL 中的任务 ID 参数为一个不属于该用户的任务 ID - 接口返回 403 无权限错误，无法播放视频，避免未授权访问,系统已启动，用户已登录,1. 修改视频流接口URL中的任务ID参数为一个不属于该用户的任务ID，并发送请求,1. 接口返回403无权限错误，无法播放视频,1,1,功能测试,功能测试阶段
/其他（共同） - 安全性测试 - 视频流接口安全（林禹成） - 视频流接口访问控制参数和资源权限，避免未授权用户通过构造路径访问任意视频文件 - 操作步骤 - 3 - 未登录状态下直接访问视频流 URL/,其他（共同） - 安全性测试 - 视频流接口安全（林禹成） - 视频流接口访问控制参数和资源权限，避免未授权用户通过构造路径访问任意视频文件 - 操作步骤 - 3 - 未登录状态下直接访问视频流 URL - 接口返回 401 未授权错误，无法播放,用户未登录,"1. 打开浏览器
2. 输入视频流URL
3. 访问该URL","1. 浏览器打开
2. URL输入正确
3. 接口返回401未授权错误，无法播放",1,2,功能测试,功能测试阶段
